0 19200 0 0 0
0 0 0 0 10000
0 0 0 0 10000
0 0 0 0 10000
0 0 0 0 10000
0 0 0 0 10000
0 0 0 0 10000
0 0 0 0 10000
0 0 0 0 10000
0 0 0 0 10000
0 0 0 0 10000
0 0 0 0 10000
0 0 0 0 10000
0 0 0 0 10000
0 0 0 0 10000
0 0 0 0 10000
0 0 0 0 10000
0 0 0 0 10000
0 0 0 0 10000
0 0 0 0 10000
0 0 0 0 10000
0 0 0 0 10000
0 0 0 0 10000
0 0 0 0 10000
0 0 0 0 10000
0 0 0 0 10000
0 0 0 0 10000
0 0 0 0 10000
0 0 0 0 10000
0 0 0 0 10000
0 0 0 0 10000
0 0 0 0 10000
0 0 0 0 10000
0 0 0 0 10000
0 0 0 0 10000
0 0 0 0 10000
0 0 0 0 10000
0 0 0 0 10000
0 0 0 0 10000
0 0 0 0 10000
0 0 0 0 10000
0 0 0 0 10000
0 0 0 0 10000
0 0 0 0 10000
0 0 0 0 10000
0 0 0 0 10000
0 0 0 0 10000
0 0 0 0 10000
0 0 0 0 10000
0 0 0 0 10000
0 0 0 0 10000
0 0 0 0 10000
0 0 0 0 10000
0 0 0 0 10000
0 0 0 0 10000
0 0 0 0 10000
0 0 0 0 10000
0 0 0 0 10000
0 0 0 0 10000
0 0 0 0 10000
0 0 0 0 10000
0 0 0 0 10000
0 0 0 0 10000
0 0 0 0 10000
0 0 0 0 10000
0 0 0 0 10000
0 0 0 0 10000
0 0 0 0 10000
0 0 0 0 10000
0 0 0 0 10000
0 0 0 0 10000
0 0 0 0 10000
0 0 0 0 10000
0 0 0 0 10000
0 0 0 0 10000
0 0 0 0 10000
0 0 0 0 10000
0 0 0 0 10000
0 0 0 0 10000
0 0 0 0 10000
0 0 0 0 10000
0 0 0 0 10000
0 0 0 0 10000
0 0 0 0 10000
0 0 0 0 10000
0 0 0 0 10000
0 0 0 0 10000
0 0 0 0 10000
0 0 0 0 10000
0 0 0 0 10000
0 0 0 0 10000
0 0 0 0 10000
0 0 0 0 10000
0 0 0 0 10000
0 0 0 0 10000
0 0 0 0 10000
0 0 0 0 10000
0 0 0 0 10000
0 0 0 0 10000
0 0 0 0 10000
0 0 0 0 10000
0 1 0 0 10000
0 2 0 0 10000
0 3 0 0 10000
0 4 0 0 10000
0 5 0 0 10000
0 6 0 0 10000
0 7 0 0 10000
0 8 0 0 10000
0 9 0 0 10000
0 10 0 0 10000
0 11 0 0 10000
0 12 0 0 10000
0 13 0 0 10000
0 14 0 0 10000
0 15 0 0 10000
0 16 0 0 10000
0 17 0 0 10000
0 18 0 0 10000
0 19 0 0 10000
0 20 0 0 10000
0 21 0 0 10000
0 22 0 0 10000
0 23 0 0 10000
0 24 0 0 10000
0 25 0 0 10000
0 26 0 0 10000
0 27 0 0 10000
0 28 0 0 10000
0 29 0 0 10000
0 30 0 0 10000
0 31 0 0 10000
0 32 0 0 10000
0 33 0 0 10000
0 34 0 0 10000
0 35 0 0 10000
0 36 0 0 10000
0 37 0 0 10000
0 38 0 0 10000
0 39 0 0 10000
0 40 0 0 10000
0 41 0 0 10000
0 42 0 0 10000
0 43 0 0 10000
0 44 0 0 10000
0 45 0 0 10000
0 46 0 0 10000
0 47 0 0 10000
0 48 0 0 10000
0 49 0 0 10000
0 50 0 0 10000
0 51 0 0 10000
0 52 0 0 10000
0 53 0 0 10000
0 54 0 0 10000
0 55 0 0 10000
0 56 0 0 10000
0 57 0 0 10000
0 58 0 0 10000
0 59 0 0 10000
0 60 0 0 10000
0 61 0 0 10000
0 62 0 0 10000
0 63 0 0 10000
0 64 0 0 10000
0 65 0 0 10000
0 66 0 0 10000
0 67 0 0 10000
0 68 0 0 10000
0 69 0 0 10000
0 70 0 0 10000
0 71 0 0 10000
0 72 0 0 10000
0 73 0 0 10000
0 74 0 0 10000
0 75 0 0 10000
0 76 0 0 10000
0 77 0 0 10000
0 78 0 0 10000
0 79 0 0 10000
0 80 0 0 10000
0 81 0 0 10000
0 82 0 0 10000
0 83 0 0 10000
0 84 0 0 10000
0 85 0 0 10000
0 86 0 0 10000
0 87 0 0 10000
0 88 0 0 10000
0 89 0 0 10000
0 90 0 0 10000
0 91 0 0 10000
0 92 0 0 10000
0 93 0 0 10000
0 94 0 0 10000
0 95 0 0 10000
0 96 0 0 10000
0 97 0 0 10000
0 98 0 0 10000
0 99 0 0 10000
0 100 0 0 10000
0 1 0 0 10000
0 2 0 0 10000
0 3 0 0 10000
0 4 0 0 10000
0 5 0 0 10000
0 6 0 0 10000
0 7 0 0 10000
0 8 0 0 10000
0 9 0 0 10000
0 10 0 0 10000
0 11 0 0 10000
0 12 0 0 10000
0 13 0 0 10000
0 14 0 0 10000
0 15 0 0 10000
0 16 0 0 10000
0 17 0 0 10000
0 18 0 0 10000
0 19 0 0 10000
0 20 0 0 10000
0 21 0 0 10000
0 22 0 0 10000
0 23 0 0 10000
0 24 0 0 10000
0 25 0 0 10000
0 26 0 0 10000
0 27 0 0 10000
0 28 0 0 10000
0 29 0 0 10000
0 30 0 0 10000
0 31 0 0 10000
0 32 0 0 10000
0 33 0 0 10000
0 34 0 0 10000
0 35 0 0 10000
0 36 0 0 10000
0 37 0 0 10000
0 38 0 0 10000
0 39 0 0 10000
0 40 0 0 10000
0 41 0 0 10000
0 42 0 0 10000
0 43 0 0 10000
0 44 0 0 10000
0 45 0 0 10000
0 46 0 0 10000
0 47 0 0 10000
0 48 0 0 10000
0 49 0 0 10000
0 50 0 0 10000
0 51 0 0 10000
0 52 0 0 10000
0 53 0 0 10000
0 54 0 0 10000
0 55 0 0 10000
0 56 0 0 10000
0 57 0 0 10000
0 58 0 0 10000
0 59 0 0 10000
0 60 0 0 10000
0 61 0 0 10000
0 62 0 0 10000
0 63 0 0 10000
0 64 0 0 10000
0 65 0 0 10000
0 66 0 0 10000
0 67 0 0 10000
0 68 0 0 10000
0 69 0 0 10000
0 70 0 0 10000
0 71 0 0 10000
0 72 0 0 10000
0 73 0 0 10000
0 74 0 0 10000
0 75 0 0 10000
0 76 0 0 10000
0 77 0 0 10000
0 78 0 0 10000
0 79 0 0 10000
0 80 0 0 10000
0 81 0 0 10000
0 82 0 0 10000
0 83 0 0 10000
0 84 0 0 10000
0 85 0 0 10000
0 86 0 0 10000
0 87 0 0 10000
0 88 0 0 10000
0 89 0 0 10000
0 90 0 0 10000
0 91 0 0 10000
0 92 0 0 10000
0 93 0 0 10000
0 94 0 0 10000
0 95 0 0 10000
0 96 0 0 10000
0 97 0 0 10000
0 98 0 0 10000
0 99 0 0 10000
0 100 0 0 10000
0 1 0 0 10000
0 2 0 0 10000
0 3 0 0 10000
0 4 0 0 10000
0 5 0 0 10000
0 6 0 0 10000
0 7 0 0 10000
0 8 0 0 10000
0 9 0 0 10000
0 10 0 0 10000
0 11 0 0 10000
0 12 0 0 10000
0 13 0 0 10000
0 14 0 0 10000
0 15 0 0 10000
0 16 0 0 10000
0 17 0 0 10000
0 18 0 0 10000
0 19 0 0 10000
0 20 0 0 10000
0 21 0 0 10000
0 22 0 0 10000
0 23 0 0 10000
0 24 0 0 10000
0 25 0 0 10000
0 26 0 0 10000
0 27 0 0 10000
0 28 0 0 10000
0 29 0 0 10000
0 30 0 0 10000
0 31 0 0 10000
0 32 0 0 10000
0 33 0 0 10000
0 34 0 0 10000
0 35 0 0 10000
0 36 0 0 10000
0 37 0 0 10000
0 38 0 0 10000
0 39 0 0 10000
0 40 0 0 10000
0 41 0 0 10000
0 42 0 0 10000
0 43 0 0 10000
0 44 0 0 10000
0 45 0 0 10000
0 46 0 0 10000
0 47 0 0 10000
0 48 0 0 10000
0 49 0 0 10000
0 50 0 0 10000
0 51 0 0 10000
0 52 0 0 10000
0 53 0 0 10000
0 54 0 0 10000
0 55 0 0 10000
0 56 0 0 10000
0 57 0 0 10000
0 58 0 0 10000
0 59 0 0 10000
0 60 0 0 10000
0 61 0 0 10000
0 62 0 0 10000
0 63 0 0 10000
0 64 0 0 10000
0 65 0 0 10000
0 66 0 0 10000
0 67 0 0 10000
0 68 0 0 10000
0 69 0 0 10000
0 70 0 0 10000
0 71 0 0 10000
0 72 0 0 10000
0 73 0 0 10000
0 74 0 0 10000
0 75 0 0 10000
0 76 0 0 10000
0 77 0 0 10000
0 78 0 0 10000
0 79 0 0 10000
0 80 0 0 10000
0 81 0 0 10000
0 82 0 0 10000
0 83 0 0 10000
0 84 0 0 10000
0 85 0 0 10000
0 86 0 0 10000
0 87 0 0 10000
0 88 0 0 10000
0 89 0 0 10000
0 90 0 0 10000
0 91 0 0 10000
0 92 0 0 10000
0 93 0 0 10000
0 94 0 0 10000
0 95 0 0 10000
0 96 0 0 10000
0 97 0 0 10000
0 98 0 0 10000
0 99 0 0 10000
0 100 0 0 10000
0 1 0 0 10000
0 2 0 0 10000
0 3 0 0 10000
0 4 0 0 10000
0 5 0 0 10000
0 6 0 0 10000
0 7 0 0 10000
0 8 0 0 10000
0 9 0 0 10000
0 10 0 0 10000
0 11 0 0 10000
0 12 0 0 10000
0 13 0 0 10000
0 14 0 0 10000
0 15 0 0 10000
0 16 0 0 10000
0 17 0 0 10000
0 18 0 0 10000
0 19 0 0 10000
0 20 0 0 10000
0 21 0 0 10000
0 22 0 0 10000
0 23 0 0 10000
0 24 0 0 10000
0 25 0 0 10000
0 26 0 0 10000
0 27 0 0 10000
0 28 0 0 10000
0 29 0 0 10000
0 30 0 0 10000
0 31 0 0 10000
0 32 0 0 10000
0 33 0 0 10000
0 34 0 0 10000
0 35 0 0 10000
0 36 0 0 10000
0 37 0 0 10000
0 38 0 0 10000
0 39 0 0 10000
0 40 0 0 10000
0 41 0 0 10000
0 42 0 0 10000
0 43 0 0 10000
0 44 0 0 10000
0 45 0 0 10000
0 46 0 0 10000
0 47 0 0 10000
0 48 0 0 10000
0 49 0 0 10000
0 50 0 0 10000
0 51 0 0 10000
0 52 0 0 10000
0 53 0 0 10000
0 54 0 0 10000
0 55 0 0 10000
0 56 0 0 10000
0 57 0 0 10000
0 58 0 0 10000
0 59 0 0 10000
0 60 0 0 10000
0 61 0 0 10000
0 62 0 0 10000
0 63 0 0 10000
0 64 0 0 10000
0 65 0 0 10000
0 66 0 0 10000
0 67 0 0 10000
0 68 0 0 10000
0 69 0 0 10000
0 70 0 0 10000
0 71 0 0 10000
0 72 0 0 10000
0 73 0 0 10000
0 74 0 0 10000
0 75 0 0 10000
0 76 0 0 10000
0 77 0 0 10000
0 78 0 0 10000
0 79 0 0 10000
0 80 0 0 10000
0 81 0 0 10000
0 82 0 0 10000
0 83 0 0 10000
0 84 0 0 10000
0 85 0 0 10000
0 86 0 0 10000
0 87 0 0 10000
0 88 0 0 10000
0 89 0 0 10000
0 90 0 0 10000
0 91 0 0 10000
0 92 0 0 10000
0 93 0 0 10000
0 94 0 0 10000
0 95 0 0 10000
0 96 0 0 10000
0 97 0 0 10000
0 98 0 0 10000
0 99 0 0 10000
0 100 0 0 10000
0 1 0 0 10000
0 2 0 0 10000
0 3 0 0 10000
0 4 0 0 10000
0 5 0 0 10000
0 6 0 0 10000
0 7 0 0 10000
0 8 0 0 10000
0 9 0 0 10000
0 10 0 0 10000
0 11 0 0 10000
0 12 0 0 10000
0 13 0 0 10000
0 14 0 0 10000
0 15 0 0 10000
0 16 0 0 10000
0 17 0 0 10000
0 18 0 0 10000
0 19 0 0 10000
0 20 0 0 10000
0 21 0 0 10000
0 22 0 0 10000
0 23 0 0 10000
0 24 0 0 10000
0 25 0 0 10000
0 26 0 0 10000
0 27 0 0 10000
0 28 0 0 10000
0 29 0 0 10000
0 30 0 0 10000
0 31 0 0 10000
0 32 0 0 10000
0 33 0 0 10000
0 34 0 0 10000
0 35 0 0 10000
0 36 0 0 10000
0 37 0 0 10000
0 38 0 0 10000
0 39 0 0 10000
0 40 0 0 10000
0 41 0 0 10000
0 42 0 0 10000
0 43 0 0 10000
0 44 0 0 10000
0 45 0 0 10000
0 46 0 0 10000
0 47 0 0 10000
0 48 0 0 10000
0 49 0 0 10000
0 50 0 0 10000
0 51 0 0 10000
0 52 0 0 10000
0 53 0 0 10000
0 54 0 0 10000
0 55 0 0 10000
0 56 0 0 10000
0 57 0 0 10000
0 58 0 0 10000
0 59 0 0 10000
0 60 0 0 10000
0 61 0 0 10000
0 62 0 0 10000
0 63 0 0 10000
0 64 0 0 10000
0 65 0 0 10000
0 66 0 0 10000
0 67 0 0 10000
0 68 0 0 10000
0 69 0 0 10000
0 70 0 0 10000
0 71 0 0 10000
0 72 0 0 10000
0 73 0 0 10000
0 74 0 0 10000
0 75 0 0 10000
0 76 0 0 10000
0 77 0 0 10000
0 78 0 0 10000
0 79 0 0 10000
0 80 0 0 10000
0 81 0 0 10000
0 82 0 0 10000
0 83 0 0 10000
0 84 0 0 10000
0 85 0 0 10000
0 86 0 0 10000
0 87 0 0 10000
0 88 0 0 10000
0 89 0 0 10000
0 90 0 0 10000
0 91 0 0 10000
0 92 0 0 10000
0 93 0 0 10000
0 94 0 0 10000
0 95 0 0 10000
0 96 0 0 10000
0 97 0 0 10000
0 98 0 0 10000
0 99 0 0 10000
0 100 0 0 10000
0 0 0 0 20000
0 0 0 0 20000
0 0 0 0 20000
0 0 0 0 20000
0 0 0 0 20000
0 0 0 0 20000
0 0 0 0 20000
0 0 0 0 20000
0 0 0 0 20000
0 0 0 0 20000
0 0 0 0 20000
0 0 0 0 20000
0 0 0 0 20000
0 0 0 0 20000
0 0 0 0 20000
0 0 0 0 20000
0 0 0 0 20000
0 0 0 0 20000
0 0 0 0 20000
0 0 0 0 20000
0 0 0 0 20000
0 0 0 0 20000
0 0 0 0 20000
0 0 0 0 20000
0 0 0 0 20000
0 0 0 0 20000
0 0 0 0 20000
0 0 0 0 20000
0 0 0 0 20000
0 0 0 0 20000
0 0 0 0 20000
0 0 0 0 20000
0 0 0 0 20000
0 0 0 0 20000
0 0 0 0 20000
0 0 0 0 20000
0 0 0 0 20000
0 0 0 0 20000
0 0 0 0 20000
0 0 0 0 20000
0 0 0 0 20000
0 0 0 0 20000
0 0 0 0 20000
0 0 0 0 20000
0 0 0 0 20000
0 0 0 0 20000
0 0 0 0 20000
0 0 0 0 20000
0 0 0 0 20000
0 0 0 0 20000
0 0 0 0 20000
0 0 0 0 20000
0 0 0 0 20000
0 0 0 0 20000
0 0 0 0 20000
0 0 0 0 20000
0 0 0 0 20000
0 0 0 0 20000
0 0 0 0 20000
0 0 0 0 20000
0 0 0 0 20000
0 0 0 0 20000
0 0 0 0 20000
0 0 0 0 20000
0 0 0 0 20000
0 0 0 0 20000
0 0 0 0 20000
0 0 0 0 20000
0 0 0 0 20000
0 0 0 0 20000
0 0 0 0 20000
0 0 0 0 20000
0 0 0 0 20000
0 0 0 0 20000
0 0 0 0 20000
0 0 0 0 20000
0 0 0 0 20000
0 0 0 0 20000
0 0 0 0 20000
0 0 0 0 20000
0 0 0 0 20000
0 0 0 0 20000
0 0 0 0 20000
0 0 0 0 20000
0 0 0 0 20000
0 0 0 0 20000
0 0 0 0 20000
0 0 0 0 20000
0 0 0 0 20000
0 0 0 0 20000
0 0 0 0 20000
0 0 0 0 20000
0 0 0 0 20000
0 0 0 0 20000
0 0 0 0 20000
0 0 0 0 20000
0 0 0 0 20000
0 0 0 0 20000
0 0 0 0 20000
0 0 0 0 20000
0 101 0 0 20000
0 102 0 0 20000
0 103 0 0 20000
0 104 0 0 20000
0 105 0 0 20000
0 106 0 0 20000
0 107 0 0 20000
0 108 0 0 20000
0 109 0 0 20000
0 110 0 0 20000
0 111 0 0 20000
0 112 0 0 20000
0 113 0 0 20000
0 114 0 0 20000
0 115 0 0 20000
0 116 0 0 20000
0 117 0 0 20000
0 118 0 0 20000
0 119 0 0 20000
0 120 0 0 20000
0 121 0 0 20000
0 122 0 0 20000
0 123 0 0 20000
0 124 0 0 20000
0 125 0 0 20000
0 126 0 0 20000
0 127 0 0 20000
0 128 0 0 20000
0 129 0 0 20000
0 130 0 0 20000
0 131 0 0 20000
0 132 0 0 20000
0 133 0 0 20000
0 134 0 0 20000
0 135 0 0 20000
0 136 0 0 20000
0 137 0 0 20000
0 138 0 0 20000
0 139 0 0 20000
0 140 0 0 20000
0 141 0 0 20000
0 142 0 0 20000
0 143 0 0 20000
0 144 0 0 20000
0 145 0 0 20000
0 146 0 0 20000
0 147 0 0 20000
0 148 0 0 20000
0 149 0 0 20000
0 150 0 0 20000
0 151 0 0 20000
0 152 0 0 20000
0 153 0 0 20000
0 154 0 0 20000
0 155 0 0 20000
0 156 0 0 20000
0 157 0 0 20000
0 158 0 0 20000
0 159 0 0 20000
0 160 0 0 20000
0 161 0 0 20000
0 162 0 0 20000
0 163 0 0 20000
0 164 0 0 20000
0 165 0 0 20000
0 166 0 0 20000
0 167 0 0 20000
0 168 0 0 20000
0 169 0 0 20000
0 170 0 0 20000
0 171 0 0 20000
0 172 0 0 20000
0 173 0 0 20000
0 174 0 0 20000
0 175 0 0 20000
0 176 0 0 20000
0 177 0 0 20000
0 178 0 0 20000
0 179 0 0 20000
0 180 0 0 20000
0 181 0 0 20000
0 182 0 0 20000
0 183 0 0 20000
0 184 0 0 20000
0 185 0 0 20000
0 186 0 0 20000
0 187 0 0 20000
0 188 0 0 20000
0 189 0 0 20000
0 190 0 0 20000
0 191 0 0 20000
0 192 0 0 20000
0 193 0 0 20000
0 194 0 0 20000
0 195 0 0 20000
0 196 0 0 20000
0 197 0 0 20000
0 198 0 0 20000
0 199 0 0 20000
0 200 0 0 20000
0 101 0 0 20000
0 102 0 0 20000
0 103 0 0 20000
0 104 0 0 20000
0 105 0 0 20000
0 106 0 0 20000
0 107 0 0 20000
0 108 0 0 20000
0 109 0 0 20000
0 110 0 0 20000
0 111 0 0 20000
0 112 0 0 20000
0 113 0 0 20000
0 114 0 0 20000
0 115 0 0 20000
0 116 0 0 20000
0 117 0 0 20000
0 118 0 0 20000
0 119 0 0 20000
0 120 0 0 20000
0 121 0 0 20000
0 122 0 0 20000
0 123 0 0 20000
0 124 0 0 20000
0 125 0 0 20000
0 126 0 0 20000
0 127 0 0 20000
0 128 0 0 20000
0 129 0 0 20000
0 130 0 0 20000
0 131 0 0 20000
0 132 0 0 20000
0 133 0 0 20000
0 134 0 0 20000
0 135 0 0 20000
0 136 0 0 20000
0 137 0 0 20000
0 138 0 0 20000
0 139 0 0 20000
0 140 0 0 20000
0 141 0 0 20000
0 142 0 0 20000
0 143 0 0 20000
0 144 0 0 20000
0 145 0 0 20000
0 146 0 0 20000
0 147 0 0 20000
0 148 0 0 20000
0 149 0 0 20000
0 150 0 0 20000
0 151 0 0 20000
0 152 0 0 20000
0 153 0 0 20000
0 154 0 0 20000
0 155 0 0 20000
0 156 0 0 20000
0 157 0 0 20000
0 158 0 0 20000
0 159 0 0 20000
0 160 0 0 20000
0 161 0 0 20000
0 162 0 0 20000
0 163 0 0 20000
0 164 0 0 20000
0 165 0 0 20000
0 166 0 0 20000
0 167 0 0 20000
0 168 0 0 20000
0 169 0 0 20000
0 170 0 0 20000
0 171 0 0 20000
0 172 0 0 20000
0 173 0 0 20000
0 174 0 0 20000
0 175 0 0 20000
0 176 0 0 20000
0 177 0 0 20000
0 178 0 0 20000
0 179 0 0 20000
0 180 0 0 20000
0 181 0 0 20000
0 182 0 0 20000
0 183 0 0 20000
0 184 0 0 20000
0 185 0 0 20000
0 186 0 0 20000
0 187 0 0 20000
0 188 0 0 20000
0 189 0 0 20000
0 190 0 0 20000
0 191 0 0 20000
0 192 0 0 20000
0 193 0 0 20000
0 194 0 0 20000
0 195 0 0 20000
0 196 0 0 20000
0 197 0 0 20000
0 198 0 0 20000
0 199 0 0 20000
0 200 0 0 20000
0 101 0 0 20000
0 102 0 0 20000
0 103 0 0 20000
0 104 0 0 20000
0 105 0 0 20000
0 106 0 0 20000
0 107 0 0 20000
0 108 0 0 20000
0 109 0 0 20000
0 110 0 0 20000
0 111 0 0 20000
0 112 0 0 20000
0 113 0 0 20000
0 114 0 0 20000
0 115 0 0 20000
0 116 0 0 20000
0 117 0 0 20000
0 118 0 0 20000
0 119 0 0 20000
0 120 0 0 20000
0 121 0 0 20000
0 122 0 0 20000
0 123 0 0 20000
0 124 0 0 20000
0 125 0 0 20000
0 126 0 0 20000
0 127 0 0 20000
0 128 0 0 20000
0 129 0 0 20000
0 130 0 0 20000
0 131 0 0 20000
0 132 0 0 20000
0 133 0 0 20000
0 134 0 0 20000
0 135 0 0 20000
0 136 0 0 20000
0 137 0 0 20000
0 138 0 0 20000
0 139 0 0 20000
0 140 0 0 20000
0 141 0 0 20000
0 142 0 0 20000
0 143 0 0 20000
0 144 0 0 20000
0 145 0 0 20000
0 146 0 0 20000
0 147 0 0 20000
0 148 0 0 20000
0 149 0 0 20000
0 150 0 0 20000
0 151 0 0 20000
0 152 0 0 20000
0 153 0 0 20000
0 154 0 0 20000
0 155 0 0 20000
0 156 0 0 20000
0 157 0 0 20000
0 158 0 0 20000
0 159 0 0 20000
0 160 0 0 20000
0 161 0 0 20000
0 162 0 0 20000
0 163 0 0 20000
0 164 0 0 20000
0 165 0 0 20000
0 166 0 0 20000
0 167 0 0 20000
0 168 0 0 20000
0 169 0 0 20000
0 170 0 0 20000
0 171 0 0 20000
0 172 0 0 20000
0 173 0 0 20000
0 174 0 0 20000
0 175 0 0 20000
0 176 0 0 20000
0 177 0 0 20000
0 178 0 0 20000
0 179 0 0 20000
0 180 0 0 20000
0 181 0 0 20000
0 182 0 0 20000
0 183 0 0 20000
0 184 0 0 20000
0 185 0 0 20000
0 186 0 0 20000
0 187 0 0 20000
0 188 0 0 20000
0 189 0 0 20000
0 190 0 0 20000
0 191 0 0 20000
0 192 0 0 20000
0 193 0 0 20000
0 194 0 0 20000
0 195 0 0 20000
0 196 0 0 20000
0 197 0 0 20000
0 198 0 0 20000
0 199 0 0 20000
0 200 0 0 20000
0 101 0 0 20000
0 102 0 0 20000
0 103 0 0 20000
0 104 0 0 20000
0 105 0 0 20000
0 106 0 0 20000
0 107 0 0 20000
0 108 0 0 20000
0 109 0 0 20000
0 110 0 0 20000
0 111 0 0 20000
0 112 0 0 20000
0 113 0 0 20000
0 114 0 0 20000
0 115 0 0 20000
0 116 0 0 20000
0 117 0 0 20000
0 118 0 0 20000
0 119 0 0 20000
0 120 0 0 20000
0 121 0 0 20000
0 122 0 0 20000
0 123 0 0 20000
0 124 0 0 20000
0 125 0 0 20000
0 126 0 0 20000
0 127 0 0 20000
0 128 0 0 20000
0 129 0 0 20000
0 130 0 0 20000
0 131 0 0 20000
0 132 0 0 20000
0 133 0 0 20000
0 134 0 0 20000
0 135 0 0 20000
0 136 0 0 20000
0 137 0 0 20000
0 138 0 0 20000
0 139 0 0 20000
0 140 0 0 20000
0 141 0 0 20000
0 142 0 0 20000
0 143 0 0 20000
0 144 0 0 20000
0 145 0 0 20000
0 146 0 0 20000
0 147 0 0 20000
0 148 0 0 20000
0 149 0 0 20000
0 150 0 0 20000
0 151 0 0 20000
0 152 0 0 20000
0 153 0 0 20000
0 154 0 0 20000
0 155 0 0 20000
0 156 0 0 20000
0 157 0 0 20000
0 158 0 0 20000
0 159 0 0 20000
0 160 0 0 20000
0 161 0 0 20000
0 162 0 0 20000
0 163 0 0 20000
0 164 0 0 20000
0 165 0 0 20000
0 166 0 0 20000
0 167 0 0 20000
0 168 0 0 20000
0 169 0 0 20000
0 170 0 0 20000
0 171 0 0 20000
0 172 0 0 20000
0 173 0 0 20000
0 174 0 0 20000
0 175 0 0 20000
0 176 0 0 20000
0 177 0 0 20000
0 178 0 0 20000
0 179 0 0 20000
0 180 0 0 20000
0 181 0 0 20000
0 182 0 0 20000
0 183 0 0 20000
0 184 0 0 20000
0 185 0 0 20000
0 186 0 0 20000
0 187 0 0 20000
0 188 0 0 20000
0 189 0 0 20000
0 190 0 0 20000
0 191 0 0 20000
0 192 0 0 20000
0 193 0 0 20000
0 194 0 0 20000
0 195 0 0 20000
0 196 0 0 20000
0 197 0 0 20000
0 198 0 0 20000
0 199 0 0 20000
0 200 0 0 20000
0 101 0 0 20000
0 102 0 0 20000
0 103 0 0 20000
0 104 0 0 20000
0 105 0 0 20000
0 106 0 0 20000
0 107 0 0 20000
0 108 0 0 20000
0 109 0 0 20000
0 110 0 0 20000
0 111 0 0 20000
0 112 0 0 20000
0 113 0 0 20000
0 114 0 0 20000
0 115 0 0 20000
0 116 0 0 20000
0 117 0 0 20000
0 118 0 0 20000
0 119 0 0 20000
0 120 0 0 20000
0 121 0 0 20000
0 122 0 0 20000
0 123 0 0 20000
0 124 0 0 20000
0 125 0 0 20000
0 126 0 0 20000
0 127 0 0 20000
0 128 0 0 20000
0 129 0 0 20000
0 130 0 0 20000
0 131 0 0 20000
0 132 0 0 20000
0 133 0 0 20000
0 134 0 0 20000
0 135 0 0 20000
0 136 0 0 20000
0 137 0 0 20000
0 138 0 0 20000
0 139 0 0 20000
0 140 0 0 20000
0 141 0 0 20000
0 142 0 0 20000
0 143 0 0 20000
0 144 0 0 20000
0 145 0 0 20000
0 146 0 0 20000
0 147 0 0 20000
0 148 0 0 20000
0 149 0 0 20000
0 150 0 0 20000
0 151 0 0 20000
0 152 0 0 20000
0 153 0 0 20000
0 154 0 0 20000
0 155 0 0 20000
0 156 0 0 20000
0 157 0 0 20000
0 158 0 0 20000
0 159 0 0 20000
0 160 0 0 20000
0 161 0 0 20000
0 162 0 0 20000
0 163 0 0 20000
0 164 0 0 20000
0 165 0 0 20000
0 166 0 0 20000
0 167 0 0 20000
0 168 0 0 20000
0 169 0 0 20000
0 170 0 0 20000
0 171 0 0 20000
0 172 0 0 20000
0 173 0 0 20000
0 174 0 0 20000
0 175 0 0 20000
0 176 0 0 20000
0 177 0 0 20000
0 178 0 0 20000
0 179 0 0 20000
0 180 0 0 20000
0 181 0 0 20000
0 182 0 0 20000
0 183 0 0 20000
0 184 0 0 20000
0 185 0 0 20000
0 186 0 0 20000
0 187 0 0 20000
0 188 0 0 20000
0 189 0 0 20000
0 190 0 0 20000
0 191 0 0 20000
0 192 0 0 20000
0 193 0 0 20000
0 194 0 0 20000
0 195 0 0 20000
0 196 0 0 20000
0 197 0 0 20000
0 198 0 0 20000
0 199 0 0 20000
0 200 0 0 20000
0 0 0 0 30000
0 0 0 0 30000
0 0 0 0 30000
0 0 0 0 30000
0 0 0 0 30000
0 0 0 0 30000
0 0 0 0 30000
0 0 0 0 30000
0 0 0 0 30000
0 0 0 0 30000
0 0 0 0 30000
0 0 0 0 30000
0 0 0 0 30000
0 0 0 0 30000
0 0 0 0 30000
0 0 0 0 30000
0 0 0 0 30000
0 0 0 0 30000
0 0 0 0 30000
0 0 0 0 30000
0 0 0 0 30000
0 0 0 0 30000
0 0 0 0 30000
0 0 0 0 30000
0 0 0 0 30000
0 0 0 0 30000
0 0 0 0 30000
0 0 0 0 30000
0 0 0 0 30000
0 0 0 0 30000
0 0 0 0 30000
0 0 0 0 30000
0 0 0 0 30000
0 0 0 0 30000
0 0 0 0 30000
0 0 0 0 30000
0 0 0 0 30000
0 0 0 0 30000
0 0 0 0 30000
0 0 0 0 30000
0 0 0 0 30000
0 0 0 0 30000
0 0 0 0 30000
0 0 0 0 30000
0 0 0 0 30000
0 0 0 0 30000
0 0 0 0 30000
0 0 0 0 30000
0 0 0 0 30000
0 0 0 0 30000
0 0 0 0 30000
0 0 0 0 30000
0 0 0 0 30000
0 0 0 0 30000
0 0 0 0 30000
0 0 0 0 30000
0 0 0 0 30000
0 0 0 0 30000
0 0 0 0 30000
0 0 0 0 30000
0 0 0 0 30000
0 0 0 0 30000
0 0 0 0 30000
0 0 0 0 30000
0 0 0 0 30000
0 0 0 0 30000
0 0 0 0 30000
0 0 0 0 30000
0 0 0 0 30000
0 0 0 0 30000
0 0 0 0 30000
0 0 0 0 30000
0 0 0 0 30000
0 0 0 0 30000
0 0 0 0 30000
0 0 0 0 30000
0 0 0 0 30000
0 0 0 0 30000
0 0 0 0 30000
0 0 0 0 30000
0 0 0 0 30000
0 0 0 0 30000
0 0 0 0 30000
0 0 0 0 30000
0 0 0 0 30000
0 0 0 0 30000
0 0 0 0 30000
0 0 0 0 30000
0 0 0 0 30000
0 0 0 0 30000
0 0 0 0 30000
0 0 0 0 30000
0 0 0 0 30000
0 0 0 0 30000
0 0 0 0 30000
0 0 0 0 30000
0 0 0 0 30000
0 0 0 0 30000
0 0 0 0 30000
0 0 0 0 30000
0 201 0 0 30000
0 202 0 0 30000
0 203 0 0 30000
0 204 0 0 30000
0 205 0 0 30000
0 206 0 0 30000
0 207 0 0 30000
0 208 0 0 30000
0 209 0 0 30000
0 210 0 0 30000
0 211 0 0 30000
0 212 0 0 30000
0 213 0 0 30000
0 214 0 0 30000
0 215 0 0 30000
0 216 0 0 30000
0 217 0 0 30000
0 218 0 0 30000
0 219 0 0 30000
0 220 0 0 30000
0 221 0 0 30000
0 222 0 0 30000
0 223 0 0 30000
0 224 0 0 30000
0 225 0 0 30000
0 226 0 0 30000
0 227 0 0 30000
0 228 0 0 30000
0 229 0 0 30000
0 230 0 0 30000
0 231 0 0 30000
0 232 0 0 30000
0 233 0 0 30000
0 234 0 0 30000
0 235 0 0 30000
0 236 0 0 30000
0 237 0 0 30000
0 238 0 0 30000
0 239 0 0 30000
0 240 0 0 30000
0 241 0 0 30000
0 242 0 0 30000
0 243 0 0 30000
0 244 0 0 30000
0 245 0 0 30000
0 246 0 0 30000
0 247 0 0 30000
0 248 0 0 30000
0 249 0 0 30000
0 250 0 0 30000
0 251 0 0 30000
0 252 0 0 30000
0 253 0 0 30000
0 254 0 0 30000
0 255 0 0 30000
0 256 0 0 30000
0 257 0 0 30000
0 258 0 0 30000
0 259 0 0 30000
0 260 0 0 30000
0 261 0 0 30000
0 262 0 0 30000
0 263 0 0 30000
0 264 0 0 30000
0 265 0 0 30000
0 266 0 0 30000
0 267 0 0 30000
0 268 0 0 30000
0 269 0 0 30000
0 270 0 0 30000
0 271 0 0 30000
0 272 0 0 30000
0 273 0 0 30000
0 274 0 0 30000
0 275 0 0 30000
0 276 0 0 30000
0 277 0 0 30000
0 278 0 0 30000
0 279 0 0 30000
0 280 0 0 30000
0 281 0 0 30000
0 282 0 0 30000
0 283 0 0 30000
0 284 0 0 30000
0 285 0 0 30000
0 286 0 0 30000
0 287 0 0 30000
0 288 0 0 30000
0 289 0 0 30000
0 290 0 0 30000
0 291 0 0 30000
0 292 0 0 30000
0 293 0 0 30000
0 294 0 0 30000
0 295 0 0 30000
0 296 0 0 30000
0 297 0 0 30000
0 298 0 0 30000
0 299 0 0 30000
0 300 0 0 30000
0 201 0 0 30000
0 202 0 0 30000
0 203 0 0 30000
0 204 0 0 30000
0 205 0 0 30000
0 206 0 0 30000
0 207 0 0 30000
0 208 0 0 30000
0 209 0 0 30000
0 210 0 0 30000
0 211 0 0 30000
0 212 0 0 30000
0 213 0 0 30000
0 214 0 0 30000
0 215 0 0 30000
0 216 0 0 30000
0 217 0 0 30000
0 218 0 0 30000
0 219 0 0 30000
0 220 0 0 30000
0 221 0 0 30000
0 222 0 0 30000
0 223 0 0 30000
0 224 0 0 30000
0 225 0 0 30000
0 226 0 0 30000
0 227 0 0 30000
0 228 0 0 30000
0 229 0 0 30000
0 230 0 0 30000
0 231 0 0 30000
0 232 0 0 30000
0 233 0 0 30000
0 234 0 0 30000
0 235 0 0 30000
0 236 0 0 30000
0 237 0 0 30000
0 238 0 0 30000
0 239 0 0 30000
0 240 0 0 30000
0 241 0 0 30000
0 242 0 0 30000
0 243 0 0 30000
0 244 0 0 30000
0 245 0 0 30000
0 246 0 0 30000
0 247 0 0 30000
0 248 0 0 30000
0 249 0 0 30000
0 250 0 0 30000
0 251 0 0 30000
0 252 0 0 30000
0 253 0 0 30000
0 254 0 0 30000
0 255 0 0 30000
0 256 0 0 30000
0 257 0 0 30000
0 258 0 0 30000
0 259 0 0 30000
0 260 0 0 30000
0 261 0 0 30000
0 262 0 0 30000
0 263 0 0 30000
0 264 0 0 30000
0 265 0 0 30000
0 266 0 0 30000
0 267 0 0 30000
0 268 0 0 30000
0 269 0 0 30000
0 270 0 0 30000
0 271 0 0 30000
0 272 0 0 30000
0 273 0 0 30000
0 274 0 0 30000
0 275 0 0 30000
0 276 0 0 30000
0 277 0 0 30000
0 278 0 0 30000
0 279 0 0 30000
0 280 0 0 30000
0 281 0 0 30000
0 282 0 0 30000
0 283 0 0 30000
0 284 0 0 30000
0 285 0 0 30000
0 286 0 0 30000
0 287 0 0 30000
0 288 0 0 30000
0 289 0 0 30000
0 290 0 0 30000
0 291 0 0 30000
0 292 0 0 30000
0 293 0 0 30000
0 294 0 0 30000
0 295 0 0 30000
0 296 0 0 30000
0 297 0 0 30000
0 298 0 0 30000
0 299 0 0 30000
0 300 0 0 30000
0 201 0 0 30000
0 202 0 0 30000
0 203 0 0 30000
0 204 0 0 30000
0 205 0 0 30000
0 206 0 0 30000
0 207 0 0 30000
0 208 0 0 30000
0 209 0 0 30000
0 210 0 0 30000
0 211 0 0 30000
0 212 0 0 30000
0 213 0 0 30000
0 214 0 0 30000
0 215 0 0 30000
0 216 0 0 30000
0 217 0 0 30000
0 218 0 0 30000
0 219 0 0 30000
0 220 0 0 30000
0 221 0 0 30000
0 222 0 0 30000
0 223 0 0 30000
0 224 0 0 30000
0 225 0 0 30000
0 226 0 0 30000
0 227 0 0 30000
0 228 0 0 30000
0 229 0 0 30000
0 230 0 0 30000
0 231 0 0 30000
0 232 0 0 30000
0 233 0 0 30000
0 234 0 0 30000
0 235 0 0 30000
0 236 0 0 30000
0 237 0 0 30000
0 238 0 0 30000
0 239 0 0 30000
0 240 0 0 30000
0 241 0 0 30000
0 242 0 0 30000
0 243 0 0 30000
0 244 0 0 30000
0 245 0 0 30000
0 246 0 0 30000
0 247 0 0 30000
0 248 0 0 30000
0 249 0 0 30000
0 250 0 0 30000
0 251 0 0 30000
0 252 0 0 30000
0 253 0 0 30000
0 254 0 0 30000
0 255 0 0 30000
0 256 0 0 30000
0 257 0 0 30000
0 258 0 0 30000
0 259 0 0 30000
0 260 0 0 30000
0 261 0 0 30000
0 262 0 0 30000
0 263 0 0 30000
0 264 0 0 30000
0 265 0 0 30000
0 266 0 0 30000
0 267 0 0 30000
0 268 0 0 30000
0 269 0 0 30000
0 270 0 0 30000
0 271 0 0 30000
0 272 0 0 30000
0 273 0 0 30000
0 274 0 0 30000
0 275 0 0 30000
0 276 0 0 30000
0 277 0 0 30000
0 278 0 0 30000
0 279 0 0 30000
0 280 0 0 30000
0 281 0 0 30000
0 282 0 0 30000
0 283 0 0 30000
0 284 0 0 30000
0 285 0 0 30000
0 286 0 0 30000
0 287 0 0 30000
0 288 0 0 30000
0 289 0 0 30000
0 290 0 0 30000
0 291 0 0 30000
0 292 0 0 30000
0 293 0 0 30000
0 294 0 0 30000
0 295 0 0 30000
0 296 0 0 30000
0 297 0 0 30000
0 298 0 0 30000
0 299 0 0 30000
0 300 0 0 30000
0 201 0 0 30000
0 202 0 0 30000
0 203 0 0 30000
0 204 0 0 30000
0 205 0 0 30000
0 206 0 0 30000
0 207 0 0 30000
0 208 0 0 30000
0 209 0 0 30000
0 210 0 0 30000
0 211 0 0 30000
0 212 0 0 30000
0 213 0 0 30000
0 214 0 0 30000
0 215 0 0 30000
0 216 0 0 30000
0 217 0 0 30000
0 218 0 0 30000
0 219 0 0 30000
0 220 0 0 30000
0 221 0 0 30000
0 222 0 0 30000
0 223 0 0 30000
0 224 0 0 30000
0 225 0 0 30000
0 226 0 0 30000
0 227 0 0 30000
0 228 0 0 30000
0 229 0 0 30000
0 230 0 0 30000
0 231 0 0 30000
0 232 0 0 30000
0 233 0 0 30000
0 234 0 0 30000
0 235 0 0 30000
0 236 0 0 30000
0 237 0 0 30000
0 238 0 0 30000
0 239 0 0 30000
0 240 0 0 30000
0 241 0 0 30000
0 242 0 0 30000
0 243 0 0 30000
0 244 0 0 30000
0 245 0 0 30000
0 246 0 0 30000
0 247 0 0 30000
0 248 0 0 30000
0 249 0 0 30000
0 250 0 0 30000
0 251 0 0 30000
0 252 0 0 30000
0 253 0 0 30000
0 254 0 0 30000
0 255 0 0 30000
0 256 0 0 30000
0 257 0 0 30000
0 258 0 0 30000
0 259 0 0 30000
0 260 0 0 30000
0 261 0 0 30000
0 262 0 0 30000
0 263 0 0 30000
0 264 0 0 30000
0 265 0 0 30000
0 266 0 0 30000
0 267 0 0 30000
0 268 0 0 30000
0 269 0 0 30000
0 270 0 0 30000
0 271 0 0 30000
0 272 0 0 30000
0 273 0 0 30000
0 274 0 0 30000
0 275 0 0 30000
0 276 0 0 30000
0 277 0 0 30000
0 278 0 0 30000
0 279 0 0 30000
0 280 0 0 30000
0 281 0 0 30000
0 282 0 0 30000
0 283 0 0 30000
0 284 0 0 30000
0 285 0 0 30000
0 286 0 0 30000
0 287 0 0 30000
0 288 0 0 30000
0 289 0 0 30000
0 290 0 0 30000
0 291 0 0 30000
0 292 0 0 30000
0 293 0 0 30000
0 294 0 0 30000
0 295 0 0 30000
0 296 0 0 30000
0 297 0 0 30000
0 298 0 0 30000
0 299 0 0 30000
0 300 0 0 30000
0 201 0 0 30000
0 202 0 0 30000
0 203 0 0 30000
0 204 0 0 30000
0 205 0 0 30000
0 206 0 0 30000
0 207 0 0 30000
0 208 0 0 30000
0 209 0 0 30000
0 210 0 0 30000
0 211 0 0 30000
0 212 0 0 30000
0 213 0 0 30000
0 214 0 0 30000
0 215 0 0 30000
0 216 0 0 30000
0 217 0 0 30000
0 218 0 0 30000
0 219 0 0 30000
0 220 0 0 30000
0 221 0 0 30000
0 222 0 0 30000
0 223 0 0 30000
0 224 0 0 30000
0 225 0 0 30000
0 226 0 0 30000
0 227 0 0 30000
0 228 0 0 30000
0 229 0 0 30000
0 230 0 0 30000
0 231 0 0 30000
0 232 0 0 30000
0 233 0 0 30000
0 234 0 0 30000
0 235 0 0 30000
0 236 0 0 30000
0 237 0 0 30000
0 238 0 0 30000
0 239 0 0 30000
0 240 0 0 30000
0 241 0 0 30000
0 242 0 0 30000
0 243 0 0 30000
0 244 0 0 30000
0 245 0 0 30000
0 246 0 0 30000
0 247 0 0 30000
0 248 0 0 30000
0 249 0 0 30000
0 250 0 0 30000
0 251 0 0 30000
0 252 0 0 30000
0 253 0 0 30000
0 254 0 0 30000
0 255 0 0 30000
0 256 0 0 30000
0 257 0 0 30000
0 258 0 0 30000
0 259 0 0 30000
0 260 0 0 30000
0 261 0 0 30000
0 262 0 0 30000
0 263 0 0 30000
0 264 0 0 30000
0 265 0 0 30000
0 266 0 0 30000
0 267 0 0 30000
0 268 0 0 30000
0 269 0 0 30000
0 270 0 0 30000
0 271 0 0 30000
0 272 0 0 30000
0 273 0 0 30000
0 274 0 0 30000
0 275 0 0 30000
0 276 0 0 30000
0 277 0 0 30000
0 278 0 0 30000
0 279 0 0 30000
0 280 0 0 30000
0 281 0 0 30000
0 282 0 0 30000
0 283 0 0 30000
0 284 0 0 30000
0 285 0 0 30000
0 286 0 0 30000
0 287 0 0 30000
0 288 0 0 30000
0 289 0 0 30000
0 290 0 0 30000
0 291 0 0 30000
0 292 0 0 30000
0 293 0 0 30000
0 294 0 0 30000
0 295 0 0 30000
0 296 0 0 30000
0 297 0 0 30000
0 298 0 0 30000
0 299 0 0 30000
0 300 0 0 30000
0 0 0 0 40000
0 0 0 0 40000
0 0 0 0 40000
0 0 0 0 40000
0 0 0 0 40000
0 0 0 0 40000
0 0 0 0 40000
0 0 0 0 40000
0 0 0 0 40000
0 0 0 0 40000
0 0 0 0 40000
0 0 0 0 40000
0 0 0 0 40000
0 0 0 0 40000
0 0 0 0 40000
0 0 0 0 40000
0 0 0 0 40000
0 0 0 0 40000
0 0 0 0 40000
0 0 0 0 40000
0 0 0 0 40000
0 0 0 0 40000
0 0 0 0 40000
0 0 0 0 40000
0 0 0 0 40000
0 0 0 0 40000
0 0 0 0 40000
0 0 0 0 40000
0 0 0 0 40000
0 0 0 0 40000
0 0 0 0 40000
0 0 0 0 40000
0 0 0 0 40000
0 0 0 0 40000
0 0 0 0 40000
0 0 0 0 40000
0 0 0 0 40000
0 0 0 0 40000
0 0 0 0 40000
0 0 0 0 40000
0 0 0 0 40000
0 0 0 0 40000
0 0 0 0 40000
0 0 0 0 40000
0 0 0 0 40000
0 0 0 0 40000
0 0 0 0 40000
0 0 0 0 40000
0 0 0 0 40000
0 0 0 0 40000
0 0 0 0 40000
0 0 0 0 40000
0 0 0 0 40000
0 0 0 0 40000
0 0 0 0 40000
0 0 0 0 40000
0 0 0 0 40000
0 0 0 0 40000
0 0 0 0 40000
0 0 0 0 40000
0 0 0 0 40000
0 0 0 0 40000
0 0 0 0 40000
0 0 0 0 40000
0 0 0 0 40000
0 0 0 0 40000
0 0 0 0 40000
0 0 0 0 40000
0 0 0 0 40000
0 0 0 0 40000
0 0 0 0 40000
0 0 0 0 40000
0 0 0 0 40000
0 0 0 0 40000
0 0 0 0 40000
0 0 0 0 40000
0 0 0 0 40000
0 0 0 0 40000
0 0 0 0 40000
0 0 0 0 40000
0 0 0 0 40000
0 0 0 0 40000
0 0 0 0 40000
0 0 0 0 40000
0 0 0 0 40000
0 0 0 0 40000
0 0 0 0 40000
0 0 0 0 40000
0 0 0 0 40000
0 0 0 0 40000
0 0 0 0 40000
0 0 0 0 40000
0 0 0 0 40000
0 0 0 0 40000
0 0 0 0 40000
0 0 0 0 40000
0 0 0 0 40000
0 0 0 0 40000
0 0 0 0 40000
0 0 0 0 40000
0 301 0 0 40000
0 302 0 0 40000
0 303 0 0 40000
0 304 0 0 40000
0 305 0 0 40000
0 306 0 0 40000
0 307 0 0 40000
0 308 0 0 40000
0 309 0 0 40000
0 310 0 0 40000
0 311 0 0 40000
0 312 0 0 40000
0 313 0 0 40000
0 314 0 0 40000
0 315 0 0 40000
0 316 0 0 40000
0 317 0 0 40000
0 318 0 0 40000
0 319 0 0 40000
0 320 0 0 40000
0 321 0 0 40000
0 322 0 0 40000
0 323 0 0 40000
0 324 0 0 40000
0 325 0 0 40000
0 326 0 0 40000
0 327 0 0 40000
0 328 0 0 40000
0 329 0 0 40000
0 330 0 0 40000
0 331 0 0 40000
0 332 0 0 40000
0 333 0 0 40000
0 334 0 0 40000
0 335 0 0 40000
0 336 0 0 40000
0 337 0 0 40000
0 338 0 0 40000
0 339 0 0 40000
0 340 0 0 40000
0 341 0 0 40000
0 342 0 0 40000
0 343 0 0 40000
0 344 0 0 40000
0 345 0 0 40000
0 346 0 0 40000
0 347 0 0 40000
0 348 0 0 40000
0 349 0 0 40000
0 350 0 0 40000
0 351 0 0 40000
0 352 0 0 40000
0 353 0 0 40000
0 354 0 0 40000
0 355 0 0 40000
0 356 0 0 40000
0 357 0 0 40000
0 358 0 0 40000
0 359 0 0 40000
0 360 0 0 40000
0 361 0 0 40000
0 362 0 0 40000
0 363 0 0 40000
0 364 0 0 40000
0 365 0 0 40000
0 366 0 0 40000
0 367 0 0 40000
0 368 0 0 40000
0 369 0 0 40000
0 370 0 0 40000
0 371 0 0 40000
0 372 0 0 40000
0 373 0 0 40000
0 374 0 0 40000
0 375 0 0 40000
0 376 0 0 40000
0 377 0 0 40000
0 378 0 0 40000
0 379 0 0 40000
0 380 0 0 40000
0 381 0 0 40000
0 382 0 0 40000
0 383 0 0 40000
0 384 0 0 40000
0 385 0 0 40000
0 386 0 0 40000
0 387 0 0 40000
0 388 0 0 40000
0 389 0 0 40000
0 390 0 0 40000
0 391 0 0 40000
0 392 0 0 40000
0 393 0 0 40000
0 394 0 0 40000
0 395 0 0 40000
0 396 0 0 40000
0 397 0 0 40000
0 398 0 0 40000
0 399 0 0 40000
0 400 0 0 40000
0 301 0 0 40000
0 302 0 0 40000
0 303 0 0 40000
0 304 0 0 40000
0 305 0 0 40000
0 306 0 0 40000
0 307 0 0 40000
0 308 0 0 40000
0 309 0 0 40000
0 310 0 0 40000
0 311 0 0 40000
0 312 0 0 40000
0 313 0 0 40000
0 314 0 0 40000
0 315 0 0 40000
0 316 0 0 40000
0 317 0 0 40000
0 318 0 0 40000
0 319 0 0 40000
0 320 0 0 40000
0 321 0 0 40000
0 322 0 0 40000
0 323 0 0 40000
0 324 0 0 40000
0 325 0 0 40000
0 326 0 0 40000
0 327 0 0 40000
0 328 0 0 40000
0 329 0 0 40000
0 330 0 0 40000
0 331 0 0 40000
0 332 0 0 40000
0 333 0 0 40000
0 334 0 0 40000
0 335 0 0 40000
0 336 0 0 40000
0 337 0 0 40000
0 338 0 0 40000
0 339 0 0 40000
0 340 0 0 40000
0 341 0 0 40000
0 342 0 0 40000
0 343 0 0 40000
0 344 0 0 40000
0 345 0 0 40000
0 346 0 0 40000
0 347 0 0 40000
0 348 0 0 40000
0 349 0 0 40000
0 350 0 0 40000
0 351 0 0 40000
0 352 0 0 40000
0 353 0 0 40000
0 354 0 0 40000
0 355 0 0 40000
0 356 0 0 40000
0 357 0 0 40000
0 358 0 0 40000
0 359 0 0 40000
0 360 0 0 40000
0 361 0 0 40000
0 362 0 0 40000
0 363 0 0 40000
0 364 0 0 40000
0 365 0 0 40000
0 366 0 0 40000
0 367 0 0 40000
0 368 0 0 40000
0 369 0 0 40000
0 370 0 0 40000
0 371 0 0 40000
0 372 0 0 40000
0 373 0 0 40000
0 374 0 0 40000
0 375 0 0 40000
0 376 0 0 40000
0 377 0 0 40000
0 378 0 0 40000
0 379 0 0 40000
0 380 0 0 40000
0 381 0 0 40000
0 382 0 0 40000
0 383 0 0 40000
0 384 0 0 40000
0 385 0 0 40000
0 386 0 0 40000
0 387 0 0 40000
0 388 0 0 40000
0 389 0 0 40000
0 390 0 0 40000
0 391 0 0 40000
0 392 0 0 40000
0 393 0 0 40000
0 394 0 0 40000
0 395 0 0 40000
0 396 0 0 40000
0 397 0 0 40000
0 398 0 0 40000
0 399 0 0 40000
0 400 0 0 40000
0 301 0 0 40000
0 302 0 0 40000
0 303 0 0 40000
0 304 0 0 40000
0 305 0 0 40000
0 306 0 0 40000
0 307 0 0 40000
0 308 0 0 40000
0 309 0 0 40000
0 310 0 0 40000
0 311 0 0 40000
0 312 0 0 40000
0 313 0 0 40000
0 314 0 0 40000
0 315 0 0 40000
0 316 0 0 40000
0 317 0 0 40000
0 318 0 0 40000
0 319 0 0 40000
0 320 0 0 40000
0 321 0 0 40000
0 322 0 0 40000
0 323 0 0 40000
0 324 0 0 40000
0 325 0 0 40000
0 326 0 0 40000
0 327 0 0 40000
0 328 0 0 40000
0 329 0 0 40000
0 330 0 0 40000
0 331 0 0 40000
0 332 0 0 40000
0 333 0 0 40000
0 334 0 0 40000
0 335 0 0 40000
0 336 0 0 40000
0 337 0 0 40000
0 338 0 0 40000
0 339 0 0 40000
0 340 0 0 40000
0 341 0 0 40000
0 342 0 0 40000
0 343 0 0 40000
0 344 0 0 40000
0 345 0 0 40000
0 346 0 0 40000
0 347 0 0 40000
0 348 0 0 40000
0 349 0 0 40000
0 350 0 0 40000
0 351 0 0 40000
0 352 0 0 40000
0 353 0 0 40000
0 354 0 0 40000
0 355 0 0 40000
0 356 0 0 40000
0 357 0 0 40000
0 358 0 0 40000
0 359 0 0 40000
0 360 0 0 40000
0 361 0 0 40000
0 362 0 0 40000
0 363 0 0 40000
0 364 0 0 40000
0 365 0 0 40000
0 366 0 0 40000
0 367 0 0 40000
0 368 0 0 40000
0 369 0 0 40000
0 370 0 0 40000
0 371 0 0 40000
0 372 0 0 40000
0 373 0 0 40000
0 374 0 0 40000
0 375 0 0 40000
0 376 0 0 40000
0 377 0 0 40000
0 378 0 0 40000
0 379 0 0 40000
0 380 0 0 40000
0 381 0 0 40000
0 382 0 0 40000
0 383 0 0 40000
0 384 0 0 40000
0 385 0 0 40000
0 386 0 0 40000
0 387 0 0 40000
0 388 0 0 40000
0 389 0 0 40000
0 390 0 0 40000
0 391 0 0 40000
0 392 0 0 40000
0 393 0 0 40000
0 394 0 0 40000
0 395 0 0 40000
0 396 0 0 40000
0 397 0 0 40000
0 398 0 0 40000
0 399 0 0 40000
0 400 0 0 40000
0 301 0 0 40000
0 302 0 0 40000
0 303 0 0 40000
0 304 0 0 40000
0 305 0 0 40000
0 306 0 0 40000
0 307 0 0 40000
0 308 0 0 40000
0 309 0 0 40000
0 310 0 0 40000
0 311 0 0 40000
0 312 0 0 40000
0 313 0 0 40000
0 314 0 0 40000
0 315 0 0 40000
0 316 0 0 40000
0 317 0 0 40000
0 318 0 0 40000
0 319 0 0 40000
0 320 0 0 40000
0 321 0 0 40000
0 322 0 0 40000
0 323 0 0 40000
0 324 0 0 40000
0 325 0 0 40000
0 326 0 0 40000
0 327 0 0 40000
0 328 0 0 40000
0 329 0 0 40000
0 330 0 0 40000
0 331 0 0 40000
0 332 0 0 40000
0 333 0 0 40000
0 334 0 0 40000
0 335 0 0 40000
0 336 0 0 40000
0 337 0 0 40000
0 338 0 0 40000
0 339 0 0 40000
0 340 0 0 40000
0 341 0 0 40000
0 342 0 0 40000
0 343 0 0 40000
0 344 0 0 40000
0 345 0 0 40000
0 346 0 0 40000
0 347 0 0 40000
0 348 0 0 40000
0 349 0 0 40000
0 350 0 0 40000
0 351 0 0 40000
0 352 0 0 40000
0 353 0 0 40000
0 354 0 0 40000
0 355 0 0 40000
0 356 0 0 40000
0 357 0 0 40000
0 358 0 0 40000
0 359 0 0 40000
0 360 0 0 40000
0 361 0 0 40000
0 362 0 0 40000
0 363 0 0 40000
0 364 0 0 40000
0 365 0 0 40000
0 366 0 0 40000
0 367 0 0 40000
0 368 0 0 40000
0 369 0 0 40000
0 370 0 0 40000
0 371 0 0 40000
0 372 0 0 40000
0 373 0 0 40000
0 374 0 0 40000
0 375 0 0 40000
0 376 0 0 40000
0 377 0 0 40000
0 378 0 0 40000
0 379 0 0 40000
0 380 0 0 40000
0 381 0 0 40000
0 382 0 0 40000
0 383 0 0 40000
0 384 0 0 40000
0 385 0 0 40000
0 386 0 0 40000
0 387 0 0 40000
0 388 0 0 40000
0 389 0 0 40000
0 390 0 0 40000
0 391 0 0 40000
0 392 0 0 40000
0 393 0 0 40000
0 394 0 0 40000
0 395 0 0 40000
0 396 0 0 40000
0 397 0 0 40000
0 398 0 0 40000
0 399 0 0 40000
0 400 0 0 40000
0 301 0 0 40000
0 302 0 0 40000
0 303 0 0 40000
0 304 0 0 40000
0 305 0 0 40000
0 306 0 0 40000
0 307 0 0 40000
0 308 0 0 40000
0 309 0 0 40000
0 310 0 0 40000
0 311 0 0 40000
0 312 0 0 40000
0 313 0 0 40000
0 314 0 0 40000
0 315 0 0 40000
0 316 0 0 40000
0 317 0 0 40000
0 318 0 0 40000
0 319 0 0 40000
0 320 0 0 40000
0 321 0 0 40000
0 322 0 0 40000
0 323 0 0 40000
0 324 0 0 40000
0 325 0 0 40000
0 326 0 0 40000
0 327 0 0 40000
0 328 0 0 40000
0 329 0 0 40000
0 330 0 0 40000
0 331 0 0 40000
0 332 0 0 40000
0 333 0 0 40000
0 334 0 0 40000
0 335 0 0 40000
0 336 0 0 40000
0 337 0 0 40000
0 338 0 0 40000
0 339 0 0 40000
0 340 0 0 40000
0 341 0 0 40000
0 342 0 0 40000
0 343 0 0 40000
0 344 0 0 40000
0 345 0 0 40000
0 346 0 0 40000
0 347 0 0 40000
0 348 0 0 40000
0 349 0 0 40000
0 350 0 0 40000
0 351 0 0 40000
0 352 0 0 40000
0 353 0 0 40000
0 354 0 0 40000
0 355 0 0 40000
0 356 0 0 40000
0 357 0 0 40000
0 358 0 0 40000
0 359 0 0 40000
0 360 0 0 40000
0 361 0 0 40000
0 362 0 0 40000
0 363 0 0 40000
0 364 0 0 40000
0 365 0 0 40000
0 366 0 0 40000
0 367 0 0 40000
0 368 0 0 40000
0 369 0 0 40000
0 370 0 0 40000
0 371 0 0 40000
0 372 0 0 40000
0 373 0 0 40000
0 374 0 0 40000
0 375 0 0 40000
0 376 0 0 40000
0 377 0 0 40000
0 378 0 0 40000
0 379 0 0 40000
0 380 0 0 40000
0 381 0 0 40000
0 382 0 0 40000
0 383 0 0 40000
0 384 0 0 40000
0 385 0 0 40000
0 386 0 0 40000
0 387 0 0 40000
0 388 0 0 40000
0 389 0 0 40000
0 390 0 0 40000
0 391 0 0 40000
0 392 0 0 40000
0 393 0 0 40000
0 394 0 0 40000
0 395 0 0 40000
0 396 0 0 40000
0 397 0 0 40000
0 398 0 0 40000
0 399 0 0 40000
0 400 0 0 40000
0 0 0 0 50000
0 0 0 0 50000
0 0 0 0 50000
0 0 0 0 50000
0 0 0 0 50000
0 0 0 0 50000
0 0 0 0 50000
0 0 0 0 50000
0 0 0 0 50000
0 0 0 0 50000
0 0 0 0 50000
0 0 0 0 50000
0 0 0 0 50000
0 0 0 0 50000
0 0 0 0 50000
0 0 0 0 50000
0 0 0 0 50000
0 0 0 0 50000
0 0 0 0 50000
0 0 0 0 50000
0 0 0 0 50000
0 0 0 0 50000
0 0 0 0 50000
0 0 0 0 50000
0 0 0 0 50000
0 0 0 0 50000
0 0 0 0 50000
0 0 0 0 50000
0 0 0 0 50000
0 0 0 0 50000
0 0 0 0 50000
0 0 0 0 50000
0 0 0 0 50000
0 0 0 0 50000
0 0 0 0 50000
0 0 0 0 50000
0 0 0 0 50000
0 0 0 0 50000
0 0 0 0 50000
0 0 0 0 50000
0 0 0 0 50000
0 0 0 0 50000
0 0 0 0 50000
0 0 0 0 50000
0 0 0 0 50000
0 0 0 0 50000
0 0 0 0 50000
0 0 0 0 50000
0 0 0 0 50000
0 0 0 0 50000
0 0 0 0 50000
0 0 0 0 50000
0 0 0 0 50000
0 0 0 0 50000
0 0 0 0 50000
0 0 0 0 50000
0 0 0 0 50000
0 0 0 0 50000
0 0 0 0 50000
0 0 0 0 50000
0 0 0 0 50000
0 0 0 0 50000
0 0 0 0 50000
0 0 0 0 50000
0 0 0 0 50000
0 0 0 0 50000
0 0 0 0 50000
0 0 0 0 50000
0 0 0 0 50000
0 0 0 0 50000
0 0 0 0 50000
0 0 0 0 50000
0 0 0 0 50000
0 0 0 0 50000
0 0 0 0 50000
0 0 0 0 50000
0 0 0 0 50000
0 0 0 0 50000
0 0 0 0 50000
0 0 0 0 50000
0 0 0 0 50000
0 0 0 0 50000
0 0 0 0 50000
0 0 0 0 50000
0 0 0 0 50000
0 0 0 0 50000
0 0 0 0 50000
0 0 0 0 50000
0 0 0 0 50000
0 0 0 0 50000
0 0 0 0 50000
0 0 0 0 50000
0 0 0 0 50000
0 0 0 0 50000
0 0 0 0 50000
0 0 0 0 50000
0 0 0 0 50000
0 0 0 0 50000
0 0 0 0 50000
0 0 0 0 50000
0 401 0 0 50000
0 402 0 0 50000
0 403 0 0 50000
0 404 0 0 50000
0 405 0 0 50000
0 406 0 0 50000
0 407 0 0 50000
0 408 0 0 50000
0 409 0 0 50000
0 410 0 0 50000
0 411 0 0 50000
0 412 0 0 50000
0 413 0 0 50000
0 414 0 0 50000
0 415 0 0 50000
0 416 0 0 50000
0 417 0 0 50000
0 418 0 0 50000
0 419 0 0 50000
0 420 0 0 50000
0 421 0 0 50000
0 422 0 0 50000
0 423 0 0 50000
0 424 0 0 50000
0 425 0 0 50000
0 426 0 0 50000
0 427 0 0 50000
0 428 0 0 50000
0 429 0 0 50000
0 430 0 0 50000
0 431 0 0 50000
0 432 0 0 50000
0 433 0 0 50000
0 434 0 0 50000
0 435 0 0 50000
0 436 0 0 50000
0 437 0 0 50000
0 438 0 0 50000
0 439 0 0 50000
0 440 0 0 50000
0 441 0 0 50000
0 442 0 0 50000
0 443 0 0 50000
0 444 0 0 50000
0 445 0 0 50000
0 446 0 0 50000
0 447 0 0 50000
0 448 0 0 50000
0 449 0 0 50000
0 450 0 0 50000
0 451 0 0 50000
0 452 0 0 50000
0 453 0 0 50000
0 454 0 0 50000
0 455 0 0 50000
0 456 0 0 50000
0 457 0 0 50000
0 458 0 0 50000
0 459 0 0 50000
0 460 0 0 50000
0 461 0 0 50000
0 462 0 0 50000
0 463 0 0 50000
0 464 0 0 50000
0 465 0 0 50000
0 466 0 0 50000
0 467 0 0 50000
0 468 0 0 50000
0 469 0 0 50000
0 470 0 0 50000
0 471 0 0 50000
0 472 0 0 50000
0 473 0 0 50000
0 474 0 0 50000
0 475 0 0 50000
0 476 0 0 50000
0 477 0 0 50000
0 478 0 0 50000
0 479 0 0 50000
0 480 0 0 50000
0 481 0 0 50000
0 482 0 0 50000
0 483 0 0 50000
0 484 0 0 50000
0 485 0 0 50000
0 486 0 0 50000
0 487 0 0 50000
0 488 0 0 50000
0 489 0 0 50000
0 490 0 0 50000
0 491 0 0 50000
0 492 0 0 50000
0 493 0 0 50000
0 494 0 0 50000
0 495 0 0 50000
0 496 0 0 50000
0 497 0 0 50000
0 498 0 0 50000
0 499 0 0 50000
0 500 0 0 50000
0 401 0 0 50000
0 402 0 0 50000
0 403 0 0 50000
0 404 0 0 50000
0 405 0 0 50000
0 406 0 0 50000
0 407 0 0 50000
0 408 0 0 50000
0 409 0 0 50000
0 410 0 0 50000
0 411 0 0 50000
0 412 0 0 50000
0 413 0 0 50000
0 414 0 0 50000
0 415 0 0 50000
0 416 0 0 50000
0 417 0 0 50000
0 418 0 0 50000
0 419 0 0 50000
0 420 0 0 50000
0 421 0 0 50000
0 422 0 0 50000
0 423 0 0 50000
0 424 0 0 50000
0 425 0 0 50000
0 426 0 0 50000
0 427 0 0 50000
0 428 0 0 50000
0 429 0 0 50000
0 430 0 0 50000
0 431 0 0 50000
0 432 0 0 50000
0 433 0 0 50000
0 434 0 0 50000
0 435 0 0 50000
0 436 0 0 50000
0 437 0 0 50000
0 438 0 0 50000
0 439 0 0 50000
0 440 0 0 50000
0 441 0 0 50000
0 442 0 0 50000
0 443 0 0 50000
0 444 0 0 50000
0 445 0 0 50000
0 446 0 0 50000
0 447 0 0 50000
0 448 0 0 50000
0 449 0 0 50000
0 450 0 0 50000
0 451 0 0 50000
0 452 0 0 50000
0 453 0 0 50000
0 454 0 0 50000
0 455 0 0 50000
0 456 0 0 50000
0 457 0 0 50000
0 458 0 0 50000
0 459 0 0 50000
0 460 0 0 50000
0 461 0 0 50000
0 462 0 0 50000
0 463 0 0 50000
0 464 0 0 50000
0 465 0 0 50000
0 466 0 0 50000
0 467 0 0 50000
0 468 0 0 50000
0 469 0 0 50000
0 470 0 0 50000
0 471 0 0 50000
0 472 0 0 50000
0 473 0 0 50000
0 474 0 0 50000
0 475 0 0 50000
0 476 0 0 50000
0 477 0 0 50000
0 478 0 0 50000
0 479 0 0 50000
0 480 0 0 50000
0 481 0 0 50000
0 482 0 0 50000
0 483 0 0 50000
0 484 0 0 50000
0 485 0 0 50000
0 486 0 0 50000
0 487 0 0 50000
0 488 0 0 50000
0 489 0 0 50000
0 490 0 0 50000
0 491 0 0 50000
0 492 0 0 50000
0 493 0 0 50000
0 494 0 0 50000
0 495 0 0 50000
0 496 0 0 50000
0 497 0 0 50000
0 498 0 0 50000
0 499 0 0 50000
0 500 0 0 50000
0 401 0 0 50000
0 402 0 0 50000
0 403 0 0 50000
0 404 0 0 50000
0 405 0 0 50000
0 406 0 0 50000
0 407 0 0 50000
0 408 0 0 50000
0 409 0 0 50000
0 410 0 0 50000
0 411 0 0 50000
0 412 0 0 50000
0 413 0 0 50000
0 414 0 0 50000
0 415 0 0 50000
0 416 0 0 50000
0 417 0 0 50000
0 418 0 0 50000
0 419 0 0 50000
0 420 0 0 50000
0 421 0 0 50000
0 422 0 0 50000
0 423 0 0 50000
0 424 0 0 50000
0 425 0 0 50000
0 426 0 0 50000
0 427 0 0 50000
0 428 0 0 50000
0 429 0 0 50000
0 430 0 0 50000
0 431 0 0 50000
0 432 0 0 50000
0 433 0 0 50000
0 434 0 0 50000
0 435 0 0 50000
0 436 0 0 50000
0 437 0 0 50000
0 438 0 0 50000
0 439 0 0 50000
0 440 0 0 50000
0 441 0 0 50000
0 442 0 0 50000
0 443 0 0 50000
0 444 0 0 50000
0 445 0 0 50000
0 446 0 0 50000
0 447 0 0 50000
0 448 0 0 50000
0 449 0 0 50000
0 450 0 0 50000
0 451 0 0 50000
0 452 0 0 50000
0 453 0 0 50000
0 454 0 0 50000
0 455 0 0 50000
0 456 0 0 50000
0 457 0 0 50000
0 458 0 0 50000
0 459 0 0 50000
0 460 0 0 50000
0 461 0 0 50000
0 462 0 0 50000
0 463 0 0 50000
0 464 0 0 50000
0 465 0 0 50000
0 466 0 0 50000
0 467 0 0 50000
0 468 0 0 50000
0 469 0 0 50000
0 470 0 0 50000
0 471 0 0 50000
0 472 0 0 50000
0 473 0 0 50000
0 474 0 0 50000
0 475 0 0 50000
0 476 0 0 50000
0 477 0 0 50000
0 478 0 0 50000
0 479 0 0 50000
0 480 0 0 50000
0 481 0 0 50000
0 482 0 0 50000
0 483 0 0 50000
0 484 0 0 50000
0 485 0 0 50000
0 486 0 0 50000
0 487 0 0 50000
0 488 0 0 50000
0 489 0 0 50000
0 490 0 0 50000
0 491 0 0 50000
0 492 0 0 50000
0 493 0 0 50000
0 494 0 0 50000
0 495 0 0 50000
0 496 0 0 50000
0 497 0 0 50000
0 498 0 0 50000
0 499 0 0 50000
0 500 0 0 50000
0 401 0 0 50000
0 402 0 0 50000
0 403 0 0 50000
0 404 0 0 50000
0 405 0 0 50000
0 406 0 0 50000
0 407 0 0 50000
0 408 0 0 50000
0 409 0 0 50000
0 410 0 0 50000
0 411 0 0 50000
0 412 0 0 50000
0 413 0 0 50000
0 414 0 0 50000
0 415 0 0 50000
0 416 0 0 50000
0 417 0 0 50000
0 418 0 0 50000
0 419 0 0 50000
0 420 0 0 50000
0 421 0 0 50000
0 422 0 0 50000
0 423 0 0 50000
0 424 0 0 50000
0 425 0 0 50000
0 426 0 0 50000
0 427 0 0 50000
0 428 0 0 50000
0 429 0 0 50000
0 430 0 0 50000
0 431 0 0 50000
0 432 0 0 50000
0 433 0 0 50000
0 434 0 0 50000
0 435 0 0 50000
0 436 0 0 50000
0 437 0 0 50000
0 438 0 0 50000
0 439 0 0 50000
0 440 0 0 50000
0 441 0 0 50000
0 442 0 0 50000
0 443 0 0 50000
0 444 0 0 50000
0 445 0 0 50000
0 446 0 0 50000
0 447 0 0 50000
0 448 0 0 50000
0 449 0 0 50000
0 450 0 0 50000
0 451 0 0 50000
0 452 0 0 50000
0 453 0 0 50000
0 454 0 0 50000
0 455 0 0 50000
0 456 0 0 50000
0 457 0 0 50000
0 458 0 0 50000
0 459 0 0 50000
0 460 0 0 50000
0 461 0 0 50000
0 462 0 0 50000
0 463 0 0 50000
0 464 0 0 50000
0 465 0 0 50000
0 466 0 0 50000
0 467 0 0 50000
0 468 0 0 50000
0 469 0 0 50000
0 470 0 0 50000
0 471 0 0 50000
0 472 0 0 50000
0 473 0 0 50000
0 474 0 0 50000
0 475 0 0 50000
0 476 0 0 50000
0 477 0 0 50000
0 478 0 0 50000
0 479 0 0 50000
0 480 0 0 50000
0 481 0 0 50000
0 482 0 0 50000
0 483 0 0 50000
0 484 0 0 50000
0 485 0 0 50000
0 486 0 0 50000
0 487 0 0 50000
0 488 0 0 50000
0 489 0 0 50000
0 490 0 0 50000
0 491 0 0 50000
0 492 0 0 50000
0 493 0 0 50000
0 494 0 0 50000
0 495 0 0 50000
0 496 0 0 50000
0 497 0 0 50000
0 498 0 0 50000
0 499 0 0 50000
0 500 0 0 50000
0 401 0 0 50000
0 402 0 0 50000
0 403 0 0 50000
0 404 0 0 50000
0 405 0 0 50000
0 406 0 0 50000
0 407 0 0 50000
0 408 0 0 50000
0 409 0 0 50000
0 410 0 0 50000
0 411 0 0 50000
0 412 0 0 50000
0 413 0 0 50000
0 414 0 0 50000
0 415 0 0 50000
0 416 0 0 50000
0 417 0 0 50000
0 418 0 0 50000
0 419 0 0 50000
0 420 0 0 50000
0 421 0 0 50000
0 422 0 0 50000
0 423 0 0 50000
0 424 0 0 50000
0 425 0 0 50000
0 426 0 0 50000
0 427 0 0 50000
0 428 0 0 50000
0 429 0 0 50000
0 430 0 0 50000
0 431 0 0 50000
0 432 0 0 50000
0 433 0 0 50000
0 434 0 0 50000
0 435 0 0 50000
0 436 0 0 50000
0 437 0 0 50000
0 438 0 0 50000
0 439 0 0 50000
0 440 0 0 50000
0 441 0 0 50000
0 442 0 0 50000
0 443 0 0 50000
0 444 0 0 50000
0 445 0 0 50000
0 446 0 0 50000
0 447 0 0 50000
0 448 0 0 50000
0 449 0 0 50000
0 450 0 0 50000
0 451 0 0 50000
0 452 0 0 50000
0 453 0 0 50000
0 454 0 0 50000
0 455 0 0 50000
0 456 0 0 50000
0 457 0 0 50000
0 458 0 0 50000
0 459 0 0 50000
0 460 0 0 50000
0 461 0 0 50000
0 462 0 0 50000
0 463 0 0 50000
0 464 0 0 50000
0 465 0 0 50000
0 466 0 0 50000
0 467 0 0 50000
0 468 0 0 50000
0 469 0 0 50000
0 470 0 0 50000
0 471 0 0 50000
0 472 0 0 50000
0 473 0 0 50000
0 474 0 0 50000
0 475 0 0 50000
0 476 0 0 50000
0 477 0 0 50000
0 478 0 0 50000
0 479 0 0 50000
0 480 0 0 50000
0 481 0 0 50000
0 482 0 0 50000
0 483 0 0 50000
0 484 0 0 50000
0 485 0 0 50000
0 486 0 0 50000
0 487 0 0 50000
0 488 0 0 50000
0 489 0 0 50000
0 490 0 0 50000
0 491 0 0 50000
0 492 0 0 50000
0 493 0 0 50000
0 494 0 0 50000
0 495 0 0 50000
0 496 0 0 50000
0 497 0 0 50000
0 498 0 0 50000
0 499 0 0 50000
0 500 0 0 50000
0 0 0 0 60000
0 0 0 0 60000
0 0 0 0 60000
0 0 0 0 60000
0 0 0 0 60000
0 0 0 0 60000
0 0 0 0 60000
0 0 0 0 60000
0 0 0 0 60000
0 0 0 0 60000
0 0 0 0 60000
0 0 0 0 60000
0 0 0 0 60000
0 0 0 0 60000
0 0 0 0 60000
0 0 0 0 60000
0 0 0 0 60000
0 0 0 0 60000
0 0 0 0 60000
0 0 0 0 60000
0 0 0 0 60000
0 0 0 0 60000
0 0 0 0 60000
0 0 0 0 60000
0 0 0 0 60000
0 0 0 0 60000
0 0 0 0 60000
0 0 0 0 60000
0 0 0 0 60000
0 0 0 0 60000
0 0 0 0 60000
0 0 0 0 60000
0 0 0 0 60000
0 0 0 0 60000
0 0 0 0 60000
0 0 0 0 60000
0 0 0 0 60000
0 0 0 0 60000
0 0 0 0 60000
0 0 0 0 60000
0 0 0 0 60000
0 0 0 0 60000
0 0 0 0 60000
0 0 0 0 60000
0 0 0 0 60000
0 0 0 0 60000
0 0 0 0 60000
0 0 0 0 60000
0 0 0 0 60000
0 0 0 0 60000
0 0 0 0 60000
0 0 0 0 60000
0 0 0 0 60000
0 0 0 0 60000
0 0 0 0 60000
0 0 0 0 60000
0 0 0 0 60000
0 0 0 0 60000
0 0 0 0 60000
0 0 0 0 60000
0 0 0 0 60000
0 0 0 0 60000
0 0 0 0 60000
0 0 0 0 60000
0 0 0 0 60000
0 0 0 0 60000
0 0 0 0 60000
0 0 0 0 60000
0 0 0 0 60000
0 0 0 0 60000
0 0 0 0 60000
0 0 0 0 60000
0 0 0 0 60000
0 0 0 0 60000
0 0 0 0 60000
0 0 0 0 60000
0 0 0 0 60000
0 0 0 0 60000
0 0 0 0 60000
0 0 0 0 60000
0 0 0 0 60000
0 0 0 0 60000
0 0 0 0 60000
0 0 0 0 60000
0 0 0 0 60000
0 0 0 0 60000
0 0 0 0 60000
0 0 0 0 60000
0 0 0 0 60000
0 0 0 0 60000
0 0 0 0 60000
0 0 0 0 60000
0 0 0 0 60000
0 0 0 0 60000
0 0 0 0 60000
0 0 0 0 60000
0 0 0 0 60000
0 0 0 0 60000
0 0 0 0 60000
0 0 0 0 60000
0 501 0 0 60000
0 502 0 0 60000
0 503 0 0 60000
0 504 0 0 60000
0 505 0 0 60000
0 506 0 0 60000
0 507 0 0 60000
0 508 0 0 60000
0 509 0 0 60000
0 510 0 0 60000
0 511 0 0 60000
0 512 0 0 60000
0 513 0 0 60000
0 514 0 0 60000
0 515 0 0 60000
0 516 0 0 60000
0 517 0 0 60000
0 518 0 0 60000
0 519 0 0 60000
0 520 0 0 60000
0 521 0 0 60000
0 522 0 0 60000
0 523 0 0 60000
0 524 0 0 60000
0 525 0 0 60000
0 526 0 0 60000
0 527 0 0 60000
0 528 0 0 60000
0 529 0 0 60000
0 530 0 0 60000
0 531 0 0 60000
0 532 0 0 60000
0 533 0 0 60000
0 534 0 0 60000
0 535 0 0 60000
0 536 0 0 60000
0 537 0 0 60000
0 538 0 0 60000
0 539 0 0 60000
0 540 0 0 60000
0 541 0 0 60000
0 542 0 0 60000
0 543 0 0 60000
0 544 0 0 60000
0 545 0 0 60000
0 546 0 0 60000
0 547 0 0 60000
0 548 0 0 60000
0 549 0 0 60000
0 550 0 0 60000
0 551 0 0 60000
0 552 0 0 60000
0 553 0 0 60000
0 554 0 0 60000
0 555 0 0 60000
0 556 0 0 60000
0 557 0 0 60000
0 558 0 0 60000
0 559 0 0 60000
0 560 0 0 60000
0 561 0 0 60000
0 562 0 0 60000
0 563 0 0 60000
0 564 0 0 60000
0 565 0 0 60000
0 566 0 0 60000
0 567 0 0 60000
0 568 0 0 60000
0 569 0 0 60000
0 570 0 0 60000
0 571 0 0 60000
0 572 0 0 60000
0 573 0 0 60000
0 574 0 0 60000
0 575 0 0 60000
0 576 0 0 60000
0 577 0 0 60000
0 578 0 0 60000
0 579 0 0 60000
0 580 0 0 60000
0 581 0 0 60000
0 582 0 0 60000
0 583 0 0 60000
0 584 0 0 60000
0 585 0 0 60000
0 586 0 0 60000
0 587 0 0 60000
0 588 0 0 60000
0 589 0 0 60000
0 590 0 0 60000
0 591 0 0 60000
0 592 0 0 60000
0 593 0 0 60000
0 594 0 0 60000
0 595 0 0 60000
0 596 0 0 60000
0 597 0 0 60000
0 598 0 0 60000
0 599 0 0 60000
0 600 0 0 60000
0 501 0 0 60000
0 502 0 0 60000
0 503 0 0 60000
0 504 0 0 60000
0 505 0 0 60000
0 506 0 0 60000
0 507 0 0 60000
0 508 0 0 60000
0 509 0 0 60000
0 510 0 0 60000
0 511 0 0 60000
0 512 0 0 60000
0 513 0 0 60000
0 514 0 0 60000
0 515 0 0 60000
0 516 0 0 60000
0 517 0 0 60000
0 518 0 0 60000
0 519 0 0 60000
0 520 0 0 60000
0 521 0 0 60000
0 522 0 0 60000
0 523 0 0 60000
0 524 0 0 60000
0 525 0 0 60000
0 526 0 0 60000
0 527 0 0 60000
0 528 0 0 60000
0 529 0 0 60000
0 530 0 0 60000
0 531 0 0 60000
0 532 0 0 60000
0 533 0 0 60000
0 534 0 0 60000
0 535 0 0 60000
0 536 0 0 60000
0 537 0 0 60000
0 538 0 0 60000
0 539 0 0 60000
0 540 0 0 60000
0 541 0 0 60000
0 542 0 0 60000
0 543 0 0 60000
0 544 0 0 60000
0 545 0 0 60000
0 546 0 0 60000
0 547 0 0 60000
0 548 0 0 60000
0 549 0 0 60000
0 550 0 0 60000
0 551 0 0 60000
0 552 0 0 60000
0 553 0 0 60000
0 554 0 0 60000
0 555 0 0 60000
0 556 0 0 60000
0 557 0 0 60000
0 558 0 0 60000
0 559 0 0 60000
0 560 0 0 60000
0 561 0 0 60000
0 562 0 0 60000
0 563 0 0 60000
0 564 0 0 60000
0 565 0 0 60000
0 566 0 0 60000
0 567 0 0 60000
0 568 0 0 60000
0 569 0 0 60000
0 570 0 0 60000
0 571 0 0 60000
0 572 0 0 60000
0 573 0 0 60000
0 574 0 0 60000
0 575 0 0 60000
0 576 0 0 60000
0 577 0 0 60000
0 578 0 0 60000
0 579 0 0 60000
0 580 0 0 60000
0 581 0 0 60000
0 582 0 0 60000
0 583 0 0 60000
0 584 0 0 60000
0 585 0 0 60000
0 586 0 0 60000
0 587 0 0 60000
0 588 0 0 60000
0 589 0 0 60000
0 590 0 0 60000
0 591 0 0 60000
0 592 0 0 60000
0 593 0 0 60000
0 594 0 0 60000
0 595 0 0 60000
0 596 0 0 60000
0 597 0 0 60000
0 598 0 0 60000
0 599 0 0 60000
0 600 0 0 60000
0 501 0 0 60000
0 502 0 0 60000
0 503 0 0 60000
0 504 0 0 60000
0 505 0 0 60000
0 506 0 0 60000
0 507 0 0 60000
0 508 0 0 60000
0 509 0 0 60000
0 510 0 0 60000
0 511 0 0 60000
0 512 0 0 60000
0 513 0 0 60000
0 514 0 0 60000
0 515 0 0 60000
0 516 0 0 60000
0 517 0 0 60000
0 518 0 0 60000
0 519 0 0 60000
0 520 0 0 60000
0 521 0 0 60000
0 522 0 0 60000
0 523 0 0 60000
0 524 0 0 60000
0 525 0 0 60000
0 526 0 0 60000
0 527 0 0 60000
0 528 0 0 60000
0 529 0 0 60000
0 530 0 0 60000
0 531 0 0 60000
0 532 0 0 60000
0 533 0 0 60000
0 534 0 0 60000
0 535 0 0 60000
0 536 0 0 60000
0 537 0 0 60000
0 538 0 0 60000
0 539 0 0 60000
0 540 0 0 60000
0 541 0 0 60000
0 542 0 0 60000
0 543 0 0 60000
0 544 0 0 60000
0 545 0 0 60000
0 546 0 0 60000
0 547 0 0 60000
0 548 0 0 60000
0 549 0 0 60000
0 550 0 0 60000
0 551 0 0 60000
0 552 0 0 60000
0 553 0 0 60000
0 554 0 0 60000
0 555 0 0 60000
0 556 0 0 60000
0 557 0 0 60000
0 558 0 0 60000
0 559 0 0 60000
0 560 0 0 60000
0 561 0 0 60000
0 562 0 0 60000
0 563 0 0 60000
0 564 0 0 60000
0 565 0 0 60000
0 566 0 0 60000
0 567 0 0 60000
0 568 0 0 60000
0 569 0 0 60000
0 570 0 0 60000
0 571 0 0 60000
0 572 0 0 60000
0 573 0 0 60000
0 574 0 0 60000
0 575 0 0 60000
0 576 0 0 60000
0 577 0 0 60000
0 578 0 0 60000
0 579 0 0 60000
0 580 0 0 60000
0 581 0 0 60000
0 582 0 0 60000
0 583 0 0 60000
0 584 0 0 60000
0 585 0 0 60000
0 586 0 0 60000
0 587 0 0 60000
0 588 0 0 60000
0 589 0 0 60000
0 590 0 0 60000
0 591 0 0 60000
0 592 0 0 60000
0 593 0 0 60000
0 594 0 0 60000
0 595 0 0 60000
0 596 0 0 60000
0 597 0 0 60000
0 598 0 0 60000
0 599 0 0 60000
0 600 0 0 60000
0 501 0 0 60000
0 502 0 0 60000
0 503 0 0 60000
0 504 0 0 60000
0 505 0 0 60000
0 506 0 0 60000
0 507 0 0 60000
0 508 0 0 60000
0 509 0 0 60000
0 510 0 0 60000
0 511 0 0 60000
0 512 0 0 60000
0 513 0 0 60000
0 514 0 0 60000
0 515 0 0 60000
0 516 0 0 60000
0 517 0 0 60000
0 518 0 0 60000
0 519 0 0 60000
0 520 0 0 60000
0 521 0 0 60000
0 522 0 0 60000
0 523 0 0 60000
0 524 0 0 60000
0 525 0 0 60000
0 526 0 0 60000
0 527 0 0 60000
0 528 0 0 60000
0 529 0 0 60000
0 530 0 0 60000
0 531 0 0 60000
0 532 0 0 60000
0 533 0 0 60000
0 534 0 0 60000
0 535 0 0 60000
0 536 0 0 60000
0 537 0 0 60000
0 538 0 0 60000
0 539 0 0 60000
0 540 0 0 60000
0 541 0 0 60000
0 542 0 0 60000
0 543 0 0 60000
0 544 0 0 60000
0 545 0 0 60000
0 546 0 0 60000
0 547 0 0 60000
0 548 0 0 60000
0 549 0 0 60000
0 550 0 0 60000
0 551 0 0 60000
0 552 0 0 60000
0 553 0 0 60000
0 554 0 0 60000
0 555 0 0 60000
0 556 0 0 60000
0 557 0 0 60000
0 558 0 0 60000
0 559 0 0 60000
0 560 0 0 60000
0 561 0 0 60000
0 562 0 0 60000
0 563 0 0 60000
0 564 0 0 60000
0 565 0 0 60000
0 566 0 0 60000
0 567 0 0 60000
0 568 0 0 60000
0 569 0 0 60000
0 570 0 0 60000
0 571 0 0 60000
0 572 0 0 60000
0 573 0 0 60000
0 574 0 0 60000
0 575 0 0 60000
0 576 0 0 60000
0 577 0 0 60000
0 578 0 0 60000
0 579 0 0 60000
0 580 0 0 60000
0 581 0 0 60000
0 582 0 0 60000
0 583 0 0 60000
0 584 0 0 60000
0 585 0 0 60000
0 586 0 0 60000
0 587 0 0 60000
0 588 0 0 60000
0 589 0 0 60000
0 590 0 0 60000
0 591 0 0 60000
0 592 0 0 60000
0 593 0 0 60000
0 594 0 0 60000
0 595 0 0 60000
0 596 0 0 60000
0 597 0 0 60000
0 598 0 0 60000
0 599 0 0 60000
0 600 0 0 60000
0 501 0 0 60000
0 502 0 0 60000
0 503 0 0 60000
0 504 0 0 60000
0 505 0 0 60000
0 506 0 0 60000
0 507 0 0 60000
0 508 0 0 60000
0 509 0 0 60000
0 510 0 0 60000
0 511 0 0 60000
0 512 0 0 60000
0 513 0 0 60000
0 514 0 0 60000
0 515 0 0 60000
0 516 0 0 60000
0 517 0 0 60000
0 518 0 0 60000
0 519 0 0 60000
0 520 0 0 60000
0 521 0 0 60000
0 522 0 0 60000
0 523 0 0 60000
0 524 0 0 60000
0 525 0 0 60000
0 526 0 0 60000
0 527 0 0 60000
0 528 0 0 60000
0 529 0 0 60000
0 530 0 0 60000
0 531 0 0 60000
0 532 0 0 60000
0 533 0 0 60000
0 534 0 0 60000
0 535 0 0 60000
0 536 0 0 60000
0 537 0 0 60000
0 538 0 0 60000
0 539 0 0 60000
0 540 0 0 60000
0 541 0 0 60000
0 542 0 0 60000
0 543 0 0 60000
0 544 0 0 60000
0 545 0 0 60000
0 546 0 0 60000
0 547 0 0 60000
0 548 0 0 60000
0 549 0 0 60000
0 550 0 0 60000
0 551 0 0 60000
0 552 0 0 60000
0 553 0 0 60000
0 554 0 0 60000
0 555 0 0 60000
0 556 0 0 60000
0 557 0 0 60000
0 558 0 0 60000
0 559 0 0 60000
0 560 0 0 60000
0 561 0 0 60000
0 562 0 0 60000
0 563 0 0 60000
0 564 0 0 60000
0 565 0 0 60000
0 566 0 0 60000
0 567 0 0 60000
0 568 0 0 60000
0 569 0 0 60000
0 570 0 0 60000
0 571 0 0 60000
0 572 0 0 60000
0 573 0 0 60000
0 574 0 0 60000
0 575 0 0 60000
0 576 0 0 60000
0 577 0 0 60000
0 578 0 0 60000
0 579 0 0 60000
0 580 0 0 60000
0 581 0 0 60000
0 582 0 0 60000
0 583 0 0 60000
0 584 0 0 60000
0 585 0 0 60000
0 586 0 0 60000
0 587 0 0 60000
0 588 0 0 60000
0 589 0 0 60000
0 590 0 0 60000
0 591 0 0 60000
0 592 0 0 60000
0 593 0 0 60000
0 594 0 0 60000
0 595 0 0 60000
0 596 0 0 60000
0 597 0 0 60000
0 598 0 0 60000
0 599 0 0 60000
0 600 0 0 60000
0 0 0 0 70000
0 0 0 0 70000
0 0 0 0 70000
0 0 0 0 70000
0 0 0 0 70000
0 0 0 0 70000
0 0 0 0 70000
0 0 0 0 70000
0 0 0 0 70000
0 0 0 0 70000
0 0 0 0 70000
0 0 0 0 70000
0 0 0 0 70000
0 0 0 0 70000
0 0 0 0 70000
0 0 0 0 70000
0 0 0 0 70000
0 0 0 0 70000
0 0 0 0 70000
0 0 0 0 70000
0 0 0 0 70000
0 0 0 0 70000
0 0 0 0 70000
0 0 0 0 70000
0 0 0 0 70000
0 0 0 0 70000
0 0 0 0 70000
0 0 0 0 70000
0 0 0 0 70000
0 0 0 0 70000
0 0 0 0 70000
0 0 0 0 70000
0 0 0 0 70000
0 0 0 0 70000
0 0 0 0 70000
0 0 0 0 70000
0 0 0 0 70000
0 0 0 0 70000
0 0 0 0 70000
0 0 0 0 70000
0 0 0 0 70000
0 0 0 0 70000
0 0 0 0 70000
0 0 0 0 70000
0 0 0 0 70000
0 0 0 0 70000
0 0 0 0 70000
0 0 0 0 70000
0 0 0 0 70000
0 0 0 0 70000
0 0 0 0 70000
0 0 0 0 70000
0 0 0 0 70000
0 0 0 0 70000
0 0 0 0 70000
0 0 0 0 70000
0 0 0 0 70000
0 0 0 0 70000
0 0 0 0 70000
0 0 0 0 70000
0 0 0 0 70000
0 0 0 0 70000
0 0 0 0 70000
0 0 0 0 70000
0 0 0 0 70000
0 0 0 0 70000
0 0 0 0 70000
0 0 0 0 70000
0 0 0 0 70000
0 0 0 0 70000
0 0 0 0 70000
0 0 0 0 70000
0 0 0 0 70000
0 0 0 0 70000
0 0 0 0 70000
0 0 0 0 70000
0 0 0 0 70000
0 0 0 0 70000
0 0 0 0 70000
0 0 0 0 70000
0 0 0 0 70000
0 0 0 0 70000
0 0 0 0 70000
0 0 0 0 70000
0 0 0 0 70000
0 0 0 0 70000
0 0 0 0 70000
0 0 0 0 70000
0 0 0 0 70000
0 0 0 0 70000
0 0 0 0 70000
0 0 0 0 70000
0 0 0 0 70000
0 0 0 0 70000
0 0 0 0 70000
0 0 0 0 70000
0 0 0 0 70000
0 0 0 0 70000
0 0 0 0 70000
0 0 0 0 70000
0 601 0 0 70000
0 602 0 0 70000
0 603 0 0 70000
0 604 0 0 70000
0 605 0 0 70000
0 606 0 0 70000
0 607 0 0 70000
0 608 0 0 70000
0 609 0 0 70000
0 610 0 0 70000
0 611 0 0 70000
0 612 0 0 70000
0 613 0 0 70000
0 614 0 0 70000
0 615 0 0 70000
0 616 0 0 70000
0 617 0 0 70000
0 618 0 0 70000
0 619 0 0 70000
0 620 0 0 70000
0 621 0 0 70000
0 622 0 0 70000
0 623 0 0 70000
0 624 0 0 70000
0 625 0 0 70000
0 626 0 0 70000
0 627 0 0 70000
0 628 0 0 70000
0 629 0 0 70000
0 630 0 0 70000
0 631 0 0 70000
0 632 0 0 70000
0 633 0 0 70000
0 634 0 0 70000
0 635 0 0 70000
0 636 0 0 70000
0 637 0 0 70000
0 638 0 0 70000
0 639 0 0 70000
0 640 0 0 70000
0 641 0 0 70000
0 642 0 0 70000
0 643 0 0 70000
0 644 0 0 70000
0 645 0 0 70000
0 646 0 0 70000
0 647 0 0 70000
0 648 0 0 70000
0 649 0 0 70000
0 650 0 0 70000
0 651 0 0 70000
0 652 0 0 70000
0 653 0 0 70000
0 654 0 0 70000
0 655 0 0 70000
0 656 0 0 70000
0 657 0 0 70000
0 658 0 0 70000
0 659 0 0 70000
0 660 0 0 70000
0 661 0 0 70000
0 662 0 0 70000
0 663 0 0 70000
0 664 0 0 70000
0 665 0 0 70000
0 666 0 0 70000
0 667 0 0 70000
0 668 0 0 70000
0 669 0 0 70000
0 670 0 0 70000
0 671 0 0 70000
0 672 0 0 70000
0 673 0 0 70000
0 674 0 0 70000
0 675 0 0 70000
0 676 0 0 70000
0 677 0 0 70000
0 678 0 0 70000
0 679 0 0 70000
0 680 0 0 70000
0 681 0 0 70000
0 682 0 0 70000
0 683 0 0 70000
0 684 0 0 70000
0 685 0 0 70000
0 686 0 0 70000
0 687 0 0 70000
0 688 0 0 70000
0 689 0 0 70000
0 690 0 0 70000
0 691 0 0 70000
0 692 0 0 70000
0 693 0 0 70000
0 694 0 0 70000
0 695 0 0 70000
0 696 0 0 70000
0 697 0 0 70000
0 698 0 0 70000
0 699 0 0 70000
0 700 0 0 70000
0 601 0 0 70000
0 602 0 0 70000
0 603 0 0 70000
0 604 0 0 70000
0 605 0 0 70000
0 606 0 0 70000
0 607 0 0 70000
0 608 0 0 70000
0 609 0 0 70000
0 610 0 0 70000
0 611 0 0 70000
0 612 0 0 70000
0 613 0 0 70000
0 614 0 0 70000
0 615 0 0 70000
0 616 0 0 70000
0 617 0 0 70000
0 618 0 0 70000
0 619 0 0 70000
0 620 0 0 70000
0 621 0 0 70000
0 622 0 0 70000
0 623 0 0 70000
0 624 0 0 70000
0 625 0 0 70000
0 626 0 0 70000
0 627 0 0 70000
0 628 0 0 70000
0 629 0 0 70000
0 630 0 0 70000
0 631 0 0 70000
0 632 0 0 70000
0 633 0 0 70000
0 634 0 0 70000
0 635 0 0 70000
0 636 0 0 70000
0 637 0 0 70000
0 638 0 0 70000
0 639 0 0 70000
0 640 0 0 70000
0 641 0 0 70000
0 642 0 0 70000
0 643 0 0 70000
0 644 0 0 70000
0 645 0 0 70000
0 646 0 0 70000
0 647 0 0 70000
0 648 0 0 70000
0 649 0 0 70000
0 650 0 0 70000
0 651 0 0 70000
0 652 0 0 70000
0 653 0 0 70000
0 654 0 0 70000
0 655 0 0 70000
0 656 0 0 70000
0 657 0 0 70000
0 658 0 0 70000
0 659 0 0 70000
0 660 0 0 70000
0 661 0 0 70000
0 662 0 0 70000
0 663 0 0 70000
0 664 0 0 70000
0 665 0 0 70000
0 666 0 0 70000
0 667 0 0 70000
0 668 0 0 70000
0 669 0 0 70000
0 670 0 0 70000
0 671 0 0 70000
0 672 0 0 70000
0 673 0 0 70000
0 674 0 0 70000
0 675 0 0 70000
0 676 0 0 70000
0 677 0 0 70000
0 678 0 0 70000
0 679 0 0 70000
0 680 0 0 70000
0 681 0 0 70000
0 682 0 0 70000
0 683 0 0 70000
0 684 0 0 70000
0 685 0 0 70000
0 686 0 0 70000
0 687 0 0 70000
0 688 0 0 70000
0 689 0 0 70000
0 690 0 0 70000
0 691 0 0 70000
0 692 0 0 70000
0 693 0 0 70000
0 694 0 0 70000
0 695 0 0 70000
0 696 0 0 70000
0 697 0 0 70000
0 698 0 0 70000
0 699 0 0 70000
0 700 0 0 70000
0 601 0 0 70000
0 602 0 0 70000
0 603 0 0 70000
0 604 0 0 70000
0 605 0 0 70000
0 606 0 0 70000
0 607 0 0 70000
0 608 0 0 70000
0 609 0 0 70000
0 610 0 0 70000
0 611 0 0 70000
0 612 0 0 70000
0 613 0 0 70000
0 614 0 0 70000
0 615 0 0 70000
0 616 0 0 70000
0 617 0 0 70000
0 618 0 0 70000
0 619 0 0 70000
0 620 0 0 70000
0 621 0 0 70000
0 622 0 0 70000
0 623 0 0 70000
0 624 0 0 70000
0 625 0 0 70000
0 626 0 0 70000
0 627 0 0 70000
0 628 0 0 70000
0 629 0 0 70000
0 630 0 0 70000
0 631 0 0 70000
0 632 0 0 70000
0 633 0 0 70000
0 634 0 0 70000
0 635 0 0 70000
0 636 0 0 70000
0 637 0 0 70000
0 638 0 0 70000
0 639 0 0 70000
0 640 0 0 70000
0 641 0 0 70000
0 642 0 0 70000
0 643 0 0 70000
0 644 0 0 70000
0 645 0 0 70000
0 646 0 0 70000
0 647 0 0 70000
0 648 0 0 70000
0 649 0 0 70000
0 650 0 0 70000
0 651 0 0 70000
0 652 0 0 70000
0 653 0 0 70000
0 654 0 0 70000
0 655 0 0 70000
0 656 0 0 70000
0 657 0 0 70000
0 658 0 0 70000
0 659 0 0 70000
0 660 0 0 70000
0 661 0 0 70000
0 662 0 0 70000
0 663 0 0 70000
0 664 0 0 70000
0 665 0 0 70000
0 666 0 0 70000
0 667 0 0 70000
0 668 0 0 70000
0 669 0 0 70000
0 670 0 0 70000
0 671 0 0 70000
0 672 0 0 70000
0 673 0 0 70000
0 674 0 0 70000
0 675 0 0 70000
0 676 0 0 70000
0 677 0 0 70000
0 678 0 0 70000
0 679 0 0 70000
0 680 0 0 70000
0 681 0 0 70000
0 682 0 0 70000
0 683 0 0 70000
0 684 0 0 70000
0 685 0 0 70000
0 686 0 0 70000
0 687 0 0 70000
0 688 0 0 70000
0 689 0 0 70000
0 690 0 0 70000
0 691 0 0 70000
0 692 0 0 70000
0 693 0 0 70000
0 694 0 0 70000
0 695 0 0 70000
0 696 0 0 70000
0 697 0 0 70000
0 698 0 0 70000
0 699 0 0 70000
0 700 0 0 70000
0 601 0 0 70000
0 602 0 0 70000
0 603 0 0 70000
0 604 0 0 70000
0 605 0 0 70000
0 606 0 0 70000
0 607 0 0 70000
0 608 0 0 70000
0 609 0 0 70000
0 610 0 0 70000
0 611 0 0 70000
0 612 0 0 70000
0 613 0 0 70000
0 614 0 0 70000
0 615 0 0 70000
0 616 0 0 70000
0 617 0 0 70000
0 618 0 0 70000
0 619 0 0 70000
0 620 0 0 70000
0 621 0 0 70000
0 622 0 0 70000
0 623 0 0 70000
0 624 0 0 70000
0 625 0 0 70000
0 626 0 0 70000
0 627 0 0 70000
0 628 0 0 70000
0 629 0 0 70000
0 630 0 0 70000
0 631 0 0 70000
0 632 0 0 70000
0 633 0 0 70000
0 634 0 0 70000
0 635 0 0 70000
0 636 0 0 70000
0 637 0 0 70000
0 638 0 0 70000
0 639 0 0 70000
0 640 0 0 70000
0 641 0 0 70000
0 642 0 0 70000
0 643 0 0 70000
0 644 0 0 70000
0 645 0 0 70000
0 646 0 0 70000
0 647 0 0 70000
0 648 0 0 70000
0 649 0 0 70000
0 650 0 0 70000
0 651 0 0 70000
0 652 0 0 70000
0 653 0 0 70000
0 654 0 0 70000
0 655 0 0 70000
0 656 0 0 70000
0 657 0 0 70000
0 658 0 0 70000
0 659 0 0 70000
0 660 0 0 70000
0 661 0 0 70000
0 662 0 0 70000
0 663 0 0 70000
0 664 0 0 70000
0 665 0 0 70000
0 666 0 0 70000
0 667 0 0 70000
0 668 0 0 70000
0 669 0 0 70000
0 670 0 0 70000
0 671 0 0 70000
0 672 0 0 70000
0 673 0 0 70000
0 674 0 0 70000
0 675 0 0 70000
0 676 0 0 70000
0 677 0 0 70000
0 678 0 0 70000
0 679 0 0 70000
0 680 0 0 70000
0 681 0 0 70000
0 682 0 0 70000
0 683 0 0 70000
0 684 0 0 70000
0 685 0 0 70000
0 686 0 0 70000
0 687 0 0 70000
0 688 0 0 70000
0 689 0 0 70000
0 690 0 0 70000
0 691 0 0 70000
0 692 0 0 70000
0 693 0 0 70000
0 694 0 0 70000
0 695 0 0 70000
0 696 0 0 70000
0 697 0 0 70000
0 698 0 0 70000
0 699 0 0 70000
0 700 0 0 70000
0 601 0 0 70000
0 602 0 0 70000
0 603 0 0 70000
0 604 0 0 70000
0 605 0 0 70000
0 606 0 0 70000
0 607 0 0 70000
0 608 0 0 70000
0 609 0 0 70000
0 610 0 0 70000
0 611 0 0 70000
0 612 0 0 70000
0 613 0 0 70000
0 614 0 0 70000
0 615 0 0 70000
0 616 0 0 70000
0 617 0 0 70000
0 618 0 0 70000
0 619 0 0 70000
0 620 0 0 70000
0 621 0 0 70000
0 622 0 0 70000
0 623 0 0 70000
0 624 0 0 70000
0 625 0 0 70000
0 626 0 0 70000
0 627 0 0 70000
0 628 0 0 70000
0 629 0 0 70000
0 630 0 0 70000
0 631 0 0 70000
0 632 0 0 70000
0 633 0 0 70000
0 634 0 0 70000
0 635 0 0 70000
0 636 0 0 70000
0 637 0 0 70000
0 638 0 0 70000
0 639 0 0 70000
0 640 0 0 70000
0 641 0 0 70000
0 642 0 0 70000
0 643 0 0 70000
0 644 0 0 70000
0 645 0 0 70000
0 646 0 0 70000
0 647 0 0 70000
0 648 0 0 70000
0 649 0 0 70000
0 650 0 0 70000
0 651 0 0 70000
0 652 0 0 70000
0 653 0 0 70000
0 654 0 0 70000
0 655 0 0 70000
0 656 0 0 70000
0 657 0 0 70000
0 658 0 0 70000
0 659 0 0 70000
0 660 0 0 70000
0 661 0 0 70000
0 662 0 0 70000
0 663 0 0 70000
0 664 0 0 70000
0 665 0 0 70000
0 666 0 0 70000
0 667 0 0 70000
0 668 0 0 70000
0 669 0 0 70000
0 670 0 0 70000
0 671 0 0 70000
0 672 0 0 70000
0 673 0 0 70000
0 674 0 0 70000
0 675 0 0 70000
0 676 0 0 70000
0 677 0 0 70000
0 678 0 0 70000
0 679 0 0 70000
0 680 0 0 70000
0 681 0 0 70000
0 682 0 0 70000
0 683 0 0 70000
0 684 0 0 70000
0 685 0 0 70000
0 686 0 0 70000
0 687 0 0 70000
0 688 0 0 70000
0 689 0 0 70000
0 690 0 0 70000
0 691 0 0 70000
0 692 0 0 70000
0 693 0 0 70000
0 694 0 0 70000
0 695 0 0 70000
0 696 0 0 70000
0 697 0 0 70000
0 698 0 0 70000
0 699 0 0 70000
0 700 0 0 70000
0 0 0 0 80000
0 0 0 0 80000
0 0 0 0 80000
0 0 0 0 80000
0 0 0 0 80000
0 0 0 0 80000
0 0 0 0 80000
0 0 0 0 80000
0 0 0 0 80000
0 0 0 0 80000
0 0 0 0 80000
0 0 0 0 80000
0 0 0 0 80000
0 0 0 0 80000
0 0 0 0 80000
0 0 0 0 80000
0 0 0 0 80000
0 0 0 0 80000
0 0 0 0 80000
0 0 0 0 80000
0 0 0 0 80000
0 0 0 0 80000
0 0 0 0 80000
0 0 0 0 80000
0 0 0 0 80000
0 0 0 0 80000
0 0 0 0 80000
0 0 0 0 80000
0 0 0 0 80000
0 0 0 0 80000
0 0 0 0 80000
0 0 0 0 80000
0 0 0 0 80000
0 0 0 0 80000
0 0 0 0 80000
0 0 0 0 80000
0 0 0 0 80000
0 0 0 0 80000
0 0 0 0 80000
0 0 0 0 80000
0 0 0 0 80000
0 0 0 0 80000
0 0 0 0 80000
0 0 0 0 80000
0 0 0 0 80000
0 0 0 0 80000
0 0 0 0 80000
0 0 0 0 80000
0 0 0 0 80000
0 0 0 0 80000
0 0 0 0 80000
0 0 0 0 80000
0 0 0 0 80000
0 0 0 0 80000
0 0 0 0 80000
0 0 0 0 80000
0 0 0 0 80000
0 0 0 0 80000
0 0 0 0 80000
0 0 0 0 80000
0 0 0 0 80000
0 0 0 0 80000
0 0 0 0 80000
0 0 0 0 80000
0 0 0 0 80000
0 0 0 0 80000
0 0 0 0 80000
0 0 0 0 80000
0 0 0 0 80000
0 0 0 0 80000
0 0 0 0 80000
0 0 0 0 80000
0 0 0 0 80000
0 0 0 0 80000
0 0 0 0 80000
0 0 0 0 80000
0 0 0 0 80000
0 0 0 0 80000
0 0 0 0 80000
0 0 0 0 80000
0 0 0 0 80000
0 0 0 0 80000
0 0 0 0 80000
0 0 0 0 80000
0 0 0 0 80000
0 0 0 0 80000
0 0 0 0 80000
0 0 0 0 80000
0 0 0 0 80000
0 0 0 0 80000
0 0 0 0 80000
0 0 0 0 80000
0 0 0 0 80000
0 0 0 0 80000
0 0 0 0 80000
0 0 0 0 80000
0 0 0 0 80000
0 0 0 0 80000
0 0 0 0 80000
0 0 0 0 80000
0 701 0 0 80000
0 702 0 0 80000
0 703 0 0 80000
0 704 0 0 80000
0 705 0 0 80000
0 706 0 0 80000
0 707 0 0 80000
0 708 0 0 80000
0 709 0 0 80000
0 710 0 0 80000
0 711 0 0 80000
0 712 0 0 80000
0 713 0 0 80000
0 714 0 0 80000
0 715 0 0 80000
0 716 0 0 80000
0 717 0 0 80000
0 718 0 0 80000
0 719 0 0 80000
0 720 0 0 80000
0 721 0 0 80000
0 722 0 0 80000
0 723 0 0 80000
0 724 0 0 80000
0 725 0 0 80000
0 726 0 0 80000
0 727 0 0 80000
0 728 0 0 80000
0 729 0 0 80000
0 730 0 0 80000
0 731 0 0 80000
0 732 0 0 80000
0 733 0 0 80000
0 734 0 0 80000
0 735 0 0 80000
0 736 0 0 80000
0 737 0 0 80000
0 738 0 0 80000
0 739 0 0 80000
0 740 0 0 80000
0 741 0 0 80000
0 742 0 0 80000
0 743 0 0 80000
0 744 0 0 80000
0 745 0 0 80000
0 746 0 0 80000
0 747 0 0 80000
0 748 0 0 80000
0 749 0 0 80000
0 750 0 0 80000
0 751 0 0 80000
0 752 0 0 80000
0 753 0 0 80000
0 754 0 0 80000
0 755 0 0 80000
0 756 0 0 80000
0 757 0 0 80000
0 758 0 0 80000
0 759 0 0 80000
0 760 0 0 80000
0 761 0 0 80000
0 762 0 0 80000
0 763 0 0 80000
0 764 0 0 80000
0 765 0 0 80000
0 766 0 0 80000
0 767 0 0 80000
0 768 0 0 80000
0 769 0 0 80000
0 770 0 0 80000
0 771 0 0 80000
0 772 0 0 80000
0 773 0 0 80000
0 774 0 0 80000
0 775 0 0 80000
0 776 0 0 80000
0 777 0 0 80000
0 778 0 0 80000
0 779 0 0 80000
0 780 0 0 80000
0 781 0 0 80000
0 782 0 0 80000
0 783 0 0 80000
0 784 0 0 80000
0 785 0 0 80000
0 786 0 0 80000
0 787 0 0 80000
0 788 0 0 80000
0 789 0 0 80000
0 790 0 0 80000
0 791 0 0 80000
0 792 0 0 80000
0 793 0 0 80000
0 794 0 0 80000
0 795 0 0 80000
0 796 0 0 80000
0 797 0 0 80000
0 798 0 0 80000
0 799 0 0 80000
0 800 0 0 80000
0 701 0 0 80000
0 702 0 0 80000
0 703 0 0 80000
0 704 0 0 80000
0 705 0 0 80000
0 706 0 0 80000
0 707 0 0 80000
0 708 0 0 80000
0 709 0 0 80000
0 710 0 0 80000
0 711 0 0 80000
0 712 0 0 80000
0 713 0 0 80000
0 714 0 0 80000
0 715 0 0 80000
0 716 0 0 80000
0 717 0 0 80000
0 718 0 0 80000
0 719 0 0 80000
0 720 0 0 80000
0 721 0 0 80000
0 722 0 0 80000
0 723 0 0 80000
0 724 0 0 80000
0 725 0 0 80000
0 726 0 0 80000
0 727 0 0 80000
0 728 0 0 80000
0 729 0 0 80000
0 730 0 0 80000
0 731 0 0 80000
0 732 0 0 80000
0 733 0 0 80000
0 734 0 0 80000
0 735 0 0 80000
0 736 0 0 80000
0 737 0 0 80000
0 738 0 0 80000
0 739 0 0 80000
0 740 0 0 80000
0 741 0 0 80000
0 742 0 0 80000
0 743 0 0 80000
0 744 0 0 80000
0 745 0 0 80000
0 746 0 0 80000
0 747 0 0 80000
0 748 0 0 80000
0 749 0 0 80000
0 750 0 0 80000
0 751 0 0 80000
0 752 0 0 80000
0 753 0 0 80000
0 754 0 0 80000
0 755 0 0 80000
0 756 0 0 80000
0 757 0 0 80000
0 758 0 0 80000
0 759 0 0 80000
0 760 0 0 80000
0 761 0 0 80000
0 762 0 0 80000
0 763 0 0 80000
0 764 0 0 80000
0 765 0 0 80000
0 766 0 0 80000
0 767 0 0 80000
0 768 0 0 80000
0 769 0 0 80000
0 770 0 0 80000
0 771 0 0 80000
0 772 0 0 80000
0 773 0 0 80000
0 774 0 0 80000
0 775 0 0 80000
0 776 0 0 80000
0 777 0 0 80000
0 778 0 0 80000
0 779 0 0 80000
0 780 0 0 80000
0 781 0 0 80000
0 782 0 0 80000
0 783 0 0 80000
0 784 0 0 80000
0 785 0 0 80000
0 786 0 0 80000
0 787 0 0 80000
0 788 0 0 80000
0 789 0 0 80000
0 790 0 0 80000
0 791 0 0 80000
0 792 0 0 80000
0 793 0 0 80000
0 794 0 0 80000
0 795 0 0 80000
0 796 0 0 80000
0 797 0 0 80000
0 798 0 0 80000
0 799 0 0 80000
0 800 0 0 80000
0 701 0 0 80000
0 702 0 0 80000
0 703 0 0 80000
0 704 0 0 80000
0 705 0 0 80000
0 706 0 0 80000
0 707 0 0 80000
0 708 0 0 80000
0 709 0 0 80000
0 710 0 0 80000
0 711 0 0 80000
0 712 0 0 80000
0 713 0 0 80000
0 714 0 0 80000
0 715 0 0 80000
0 716 0 0 80000
0 717 0 0 80000
0 718 0 0 80000
0 719 0 0 80000
0 720 0 0 80000
0 721 0 0 80000
0 722 0 0 80000
0 723 0 0 80000
0 724 0 0 80000
0 725 0 0 80000
0 726 0 0 80000
0 727 0 0 80000
0 728 0 0 80000
0 729 0 0 80000
0 730 0 0 80000
0 731 0 0 80000
0 732 0 0 80000
0 733 0 0 80000
0 734 0 0 80000
0 735 0 0 80000
0 736 0 0 80000
0 737 0 0 80000
0 738 0 0 80000
0 739 0 0 80000
0 740 0 0 80000
0 741 0 0 80000
0 742 0 0 80000
0 743 0 0 80000
0 744 0 0 80000
0 745 0 0 80000
0 746 0 0 80000
0 747 0 0 80000
0 748 0 0 80000
0 749 0 0 80000
0 750 0 0 80000
0 751 0 0 80000
0 752 0 0 80000
0 753 0 0 80000
0 754 0 0 80000
0 755 0 0 80000
0 756 0 0 80000
0 757 0 0 80000
0 758 0 0 80000
0 759 0 0 80000
0 760 0 0 80000
0 761 0 0 80000
0 762 0 0 80000
0 763 0 0 80000
0 764 0 0 80000
0 765 0 0 80000
0 766 0 0 80000
0 767 0 0 80000
0 768 0 0 80000
0 769 0 0 80000
0 770 0 0 80000
0 771 0 0 80000
0 772 0 0 80000
0 773 0 0 80000
0 774 0 0 80000
0 775 0 0 80000
0 776 0 0 80000
0 777 0 0 80000
0 778 0 0 80000
0 779 0 0 80000
0 780 0 0 80000
0 781 0 0 80000
0 782 0 0 80000
0 783 0 0 80000
0 784 0 0 80000
0 785 0 0 80000
0 786 0 0 80000
0 787 0 0 80000
0 788 0 0 80000
0 789 0 0 80000
0 790 0 0 80000
0 791 0 0 80000
0 792 0 0 80000
0 793 0 0 80000
0 794 0 0 80000
0 795 0 0 80000
0 796 0 0 80000
0 797 0 0 80000
0 798 0 0 80000
0 799 0 0 80000
0 800 0 0 80000
0 701 0 0 80000
0 702 0 0 80000
0 703 0 0 80000
0 704 0 0 80000
0 705 0 0 80000
0 706 0 0 80000
0 707 0 0 80000
0 708 0 0 80000
0 709 0 0 80000
0 710 0 0 80000
0 711 0 0 80000
0 712 0 0 80000
0 713 0 0 80000
0 714 0 0 80000
0 715 0 0 80000
0 716 0 0 80000
0 717 0 0 80000
0 718 0 0 80000
0 719 0 0 80000
0 720 0 0 80000
0 721 0 0 80000
0 722 0 0 80000
0 723 0 0 80000
0 724 0 0 80000
0 725 0 0 80000
0 726 0 0 80000
0 727 0 0 80000
0 728 0 0 80000
0 729 0 0 80000
0 730 0 0 80000
0 731 0 0 80000
0 732 0 0 80000
0 733 0 0 80000
0 734 0 0 80000
0 735 0 0 80000
0 736 0 0 80000
0 737 0 0 80000
0 738 0 0 80000
0 739 0 0 80000
0 740 0 0 80000
0 741 0 0 80000
0 742 0 0 80000
0 743 0 0 80000
0 744 0 0 80000
0 745 0 0 80000
0 746 0 0 80000
0 747 0 0 80000
0 748 0 0 80000
0 749 0 0 80000
0 750 0 0 80000
0 751 0 0 80000
0 752 0 0 80000
0 753 0 0 80000
0 754 0 0 80000
0 755 0 0 80000
0 756 0 0 80000
0 757 0 0 80000
0 758 0 0 80000
0 759 0 0 80000
0 760 0 0 80000
0 761 0 0 80000
0 762 0 0 80000
0 763 0 0 80000
0 764 0 0 80000
0 765 0 0 80000
0 766 0 0 80000
0 767 0 0 80000
0 768 0 0 80000
0 769 0 0 80000
0 770 0 0 80000
0 771 0 0 80000
0 772 0 0 80000
0 773 0 0 80000
0 774 0 0 80000
0 775 0 0 80000
0 776 0 0 80000
0 777 0 0 80000
0 778 0 0 80000
0 779 0 0 80000
0 780 0 0 80000
0 781 0 0 80000
0 782 0 0 80000
0 783 0 0 80000
0 784 0 0 80000
0 785 0 0 80000
0 786 0 0 80000
0 787 0 0 80000
0 788 0 0 80000
0 789 0 0 80000
0 790 0 0 80000
0 791 0 0 80000
0 792 0 0 80000
0 793 0 0 80000
0 794 0 0 80000
0 795 0 0 80000
0 796 0 0 80000
0 797 0 0 80000
0 798 0 0 80000
0 799 0 0 80000
0 800 0 0 80000
0 701 0 0 80000
0 702 0 0 80000
0 703 0 0 80000
0 704 0 0 80000
0 705 0 0 80000
0 706 0 0 80000
0 707 0 0 80000
0 708 0 0 80000
0 709 0 0 80000
0 710 0 0 80000
0 711 0 0 80000
0 712 0 0 80000
0 713 0 0 80000
0 714 0 0 80000
0 715 0 0 80000
0 716 0 0 80000
0 717 0 0 80000
0 718 0 0 80000
0 719 0 0 80000
0 720 0 0 80000
0 721 0 0 80000
0 722 0 0 80000
0 723 0 0 80000
0 724 0 0 80000
0 725 0 0 80000
0 726 0 0 80000
0 727 0 0 80000
0 728 0 0 80000
0 729 0 0 80000
0 730 0 0 80000
0 731 0 0 80000
0 732 0 0 80000
0 733 0 0 80000
0 734 0 0 80000
0 735 0 0 80000
0 736 0 0 80000
0 737 0 0 80000
0 738 0 0 80000
0 739 0 0 80000
0 740 0 0 80000
0 741 0 0 80000
0 742 0 0 80000
0 743 0 0 80000
0 744 0 0 80000
0 745 0 0 80000
0 746 0 0 80000
0 747 0 0 80000
0 748 0 0 80000
0 749 0 0 80000
0 750 0 0 80000
0 751 0 0 80000
0 752 0 0 80000
0 753 0 0 80000
0 754 0 0 80000
0 755 0 0 80000
0 756 0 0 80000
0 757 0 0 80000
0 758 0 0 80000
0 759 0 0 80000
0 760 0 0 80000
0 761 0 0 80000
0 762 0 0 80000
0 763 0 0 80000
0 764 0 0 80000
0 765 0 0 80000
0 766 0 0 80000
0 767 0 0 80000
0 768 0 0 80000
0 769 0 0 80000
0 770 0 0 80000
0 771 0 0 80000
0 772 0 0 80000
0 773 0 0 80000
0 774 0 0 80000
0 775 0 0 80000
0 776 0 0 80000
0 777 0 0 80000
0 778 0 0 80000
0 779 0 0 80000
0 780 0 0 80000
0 781 0 0 80000
0 782 0 0 80000
0 783 0 0 80000
0 784 0 0 80000
0 785 0 0 80000
0 786 0 0 80000
0 787 0 0 80000
0 788 0 0 80000
0 789 0 0 80000
0 790 0 0 80000
0 791 0 0 80000
0 792 0 0 80000
0 793 0 0 80000
0 794 0 0 80000
0 795 0 0 80000
0 796 0 0 80000
0 797 0 0 80000
0 798 0 0 80000
0 799 0 0 80000
0 800 0 0 80000
0 0 0 0 50001
0 0 0 0 50001
0 0 0 0 50001
0 0 0 0 50001
0 0 0 0 50001
0 0 0 0 50001
0 0 0 0 50001
0 0 0 0 50001
0 0 0 0 50001
0 0 0 0 50001
0 0 0 0 50001
0 0 0 0 50001
0 0 0 0 50001
0 0 0 0 50001
0 0 0 0 50001
0 0 0 0 50001
0 0 0 0 50001
0 0 0 0 50001
0 0 0 0 50001
0 0 0 0 50001
0 0 0 0 50001
0 0 0 0 50001
0 0 0 0 50001
0 0 0 0 50001
0 0 0 0 50001
0 0 0 0 50001
0 0 0 0 50001
0 0 0 0 50001
0 0 0 0 50001
0 0 0 0 50001
0 0 0 0 50001
0 0 0 0 50001
0 0 0 0 50001
0 0 0 0 50001
0 0 0 0 50001
0 0 0 0 50001
0 0 0 0 50001
0 0 0 0 50001
0 0 0 0 50001
0 0 0 0 50001
0 0 0 0 50001
0 0 0 0 50001
0 0 0 0 50001
0 0 0 0 50001
0 0 0 0 50001
0 0 0 0 50001
0 0 0 0 50001
0 0 0 0 50001
0 0 0 0 50001
0 0 0 0 50001
0 0 0 0 50001
0 0 0 0 50001
0 0 0 0 50001
0 0 0 0 50001
0 0 0 0 50001
0 0 0 0 50001
0 0 0 0 50001
0 0 0 0 50001
0 0 0 0 50001
0 0 0 0 50001
0 0 0 0 50001
0 0 0 0 50001
0 0 0 0 50001
0 0 0 0 50001
0 0 0 0 50001
0 0 0 0 50001
0 0 0 0 50001
0 0 0 0 50001
0 0 0 0 50001
0 0 0 0 50001
0 0 0 0 50001
0 0 0 0 50001
0 0 0 0 50001
0 0 0 0 50001
0 0 0 0 50001
0 0 0 0 50001
0 0 0 0 50001
0 0 0 0 50001
0 0 0 0 50001
0 0 0 0 50001
0 0 0 0 50001
0 0 0 0 50001
0 0 0 0 50001
0 0 0 0 50001
0 0 0 0 50001
0 0 0 0 50001
0 0 0 0 50001
0 0 0 0 50001
0 0 0 0 50001
0 0 0 0 50001
0 0 0 0 50001
0 0 0 0 50001
0 0 0 0 50001
0 0 0 0 50001
0 0 0 0 50001
0 0 0 0 50001
0 0 0 0 50001
0 0 0 0 50001
0 0 0 0 50001
0 0 0 0 50001
0 401 0 0 50001
0 402 0 0 50001
0 403 0 0 50001
0 404 0 0 50001
0 405 0 0 50001
0 406 0 0 50001
0 407 0 0 50001
0 408 0 0 50001
0 409 0 0 50001
0 410 0 0 50001
0 411 0 0 50001
0 412 0 0 50001
0 413 0 0 50001
0 414 0 0 50001
0 415 0 0 50001
0 416 0 0 50001
0 417 0 0 50001
0 418 0 0 50001
0 419 0 0 50001
0 420 0 0 50001
0 421 0 0 50001
0 422 0 0 50001
0 423 0 0 50001
0 424 0 0 50001
0 425 0 0 50001
0 426 0 0 50001
0 427 0 0 50001
0 428 0 0 50001
0 429 0 0 50001
0 430 0 0 50001
0 431 0 0 50001
0 432 0 0 50001
0 433 0 0 50001
0 434 0 0 50001
0 435 0 0 50001
0 436 0 0 50001
0 437 0 0 50001
0 438 0 0 50001
0 439 0 0 50001
0 440 0 0 50001
0 441 0 0 50001
0 442 0 0 50001
0 443 0 0 50001
0 444 0 0 50001
0 445 0 0 50001
0 446 0 0 50001
0 447 0 0 50001
0 448 0 0 50001
0 449 0 0 50001
0 450 0 0 50001
0 451 0 0 50001
0 452 0 0 50001
0 453 0 0 50001
0 454 0 0 50001
0 455 0 0 50001
0 456 0 0 50001
0 457 0 0 50001
0 458 0 0 50001
0 459 0 0 50001
0 460 0 0 50001
0 461 0 0 50001
0 462 0 0 50001
0 463 0 0 50001
0 464 0 0 50001
0 465 0 0 50001
0 466 0 0 50001
0 467 0 0 50001
0 468 0 0 50001
0 469 0 0 50001
0 470 0 0 50001
0 471 0 0 50001
0 472 0 0 50001
0 473 0 0 50001
0 474 0 0 50001
0 475 0 0 50001
0 476 0 0 50001
0 477 0 0 50001
0 478 0 0 50001
0 479 0 0 50001
0 480 0 0 50001
0 481 0 0 50001
0 482 0 0 50001
0 483 0 0 50001
0 484 0 0 50001
0 485 0 0 50001
0 486 0 0 50001
0 487 0 0 50001
0 488 0 0 50001
0 489 0 0 50001
0 490 0 0 50001
0 491 0 0 50001
0 492 0 0 50001
0 493 0 0 50001
0 494 0 0 50001
0 495 0 0 50001
0 496 0 0 50001
0 497 0 0 50001
0 498 0 0 50001
0 499 0 0 50001
0 500 0 0 50001
0 401 0 0 50001
0 402 0 0 50001
0 403 0 0 50001
0 404 0 0 50001
0 405 0 0 50001
0 406 0 0 50001
0 407 0 0 50001
0 408 0 0 50001
0 409 0 0 50001
0 410 0 0 50001
0 411 0 0 50001
0 412 0 0 50001
0 413 0 0 50001
0 414 0 0 50001
0 415 0 0 50001
0 416 0 0 50001
0 417 0 0 50001
0 418 0 0 50001
0 419 0 0 50001
0 420 0 0 50001
0 421 0 0 50001
0 422 0 0 50001
0 423 0 0 50001
0 424 0 0 50001
0 425 0 0 50001
0 426 0 0 50001
0 427 0 0 50001
0 428 0 0 50001
0 429 0 0 50001
0 430 0 0 50001
0 431 0 0 50001
0 432 0 0 50001
0 433 0 0 50001
0 434 0 0 50001
0 435 0 0 50001
0 436 0 0 50001
0 437 0 0 50001
0 438 0 0 50001
0 439 0 0 50001
0 440 0 0 50001
0 441 0 0 50001
0 442 0 0 50001
0 443 0 0 50001
0 444 0 0 50001
0 445 0 0 50001
0 446 0 0 50001
0 447 0 0 50001
0 448 0 0 50001
0 449 0 0 50001
0 450 0 0 50001
0 451 0 0 50001
0 452 0 0 50001
0 453 0 0 50001
0 454 0 0 50001
0 455 0 0 50001
0 456 0 0 50001
0 457 0 0 50001
0 458 0 0 50001
0 459 0 0 50001
0 460 0 0 50001
0 461 0 0 50001
0 462 0 0 50001
0 463 0 0 50001
0 464 0 0 50001
0 465 0 0 50001
0 466 0 0 50001
0 467 0 0 50001
0 468 0 0 50001
0 469 0 0 50001
0 470 0 0 50001
0 471 0 0 50001
0 472 0 0 50001
0 473 0 0 50001
0 474 0 0 50001
0 475 0 0 50001
0 476 0 0 50001
0 477 0 0 50001
0 478 0 0 50001
0 479 0 0 50001
0 480 0 0 50001
0 481 0 0 50001
0 482 0 0 50001
0 483 0 0 50001
0 484 0 0 50001
0 485 0 0 50001
0 486 0 0 50001
0 487 0 0 50001
0 488 0 0 50001
0 489 0 0 50001
0 490 0 0 50001
0 491 0 0 50001
0 492 0 0 50001
0 493 0 0 50001
0 494 0 0 50001
0 495 0 0 50001
0 496 0 0 50001
0 497 0 0 50001
0 498 0 0 50001
0 499 0 0 50001
0 500 0 0 50001
0 401 0 0 50001
0 402 0 0 50001
0 403 0 0 50001
0 404 0 0 50001
0 405 0 0 50001
0 406 0 0 50001
0 407 0 0 50001
0 408 0 0 50001
0 409 0 0 50001
0 410 0 0 50001
0 411 0 0 50001
0 412 0 0 50001
0 413 0 0 50001
0 414 0 0 50001
0 415 0 0 50001
0 416 0 0 50001
0 417 0 0 50001
0 418 0 0 50001
0 419 0 0 50001
0 420 0 0 50001
0 421 0 0 50001
0 422 0 0 50001
0 423 0 0 50001
0 424 0 0 50001
0 425 0 0 50001
0 426 0 0 50001
0 427 0 0 50001
0 428 0 0 50001
0 429 0 0 50001
0 430 0 0 50001
0 431 0 0 50001
0 432 0 0 50001
0 433 0 0 50001
0 434 0 0 50001
0 435 0 0 50001
0 436 0 0 50001
0 437 0 0 50001
0 438 0 0 50001
0 439 0 0 50001
0 440 0 0 50001
0 441 0 0 50001
0 442 0 0 50001
0 443 0 0 50001
0 444 0 0 50001
0 445 0 0 50001
0 446 0 0 50001
0 447 0 0 50001
0 448 0 0 50001
0 449 0 0 50001
0 450 0 0 50001
0 451 0 0 50001
0 452 0 0 50001
0 453 0 0 50001
0 454 0 0 50001
0 455 0 0 50001
0 456 0 0 50001
0 457 0 0 50001
0 458 0 0 50001
0 459 0 0 50001
0 460 0 0 50001
0 461 0 0 50001
0 462 0 0 50001
0 463 0 0 50001
0 464 0 0 50001
0 465 0 0 50001
0 466 0 0 50001
0 467 0 0 50001
0 468 0 0 50001
0 469 0 0 50001
0 470 0 0 50001
0 471 0 0 50001
0 472 0 0 50001
0 473 0 0 50001
0 474 0 0 50001
0 475 0 0 50001
0 476 0 0 50001
0 477 0 0 50001
0 478 0 0 50001
0 479 0 0 50001
0 480 0 0 50001
0 481 0 0 50001
0 482 0 0 50001
0 483 0 0 50001
0 484 0 0 50001
0 485 0 0 50001
0 486 0 0 50001
0 487 0 0 50001
0 488 0 0 50001
0 489 0 0 50001
0 490 0 0 50001
0 491 0 0 50001
0 492 0 0 50001
0 493 0 0 50001
0 494 0 0 50001
0 495 0 0 50001
0 496 0 0 50001
0 497 0 0 50001
0 498 0 0 50001
0 499 0 0 50001
0 500 0 0 50001
0 401 0 0 50001
0 402 0 0 50001
0 403 0 0 50001
0 404 0 0 50001
0 405 0 0 50001
0 406 0 0 50001
0 407 0 0 50001
0 408 0 0 50001
0 409 0 0 50001
0 410 0 0 50001
0 411 0 0 50001
0 412 0 0 50001
0 413 0 0 50001
0 414 0 0 50001
0 415 0 0 50001
0 416 0 0 50001
0 417 0 0 50001
0 418 0 0 50001
0 419 0 0 50001
0 420 0 0 50001
0 421 0 0 50001
0 422 0 0 50001
0 423 0 0 50001
0 424 0 0 50001
0 425 0 0 50001
0 426 0 0 50001
0 427 0 0 50001
0 428 0 0 50001
0 429 0 0 50001
0 430 0 0 50001
0 431 0 0 50001
0 432 0 0 50001
0 433 0 0 50001
0 434 0 0 50001
0 435 0 0 50001
0 436 0 0 50001
0 437 0 0 50001
0 438 0 0 50001
0 439 0 0 50001
0 440 0 0 50001
0 441 0 0 50001
0 442 0 0 50001
0 443 0 0 50001
0 444 0 0 50001
0 445 0 0 50001
0 446 0 0 50001
0 447 0 0 50001
0 448 0 0 50001
0 449 0 0 50001
0 450 0 0 50001
0 451 0 0 50001
0 452 0 0 50001
0 453 0 0 50001
0 454 0 0 50001
0 455 0 0 50001
0 456 0 0 50001
0 457 0 0 50001
0 458 0 0 50001
0 459 0 0 50001
0 460 0 0 50001
0 461 0 0 50001
0 462 0 0 50001
0 463 0 0 50001
0 464 0 0 50001
0 465 0 0 50001
0 466 0 0 50001
0 467 0 0 50001
0 468 0 0 50001
0 469 0 0 50001
0 470 0 0 50001
0 471 0 0 50001
0 472 0 0 50001
0 473 0 0 50001
0 474 0 0 50001
0 475 0 0 50001
0 476 0 0 50001
0 477 0 0 50001
0 478 0 0 50001
0 479 0 0 50001
0 480 0 0 50001
0 481 0 0 50001
0 482 0 0 50001
0 483 0 0 50001
0 484 0 0 50001
0 485 0 0 50001
0 486 0 0 50001
0 487 0 0 50001
0 488 0 0 50001
0 489 0 0 50001
0 490 0 0 50001
0 491 0 0 50001
0 492 0 0 50001
0 493 0 0 50001
0 494 0 0 50001
0 495 0 0 50001
0 496 0 0 50001
0 497 0 0 50001
0 498 0 0 50001
0 499 0 0 50001
0 500 0 0 50001
0 401 0 0 50001
0 402 0 0 50001
0 403 0 0 50001
0 404 0 0 50001
0 405 0 0 50001
0 406 0 0 50001
0 407 0 0 50001
0 408 0 0 50001
0 409 0 0 50001
0 410 0 0 50001
0 411 0 0 50001
0 412 0 0 50001
0 413 0 0 50001
0 414 0 0 50001
0 415 0 0 50001
0 416 0 0 50001
0 417 0 0 50001
0 418 0 0 50001
0 419 0 0 50001
0 420 0 0 50001
0 421 0 0 50001
0 422 0 0 50001
0 423 0 0 50001
0 424 0 0 50001
0 425 0 0 50001
0 426 0 0 50001
0 427 0 0 50001
0 428 0 0 50001
0 429 0 0 50001
0 430 0 0 50001
0 431 0 0 50001
0 432 0 0 50001
0 433 0 0 50001
0 434 0 0 50001
0 435 0 0 50001
0 436 0 0 50001
0 437 0 0 50001
0 438 0 0 50001
0 439 0 0 50001
0 440 0 0 50001
0 441 0 0 50001
0 442 0 0 50001
0 443 0 0 50001
0 444 0 0 50001
0 445 0 0 50001
0 446 0 0 50001
0 447 0 0 50001
0 448 0 0 50001
0 449 0 0 50001
0 450 0 0 50001
0 451 0 0 50001
0 452 0 0 50001
0 453 0 0 50001
0 454 0 0 50001
0 455 0 0 50001
0 456 0 0 50001
0 457 0 0 50001
0 458 0 0 50001
0 459 0 0 50001
0 460 0 0 50001
0 461 0 0 50001
0 462 0 0 50001
0 463 0 0 50001
0 464 0 0 50001
0 465 0 0 50001
0 466 0 0 50001
0 467 0 0 50001
0 468 0 0 50001
0 469 0 0 50001
0 470 0 0 50001
0 471 0 0 50001
0 472 0 0 50001
0 473 0 0 50001
0 474 0 0 50001
0 475 0 0 50001
0 476 0 0 50001
0 477 0 0 50001
0 478 0 0 50001
0 479 0 0 50001
0 480 0 0 50001
0 481 0 0 50001
0 482 0 0 50001
0 483 0 0 50001
0 484 0 0 50001
0 485 0 0 50001
0 486 0 0 50001
0 487 0 0 50001
0 488 0 0 50001
0 489 0 0 50001
0 490 0 0 50001
0 491 0 0 50001
0 492 0 0 50001
0 493 0 0 50001
0 494 0 0 50001
0 495 0 0 50001
0 496 0 0 50001
0 497 0 0 50001
0 498 0 0 50001
0 499 0 0 50001
0 500 0 0 50001
0 0 0 0 20001
0 0 0 0 20001
0 0 0 0 20001
0 0 0 0 20001
0 0 0 0 20001
0 0 0 0 20001
0 0 0 0 20001
0 0 0 0 20001
0 0 0 0 20001
0 0 0 0 20001
0 0 0 0 20001
0 0 0 0 20001
0 0 0 0 20001
0 0 0 0 20001
0 0 0 0 20001
0 0 0 0 20001
0 0 0 0 20001
0 0 0 0 20001
0 0 0 0 20001
0 0 0 0 20001
0 0 0 0 20001
0 0 0 0 20001
0 0 0 0 20001
0 0 0 0 20001
0 0 0 0 20001
0 0 0 0 20001
0 0 0 0 20001
0 0 0 0 20001
0 0 0 0 20001
0 0 0 0 20001
0 0 0 0 20001
0 0 0 0 20001
0 0 0 0 20001
0 0 0 0 20001
0 0 0 0 20001
0 0 0 0 20001
0 0 0 0 20001
0 0 0 0 20001
0 0 0 0 20001
0 0 0 0 20001
0 0 0 0 20001
0 0 0 0 20001
0 0 0 0 20001
0 0 0 0 20001
0 0 0 0 20001
0 0 0 0 20001
0 0 0 0 20001
0 0 0 0 20001
0 0 0 0 20001
0 0 0 0 20001
0 0 0 0 20001
0 0 0 0 20001
0 0 0 0 20001
0 0 0 0 20001
0 0 0 0 20001
0 0 0 0 20001
0 0 0 0 20001
0 0 0 0 20001
0 0 0 0 20001
0 0 0 0 20001
0 0 0 0 20001
0 0 0 0 20001
0 0 0 0 20001
0 0 0 0 20001
0 0 0 0 20001
0 0 0 0 20001
0 0 0 0 20001
0 0 0 0 20001
0 0 0 0 20001
0 0 0 0 20001
0 0 0 0 20001
0 0 0 0 20001
0 0 0 0 20001
0 0 0 0 20001
0 0 0 0 20001
0 0 0 0 20001
0 0 0 0 20001
0 0 0 0 20001
0 0 0 0 20001
0 0 0 0 20001
0 0 0 0 20001
0 0 0 0 20001
0 0 0 0 20001
0 0 0 0 20001
0 0 0 0 20001
0 0 0 0 20001
0 0 0 0 20001
0 0 0 0 20001
0 0 0 0 20001
0 0 0 0 20001
0 0 0 0 20001
0 0 0 0 20001
0 0 0 0 20001
0 0 0 0 20001
0 0 0 0 20001
0 0 0 0 20001
0 0 0 0 20001
0 0 0 0 20001
0 0 0 0 20001
0 0 0 0 20001
0 101 0 0 20001
0 102 0 0 20001
0 103 0 0 20001
0 104 0 0 20001
0 105 0 0 20001
0 106 0 0 20001
0 107 0 0 20001
0 108 0 0 20001
0 109 0 0 20001
0 110 0 0 20001
0 111 0 0 20001
0 112 0 0 20001
0 113 0 0 20001
0 114 0 0 20001
0 115 0 0 20001
0 116 0 0 20001
0 117 0 0 20001
0 118 0 0 20001
0 119 0 0 20001
0 120 0 0 20001
0 121 0 0 20001
0 122 0 0 20001
0 123 0 0 20001
0 124 0 0 20001
0 125 0 0 20001
0 126 0 0 20001
0 127 0 0 20001
0 128 0 0 20001
0 129 0 0 20001
0 130 0 0 20001
0 131 0 0 20001
0 132 0 0 20001
0 133 0 0 20001
0 134 0 0 20001
0 135 0 0 20001
0 136 0 0 20001
0 137 0 0 20001
0 138 0 0 20001
0 139 0 0 20001
0 140 0 0 20001
0 141 0 0 20001
0 142 0 0 20001
0 143 0 0 20001
0 144 0 0 20001
0 145 0 0 20001
0 146 0 0 20001
0 147 0 0 20001
0 148 0 0 20001
0 149 0 0 20001
0 150 0 0 20001
0 151 0 0 20001
0 152 0 0 20001
0 153 0 0 20001
0 154 0 0 20001
0 155 0 0 20001
0 156 0 0 20001
0 157 0 0 20001
0 158 0 0 20001
0 159 0 0 20001
0 160 0 0 20001
0 161 0 0 20001
0 162 0 0 20001
0 163 0 0 20001
0 164 0 0 20001
0 165 0 0 20001
0 166 0 0 20001
0 167 0 0 20001
0 168 0 0 20001
0 169 0 0 20001
0 170 0 0 20001
0 171 0 0 20001
0 172 0 0 20001
0 173 0 0 20001
0 174 0 0 20001
0 175 0 0 20001
0 176 0 0 20001
0 177 0 0 20001
0 178 0 0 20001
0 179 0 0 20001
0 180 0 0 20001
0 181 0 0 20001
0 182 0 0 20001
0 183 0 0 20001
0 184 0 0 20001
0 185 0 0 20001
0 186 0 0 20001
0 187 0 0 20001
0 188 0 0 20001
0 189 0 0 20001
0 190 0 0 20001
0 191 0 0 20001
0 192 0 0 20001
0 193 0 0 20001
0 194 0 0 20001
0 195 0 0 20001
0 196 0 0 20001
0 197 0 0 20001
0 198 0 0 20001
0 199 0 0 20001
0 200 0 0 20001
0 101 0 0 20001
0 102 0 0 20001
0 103 0 0 20001
0 104 0 0 20001
0 105 0 0 20001
0 106 0 0 20001
0 107 0 0 20001
0 108 0 0 20001
0 109 0 0 20001
0 110 0 0 20001
0 111 0 0 20001
0 112 0 0 20001
0 113 0 0 20001
0 114 0 0 20001
0 115 0 0 20001
0 116 0 0 20001
0 117 0 0 20001
0 118 0 0 20001
0 119 0 0 20001
0 120 0 0 20001
0 121 0 0 20001
0 122 0 0 20001
0 123 0 0 20001
0 124 0 0 20001
0 125 0 0 20001
0 126 0 0 20001
0 127 0 0 20001
0 128 0 0 20001
0 129 0 0 20001
0 130 0 0 20001
0 131 0 0 20001
0 132 0 0 20001
0 133 0 0 20001
0 134 0 0 20001
0 135 0 0 20001
0 136 0 0 20001
0 137 0 0 20001
0 138 0 0 20001
0 139 0 0 20001
0 140 0 0 20001
0 141 0 0 20001
0 142 0 0 20001
0 143 0 0 20001
0 144 0 0 20001
0 145 0 0 20001
0 146 0 0 20001
0 147 0 0 20001
0 148 0 0 20001
0 149 0 0 20001
0 150 0 0 20001
0 151 0 0 20001
0 152 0 0 20001
0 153 0 0 20001
0 154 0 0 20001
0 155 0 0 20001
0 156 0 0 20001
0 157 0 0 20001
0 158 0 0 20001
0 159 0 0 20001
0 160 0 0 20001
0 161 0 0 20001
0 162 0 0 20001
0 163 0 0 20001
0 164 0 0 20001
0 165 0 0 20001
0 166 0 0 20001
0 167 0 0 20001
0 168 0 0 20001
0 169 0 0 20001
0 170 0 0 20001
0 171 0 0 20001
0 172 0 0 20001
0 173 0 0 20001
0 174 0 0 20001
0 175 0 0 20001
0 176 0 0 20001
0 177 0 0 20001
0 178 0 0 20001
0 179 0 0 20001
0 180 0 0 20001
0 181 0 0 20001
0 182 0 0 20001
0 183 0 0 20001
0 184 0 0 20001
0 185 0 0 20001
0 186 0 0 20001
0 187 0 0 20001
0 188 0 0 20001
0 189 0 0 20001
0 190 0 0 20001
0 191 0 0 20001
0 192 0 0 20001
0 193 0 0 20001
0 194 0 0 20001
0 195 0 0 20001
0 196 0 0 20001
0 197 0 0 20001
0 198 0 0 20001
0 199 0 0 20001
0 200 0 0 20001
0 101 0 0 20001
0 102 0 0 20001
0 103 0 0 20001
0 104 0 0 20001
0 105 0 0 20001
0 106 0 0 20001
0 107 0 0 20001
0 108 0 0 20001
0 109 0 0 20001
0 110 0 0 20001
0 111 0 0 20001
0 112 0 0 20001
0 113 0 0 20001
0 114 0 0 20001
0 115 0 0 20001
0 116 0 0 20001
0 117 0 0 20001
0 118 0 0 20001
0 119 0 0 20001
0 120 0 0 20001
0 121 0 0 20001
0 122 0 0 20001
0 123 0 0 20001
0 124 0 0 20001
0 125 0 0 20001
0 126 0 0 20001
0 127 0 0 20001
0 128 0 0 20001
0 129 0 0 20001
0 130 0 0 20001
0 131 0 0 20001
0 132 0 0 20001
0 133 0 0 20001
0 134 0 0 20001
0 135 0 0 20001
0 136 0 0 20001
0 137 0 0 20001
0 138 0 0 20001
0 139 0 0 20001
0 140 0 0 20001
0 141 0 0 20001
0 142 0 0 20001
0 143 0 0 20001
0 144 0 0 20001
0 145 0 0 20001
0 146 0 0 20001
0 147 0 0 20001
0 148 0 0 20001
0 149 0 0 20001
0 150 0 0 20001
0 151 0 0 20001
0 152 0 0 20001
0 153 0 0 20001
0 154 0 0 20001
0 155 0 0 20001
0 156 0 0 20001
0 157 0 0 20001
0 158 0 0 20001
0 159 0 0 20001
0 160 0 0 20001
0 161 0 0 20001
0 162 0 0 20001
0 163 0 0 20001
0 164 0 0 20001
0 165 0 0 20001
0 166 0 0 20001
0 167 0 0 20001
0 168 0 0 20001
0 169 0 0 20001
0 170 0 0 20001
0 171 0 0 20001
0 172 0 0 20001
0 173 0 0 20001
0 174 0 0 20001
0 175 0 0 20001
0 176 0 0 20001
0 177 0 0 20001
0 178 0 0 20001
0 179 0 0 20001
0 180 0 0 20001
0 181 0 0 20001
0 182 0 0 20001
0 183 0 0 20001
0 184 0 0 20001
0 185 0 0 20001
0 186 0 0 20001
0 187 0 0 20001
0 188 0 0 20001
0 189 0 0 20001
0 190 0 0 20001
0 191 0 0 20001
0 192 0 0 20001
0 193 0 0 20001
0 194 0 0 20001
0 195 0 0 20001
0 196 0 0 20001
0 197 0 0 20001
0 198 0 0 20001
0 199 0 0 20001
0 200 0 0 20001
0 101 0 0 20001
0 102 0 0 20001
0 103 0 0 20001
0 104 0 0 20001
0 105 0 0 20001
0 106 0 0 20001
0 107 0 0 20001
0 108 0 0 20001
0 109 0 0 20001
0 110 0 0 20001
0 111 0 0 20001
0 112 0 0 20001
0 113 0 0 20001
0 114 0 0 20001
0 115 0 0 20001
0 116 0 0 20001
0 117 0 0 20001
0 118 0 0 20001
0 119 0 0 20001
0 120 0 0 20001
0 121 0 0 20001
0 122 0 0 20001
0 123 0 0 20001
0 124 0 0 20001
0 125 0 0 20001
0 126 0 0 20001
0 127 0 0 20001
0 128 0 0 20001
0 129 0 0 20001
0 130 0 0 20001
0 131 0 0 20001
0 132 0 0 20001
0 133 0 0 20001
0 134 0 0 20001
0 135 0 0 20001
0 136 0 0 20001
0 137 0 0 20001
0 138 0 0 20001
0 139 0 0 20001
0 140 0 0 20001
0 141 0 0 20001
0 142 0 0 20001
0 143 0 0 20001
0 144 0 0 20001
0 145 0 0 20001
0 146 0 0 20001
0 147 0 0 20001
0 148 0 0 20001
0 149 0 0 20001
0 150 0 0 20001
0 151 0 0 20001
0 152 0 0 20001
0 153 0 0 20001
0 154 0 0 20001
0 155 0 0 20001
0 156 0 0 20001
0 157 0 0 20001
0 158 0 0 20001
0 159 0 0 20001
0 160 0 0 20001
0 161 0 0 20001
0 162 0 0 20001
0 163 0 0 20001
0 164 0 0 20001
0 165 0 0 20001
0 166 0 0 20001
0 167 0 0 20001
0 168 0 0 20001
0 169 0 0 20001
0 170 0 0 20001
0 171 0 0 20001
0 172 0 0 20001
0 173 0 0 20001
0 174 0 0 20001
0 175 0 0 20001
0 176 0 0 20001
0 177 0 0 20001
0 178 0 0 20001
0 179 0 0 20001
0 180 0 0 20001
0 181 0 0 20001
0 182 0 0 20001
0 183 0 0 20001
0 184 0 0 20001
0 185 0 0 20001
0 186 0 0 20001
0 187 0 0 20001
0 188 0 0 20001
0 189 0 0 20001
0 190 0 0 20001
0 191 0 0 20001
0 192 0 0 20001
0 193 0 0 20001
0 194 0 0 20001
0 195 0 0 20001
0 196 0 0 20001
0 197 0 0 20001
0 198 0 0 20001
0 199 0 0 20001
0 200 0 0 20001
0 101 0 0 20001
0 102 0 0 20001
0 103 0 0 20001
0 104 0 0 20001
0 105 0 0 20001
0 106 0 0 20001
0 107 0 0 20001
0 108 0 0 20001
0 109 0 0 20001
0 110 0 0 20001
0 111 0 0 20001
0 112 0 0 20001
0 113 0 0 20001
0 114 0 0 20001
0 115 0 0 20001
0 116 0 0 20001
0 117 0 0 20001
0 118 0 0 20001
0 119 0 0 20001
0 120 0 0 20001
0 121 0 0 20001
0 122 0 0 20001
0 123 0 0 20001
0 124 0 0 20001
0 125 0 0 20001
0 126 0 0 20001
0 127 0 0 20001
0 128 0 0 20001
0 129 0 0 20001
0 130 0 0 20001
0 131 0 0 20001
0 132 0 0 20001
0 133 0 0 20001
0 134 0 0 20001
0 135 0 0 20001
0 136 0 0 20001
0 137 0 0 20001
0 138 0 0 20001
0 139 0 0 20001
0 140 0 0 20001
0 141 0 0 20001
0 142 0 0 20001
0 143 0 0 20001
0 144 0 0 20001
0 145 0 0 20001
0 146 0 0 20001
0 147 0 0 20001
0 148 0 0 20001
0 149 0 0 20001
0 150 0 0 20001
0 151 0 0 20001
0 152 0 0 20001
0 153 0 0 20001
0 154 0 0 20001
0 155 0 0 20001
0 156 0 0 20001
0 157 0 0 20001
0 158 0 0 20001
0 159 0 0 20001
0 160 0 0 20001
0 161 0 0 20001
0 162 0 0 20001
0 163 0 0 20001
0 164 0 0 20001
0 165 0 0 20001
0 166 0 0 20001
0 167 0 0 20001
0 168 0 0 20001
0 169 0 0 20001
0 170 0 0 20001
0 171 0 0 20001
0 172 0 0 20001
0 173 0 0 20001
0 174 0 0 20001
0 175 0 0 20001
0 176 0 0 20001
0 177 0 0 20001
0 178 0 0 20001
0 179 0 0 20001
0 180 0 0 20001
0 181 0 0 20001
0 182 0 0 20001
0 183 0 0 20001
0 184 0 0 20001
0 185 0 0 20001
0 186 0 0 20001
0 187 0 0 20001
0 188 0 0 20001
0 189 0 0 20001
0 190 0 0 20001
0 191 0 0 20001
0 192 0 0 20001
0 193 0 0 20001
0 194 0 0 20001
0 195 0 0 20001
0 196 0 0 20001
0 197 0 0 20001
0 198 0 0 20001
0 199 0 0 20001
0 200 0 0 20001
0 0 0 0 60001
0 0 0 0 60001
0 0 0 0 60001
0 0 0 0 60001
0 0 0 0 60001
0 0 0 0 60001
0 0 0 0 60001
0 0 0 0 60001
0 0 0 0 60001
0 0 0 0 60001
0 0 0 0 60001
0 0 0 0 60001
0 0 0 0 60001
0 0 0 0 60001
0 0 0 0 60001
0 0 0 0 60001
0 0 0 0 60001
0 0 0 0 60001
0 0 0 0 60001
0 0 0 0 60001
0 0 0 0 60001
0 0 0 0 60001
0 0 0 0 60001
0 0 0 0 60001
0 0 0 0 60001
0 0 0 0 60001
0 0 0 0 60001
0 0 0 0 60001
0 0 0 0 60001
0 0 0 0 60001
0 0 0 0 60001
0 0 0 0 60001
0 0 0 0 60001
0 0 0 0 60001
0 0 0 0 60001
0 0 0 0 60001
0 0 0 0 60001
0 0 0 0 60001
0 0 0 0 60001
0 0 0 0 60001
0 0 0 0 60001
0 0 0 0 60001
0 0 0 0 60001
0 0 0 0 60001
0 0 0 0 60001
0 0 0 0 60001
0 0 0 0 60001
0 0 0 0 60001
0 0 0 0 60001
0 0 0 0 60001
0 0 0 0 60001
0 0 0 0 60001
0 0 0 0 60001
0 0 0 0 60001
0 0 0 0 60001
0 0 0 0 60001
0 0 0 0 60001
0 0 0 0 60001
0 0 0 0 60001
0 0 0 0 60001
0 0 0 0 60001
0 0 0 0 60001
0 0 0 0 60001
0 0 0 0 60001
0 0 0 0 60001
0 0 0 0 60001
0 0 0 0 60001
0 0 0 0 60001
0 0 0 0 60001
0 0 0 0 60001
0 0 0 0 60001
0 0 0 0 60001
0 0 0 0 60001
0 0 0 0 60001
0 0 0 0 60001
0 0 0 0 60001
0 0 0 0 60001
0 0 0 0 60001
0 0 0 0 60001
0 0 0 0 60001
0 0 0 0 60001
0 0 0 0 60001
0 0 0 0 60001
0 0 0 0 60001
0 0 0 0 60001
0 0 0 0 60001
0 0 0 0 60001
0 0 0 0 60001
0 0 0 0 60001
0 0 0 0 60001
0 0 0 0 60001
0 0 0 0 60001
0 0 0 0 60001
0 0 0 0 60001
0 0 0 0 60001
0 0 0 0 60001
0 0 0 0 60001
0 0 0 0 60001
0 0 0 0 60001
0 0 0 0 60001
0 501 0 0 60001
0 502 0 0 60001
0 503 0 0 60001
0 504 0 0 60001
0 505 0 0 60001
0 506 0 0 60001
0 507 0 0 60001
0 508 0 0 60001
0 509 0 0 60001
0 510 0 0 60001
0 511 0 0 60001
0 512 0 0 60001
0 513 0 0 60001
0 514 0 0 60001
0 515 0 0 60001
0 516 0 0 60001
0 517 0 0 60001
0 518 0 0 60001
0 519 0 0 60001
0 520 0 0 60001
0 521 0 0 60001
0 522 0 0 60001
0 523 0 0 60001
0 524 0 0 60001
0 525 0 0 60001
0 526 0 0 60001
0 527 0 0 60001
0 528 0 0 60001
0 529 0 0 60001
0 530 0 0 60001
0 531 0 0 60001
0 532 0 0 60001
0 533 0 0 60001
0 534 0 0 60001
0 535 0 0 60001
0 536 0 0 60001
0 537 0 0 60001
0 538 0 0 60001
0 539 0 0 60001
0 540 0 0 60001
0 541 0 0 60001
0 542 0 0 60001
0 543 0 0 60001
0 544 0 0 60001
0 545 0 0 60001
0 546 0 0 60001
0 547 0 0 60001
0 548 0 0 60001
0 549 0 0 60001
0 550 0 0 60001
0 551 0 0 60001
0 552 0 0 60001
0 553 0 0 60001
0 554 0 0 60001
0 555 0 0 60001
0 556 0 0 60001
0 557 0 0 60001
0 558 0 0 60001
0 559 0 0 60001
0 560 0 0 60001
0 561 0 0 60001
0 562 0 0 60001
0 563 0 0 60001
0 564 0 0 60001
0 565 0 0 60001
0 566 0 0 60001
0 567 0 0 60001
0 568 0 0 60001
0 569 0 0 60001
0 570 0 0 60001
0 571 0 0 60001
0 572 0 0 60001
0 573 0 0 60001
0 574 0 0 60001
0 575 0 0 60001
0 576 0 0 60001
0 577 0 0 60001
0 578 0 0 60001
0 579 0 0 60001
0 580 0 0 60001
0 581 0 0 60001
0 582 0 0 60001
0 583 0 0 60001
0 584 0 0 60001
0 585 0 0 60001
0 586 0 0 60001
0 587 0 0 60001
0 588 0 0 60001
0 589 0 0 60001
0 590 0 0 60001
0 591 0 0 60001
0 592 0 0 60001
0 593 0 0 60001
0 594 0 0 60001
0 595 0 0 60001
0 596 0 0 60001
0 597 0 0 60001
0 598 0 0 60001
0 599 0 0 60001
0 600 0 0 60001
0 501 0 0 60001
0 502 0 0 60001
0 503 0 0 60001
0 504 0 0 60001
0 505 0 0 60001
0 506 0 0 60001
0 507 0 0 60001
0 508 0 0 60001
0 509 0 0 60001
0 510 0 0 60001
0 511 0 0 60001
0 512 0 0 60001
0 513 0 0 60001
0 514 0 0 60001
0 515 0 0 60001
0 516 0 0 60001
0 517 0 0 60001
0 518 0 0 60001
0 519 0 0 60001
0 520 0 0 60001
0 521 0 0 60001
0 522 0 0 60001
0 523 0 0 60001
0 524 0 0 60001
0 525 0 0 60001
0 526 0 0 60001
0 527 0 0 60001
0 528 0 0 60001
0 529 0 0 60001
0 530 0 0 60001
0 531 0 0 60001
0 532 0 0 60001
0 533 0 0 60001
0 534 0 0 60001
0 535 0 0 60001
0 536 0 0 60001
0 537 0 0 60001
0 538 0 0 60001
0 539 0 0 60001
0 540 0 0 60001
0 541 0 0 60001
0 542 0 0 60001
0 543 0 0 60001
0 544 0 0 60001
0 545 0 0 60001
0 546 0 0 60001
0 547 0 0 60001
0 548 0 0 60001
0 549 0 0 60001
0 550 0 0 60001
0 551 0 0 60001
0 552 0 0 60001
0 553 0 0 60001
0 554 0 0 60001
0 555 0 0 60001
0 556 0 0 60001
0 557 0 0 60001
0 558 0 0 60001
0 559 0 0 60001
0 560 0 0 60001
0 561 0 0 60001
0 562 0 0 60001
0 563 0 0 60001
0 564 0 0 60001
0 565 0 0 60001
0 566 0 0 60001
0 567 0 0 60001
0 568 0 0 60001
0 569 0 0 60001
0 570 0 0 60001
0 571 0 0 60001
0 572 0 0 60001
0 573 0 0 60001
0 574 0 0 60001
0 575 0 0 60001
0 576 0 0 60001
0 577 0 0 60001
0 578 0 0 60001
0 579 0 0 60001
0 580 0 0 60001
0 581 0 0 60001
0 582 0 0 60001
0 583 0 0 60001
0 584 0 0 60001
0 585 0 0 60001
0 586 0 0 60001
0 587 0 0 60001
0 588 0 0 60001
0 589 0 0 60001
0 590 0 0 60001
0 591 0 0 60001
0 592 0 0 60001
0 593 0 0 60001
0 594 0 0 60001
0 595 0 0 60001
0 596 0 0 60001
0 597 0 0 60001
0 598 0 0 60001
0 599 0 0 60001
0 600 0 0 60001
0 501 0 0 60001
0 502 0 0 60001
0 503 0 0 60001
0 504 0 0 60001
0 505 0 0 60001
0 506 0 0 60001
0 507 0 0 60001
0 508 0 0 60001
0 509 0 0 60001
0 510 0 0 60001
0 511 0 0 60001
0 512 0 0 60001
0 513 0 0 60001
0 514 0 0 60001
0 515 0 0 60001
0 516 0 0 60001
0 517 0 0 60001
0 518 0 0 60001
0 519 0 0 60001
0 520 0 0 60001
0 521 0 0 60001
0 522 0 0 60001
0 523 0 0 60001
0 524 0 0 60001
0 525 0 0 60001
0 526 0 0 60001
0 527 0 0 60001
0 528 0 0 60001
0 529 0 0 60001
0 530 0 0 60001
0 531 0 0 60001
0 532 0 0 60001
0 533 0 0 60001
0 534 0 0 60001
0 535 0 0 60001
0 536 0 0 60001
0 537 0 0 60001
0 538 0 0 60001
0 539 0 0 60001
0 540 0 0 60001
0 541 0 0 60001
0 542 0 0 60001
0 543 0 0 60001
0 544 0 0 60001
0 545 0 0 60001
0 546 0 0 60001
0 547 0 0 60001
0 548 0 0 60001
0 549 0 0 60001
0 550 0 0 60001
0 551 0 0 60001
0 552 0 0 60001
0 553 0 0 60001
0 554 0 0 60001
0 555 0 0 60001
0 556 0 0 60001
0 557 0 0 60001
0 558 0 0 60001
0 559 0 0 60001
0 560 0 0 60001
0 561 0 0 60001
0 562 0 0 60001
0 563 0 0 60001
0 564 0 0 60001
0 565 0 0 60001
0 566 0 0 60001
0 567 0 0 60001
0 568 0 0 60001
0 569 0 0 60001
0 570 0 0 60001
0 571 0 0 60001
0 572 0 0 60001
0 573 0 0 60001
0 574 0 0 60001
0 575 0 0 60001
0 576 0 0 60001
0 577 0 0 60001
0 578 0 0 60001
0 579 0 0 60001
0 580 0 0 60001
0 581 0 0 60001
0 582 0 0 60001
0 583 0 0 60001
0 584 0 0 60001
0 585 0 0 60001
0 586 0 0 60001
0 587 0 0 60001
0 588 0 0 60001
0 589 0 0 60001
0 590 0 0 60001
0 591 0 0 60001
0 592 0 0 60001
0 593 0 0 60001
0 594 0 0 60001
0 595 0 0 60001
0 596 0 0 60001
0 597 0 0 60001
0 598 0 0 60001
0 599 0 0 60001
0 600 0 0 60001
0 501 0 0 60001
0 502 0 0 60001
0 503 0 0 60001
0 504 0 0 60001
0 505 0 0 60001
0 506 0 0 60001
0 507 0 0 60001
0 508 0 0 60001
0 509 0 0 60001
0 510 0 0 60001
0 511 0 0 60001
0 512 0 0 60001
0 513 0 0 60001
0 514 0 0 60001
0 515 0 0 60001
0 516 0 0 60001
0 517 0 0 60001
0 518 0 0 60001
0 519 0 0 60001
0 520 0 0 60001
0 521 0 0 60001
0 522 0 0 60001
0 523 0 0 60001
0 524 0 0 60001
0 525 0 0 60001
0 526 0 0 60001
0 527 0 0 60001
0 528 0 0 60001
0 529 0 0 60001
0 530 0 0 60001
0 531 0 0 60001
0 532 0 0 60001
0 533 0 0 60001
0 534 0 0 60001
0 535 0 0 60001
0 536 0 0 60001
0 537 0 0 60001
0 538 0 0 60001
0 539 0 0 60001
0 540 0 0 60001
0 541 0 0 60001
0 542 0 0 60001
0 543 0 0 60001
0 544 0 0 60001
0 545 0 0 60001
0 546 0 0 60001
0 547 0 0 60001
0 548 0 0 60001
0 549 0 0 60001
0 550 0 0 60001
0 551 0 0 60001
0 552 0 0 60001
0 553 0 0 60001
0 554 0 0 60001
0 555 0 0 60001
0 556 0 0 60001
0 557 0 0 60001
0 558 0 0 60001
0 559 0 0 60001
0 560 0 0 60001
0 561 0 0 60001
0 562 0 0 60001
0 563 0 0 60001
0 564 0 0 60001
0 565 0 0 60001
0 566 0 0 60001
0 567 0 0 60001
0 568 0 0 60001
0 569 0 0 60001
0 570 0 0 60001
0 571 0 0 60001
0 572 0 0 60001
0 573 0 0 60001
0 574 0 0 60001
0 575 0 0 60001
0 576 0 0 60001
0 577 0 0 60001
0 578 0 0 60001
0 579 0 0 60001
0 580 0 0 60001
0 581 0 0 60001
0 582 0 0 60001
0 583 0 0 60001
0 584 0 0 60001
0 585 0 0 60001
0 586 0 0 60001
0 587 0 0 60001
0 588 0 0 60001
0 589 0 0 60001
0 590 0 0 60001
0 591 0 0 60001
0 592 0 0 60001
0 593 0 0 60001
0 594 0 0 60001
0 595 0 0 60001
0 596 0 0 60001
0 597 0 0 60001
0 598 0 0 60001
0 599 0 0 60001
0 600 0 0 60001
0 501 0 0 60001
0 502 0 0 60001
0 503 0 0 60001
0 504 0 0 60001
0 505 0 0 60001
0 506 0 0 60001
0 507 0 0 60001
0 508 0 0 60001
0 509 0 0 60001
0 510 0 0 60001
0 511 0 0 60001
0 512 0 0 60001
0 513 0 0 60001
0 514 0 0 60001
0 515 0 0 60001
0 516 0 0 60001
0 517 0 0 60001
0 518 0 0 60001
0 519 0 0 60001
0 520 0 0 60001
0 521 0 0 60001
0 522 0 0 60001
0 523 0 0 60001
0 524 0 0 60001
0 525 0 0 60001
0 526 0 0 60001
0 527 0 0 60001
0 528 0 0 60001
0 529 0 0 60001
0 530 0 0 60001
0 531 0 0 60001
0 532 0 0 60001
0 533 0 0 60001
0 534 0 0 60001
0 535 0 0 60001
0 536 0 0 60001
0 537 0 0 60001
0 538 0 0 60001
0 539 0 0 60001
0 540 0 0 60001
0 541 0 0 60001
0 542 0 0 60001
0 543 0 0 60001
0 544 0 0 60001
0 545 0 0 60001
0 546 0 0 60001
0 547 0 0 60001
0 548 0 0 60001
0 549 0 0 60001
0 550 0 0 60001
0 551 0 0 60001
0 552 0 0 60001
0 553 0 0 60001
0 554 0 0 60001
0 555 0 0 60001
0 556 0 0 60001
0 557 0 0 60001
0 558 0 0 60001
0 559 0 0 60001
0 560 0 0 60001
0 561 0 0 60001
0 562 0 0 60001
0 563 0 0 60001
0 564 0 0 60001
0 565 0 0 60001
0 566 0 0 60001
0 567 0 0 60001
0 568 0 0 60001
0 569 0 0 60001
0 570 0 0 60001
0 571 0 0 60001
0 572 0 0 60001
0 573 0 0 60001
0 574 0 0 60001
0 575 0 0 60001
0 576 0 0 60001
0 577 0 0 60001
0 578 0 0 60001
0 579 0 0 60001
0 580 0 0 60001
0 581 0 0 60001
0 582 0 0 60001
0 583 0 0 60001
0 584 0 0 60001
0 585 0 0 60001
0 586 0 0 60001
0 587 0 0 60001
0 588 0 0 60001
0 589 0 0 60001
0 590 0 0 60001
0 591 0 0 60001
0 592 0 0 60001
0 593 0 0 60001
0 594 0 0 60001
0 595 0 0 60001
0 596 0 0 60001
0 597 0 0 60001
0 598 0 0 60001
0 599 0 0 60001
0 600 0 0 60001
0 0 0 0 30001
0 0 0 0 30001
0 0 0 0 30001
0 0 0 0 30001
0 0 0 0 30001
0 0 0 0 30001
0 0 0 0 30001
0 0 0 0 30001
0 0 0 0 30001
0 0 0 0 30001
0 0 0 0 30001
0 0 0 0 30001
0 0 0 0 30001
0 0 0 0 30001
0 0 0 0 30001
0 0 0 0 30001
0 0 0 0 30001
0 0 0 0 30001
0 0 0 0 30001
0 0 0 0 30001
0 0 0 0 30001
0 0 0 0 30001
0 0 0 0 30001
0 0 0 0 30001
0 0 0 0 30001
0 0 0 0 30001
0 0 0 0 30001
0 0 0 0 30001
0 0 0 0 30001
0 0 0 0 30001
0 0 0 0 30001
0 0 0 0 30001
0 0 0 0 30001
0 0 0 0 30001
0 0 0 0 30001
0 0 0 0 30001
0 0 0 0 30001
0 0 0 0 30001
0 0 0 0 30001
0 0 0 0 30001
0 0 0 0 30001
0 0 0 0 30001
0 0 0 0 30001
0 0 0 0 30001
0 0 0 0 30001
0 0 0 0 30001
0 0 0 0 30001
0 0 0 0 30001
0 0 0 0 30001
0 0 0 0 30001
0 0 0 0 30001
0 0 0 0 30001
0 0 0 0 30001
0 0 0 0 30001
0 0 0 0 30001
0 0 0 0 30001
0 0 0 0 30001
0 0 0 0 30001
0 0 0 0 30001
0 0 0 0 30001
0 0 0 0 30001
0 0 0 0 30001
0 0 0 0 30001
0 0 0 0 30001
0 0 0 0 30001
0 0 0 0 30001
0 0 0 0 30001
0 0 0 0 30001
0 0 0 0 30001
0 0 0 0 30001
0 0 0 0 30001
0 0 0 0 30001
0 0 0 0 30001
0 0 0 0 30001
0 0 0 0 30001
0 0 0 0 30001
0 0 0 0 30001
0 0 0 0 30001
0 0 0 0 30001
0 0 0 0 30001
0 0 0 0 30001
0 0 0 0 30001
0 0 0 0 30001
0 0 0 0 30001
0 0 0 0 30001
0 0 0 0 30001
0 0 0 0 30001
0 0 0 0 30001
0 0 0 0 30001
0 0 0 0 30001
0 0 0 0 30001
0 0 0 0 30001
0 0 0 0 30001
0 0 0 0 30001
0 0 0 0 30001
0 0 0 0 30001
0 0 0 0 30001
0 0 0 0 30001
0 0 0 0 30001
0 0 0 0 30001
0 201 0 0 30001
0 202 0 0 30001
0 203 0 0 30001
0 204 0 0 30001
0 205 0 0 30001
0 206 0 0 30001
0 207 0 0 30001
0 208 0 0 30001
0 209 0 0 30001
0 210 0 0 30001
0 211 0 0 30001
0 212 0 0 30001
0 213 0 0 30001
0 214 0 0 30001
0 215 0 0 30001
0 216 0 0 30001
0 217 0 0 30001
0 218 0 0 30001
0 219 0 0 30001
0 220 0 0 30001
0 221 0 0 30001
0 222 0 0 30001
0 223 0 0 30001
0 224 0 0 30001
0 225 0 0 30001
0 226 0 0 30001
0 227 0 0 30001
0 228 0 0 30001
0 229 0 0 30001
0 230 0 0 30001
0 231 0 0 30001
0 232 0 0 30001
0 233 0 0 30001
0 234 0 0 30001
0 235 0 0 30001
0 236 0 0 30001
0 237 0 0 30001
0 238 0 0 30001
0 239 0 0 30001
0 240 0 0 30001
0 241 0 0 30001
0 242 0 0 30001
0 243 0 0 30001
0 244 0 0 30001
0 245 0 0 30001
0 246 0 0 30001
0 247 0 0 30001
0 248 0 0 30001
0 249 0 0 30001
0 250 0 0 30001
0 251 0 0 30001
0 252 0 0 30001
0 253 0 0 30001
0 254 0 0 30001
0 255 0 0 30001
0 256 0 0 30001
0 257 0 0 30001
0 258 0 0 30001
0 259 0 0 30001
0 260 0 0 30001
0 261 0 0 30001
0 262 0 0 30001
0 263 0 0 30001
0 264 0 0 30001
0 265 0 0 30001
0 266 0 0 30001
0 267 0 0 30001
0 268 0 0 30001
0 269 0 0 30001
0 270 0 0 30001
0 271 0 0 30001
0 272 0 0 30001
0 273 0 0 30001
0 274 0 0 30001
0 275 0 0 30001
0 276 0 0 30001
0 277 0 0 30001
0 278 0 0 30001
0 279 0 0 30001
0 280 0 0 30001
0 281 0 0 30001
0 282 0 0 30001
0 283 0 0 30001
0 284 0 0 30001
0 285 0 0 30001
0 286 0 0 30001
0 287 0 0 30001
0 288 0 0 30001
0 289 0 0 30001
0 290 0 0 30001
0 291 0 0 30001
0 292 0 0 30001
0 293 0 0 30001
0 294 0 0 30001
0 295 0 0 30001
0 296 0 0 30001
0 297 0 0 30001
0 298 0 0 30001
0 299 0 0 30001
0 300 0 0 30001
0 201 0 0 30001
0 202 0 0 30001
0 203 0 0 30001
0 204 0 0 30001
0 205 0 0 30001
0 206 0 0 30001
0 207 0 0 30001
0 208 0 0 30001
0 209 0 0 30001
0 210 0 0 30001
0 211 0 0 30001
0 212 0 0 30001
0 213 0 0 30001
0 214 0 0 30001
0 215 0 0 30001
0 216 0 0 30001
0 217 0 0 30001
0 218 0 0 30001
0 219 0 0 30001
0 220 0 0 30001
0 221 0 0 30001
0 222 0 0 30001
0 223 0 0 30001
0 224 0 0 30001
0 225 0 0 30001
0 226 0 0 30001
0 227 0 0 30001
0 228 0 0 30001
0 229 0 0 30001
0 230 0 0 30001
0 231 0 0 30001
0 232 0 0 30001
0 233 0 0 30001
0 234 0 0 30001
0 235 0 0 30001
0 236 0 0 30001
0 237 0 0 30001
0 238 0 0 30001
0 239 0 0 30001
0 240 0 0 30001
0 241 0 0 30001
0 242 0 0 30001
0 243 0 0 30001
0 244 0 0 30001
0 245 0 0 30001
0 246 0 0 30001
0 247 0 0 30001
0 248 0 0 30001
0 249 0 0 30001
0 250 0 0 30001
0 251 0 0 30001
0 252 0 0 30001
0 253 0 0 30001
0 254 0 0 30001
0 255 0 0 30001
0 256 0 0 30001
0 257 0 0 30001
0 258 0 0 30001
0 259 0 0 30001
0 260 0 0 30001
0 261 0 0 30001
0 262 0 0 30001
0 263 0 0 30001
0 264 0 0 30001
0 265 0 0 30001
0 266 0 0 30001
0 267 0 0 30001
0 268 0 0 30001
0 269 0 0 30001
0 270 0 0 30001
0 271 0 0 30001
0 272 0 0 30001
0 273 0 0 30001
0 274 0 0 30001
0 275 0 0 30001
0 276 0 0 30001
0 277 0 0 30001
0 278 0 0 30001
0 279 0 0 30001
0 280 0 0 30001
0 281 0 0 30001
0 282 0 0 30001
0 283 0 0 30001
0 284 0 0 30001
0 285 0 0 30001
0 286 0 0 30001
0 287 0 0 30001
0 288 0 0 30001
0 289 0 0 30001
0 290 0 0 30001
0 291 0 0 30001
0 292 0 0 30001
0 293 0 0 30001
0 294 0 0 30001
0 295 0 0 30001
0 296 0 0 30001
0 297 0 0 30001
0 298 0 0 30001
0 299 0 0 30001
0 300 0 0 30001
0 201 0 0 30001
0 202 0 0 30001
0 203 0 0 30001
0 204 0 0 30001
0 205 0 0 30001
0 206 0 0 30001
0 207 0 0 30001
0 208 0 0 30001
0 209 0 0 30001
0 210 0 0 30001
0 211 0 0 30001
0 212 0 0 30001
0 213 0 0 30001
0 214 0 0 30001
0 215 0 0 30001
0 216 0 0 30001
0 217 0 0 30001
0 218 0 0 30001
0 219 0 0 30001
0 220 0 0 30001
0 221 0 0 30001
0 222 0 0 30001
0 223 0 0 30001
0 224 0 0 30001
0 225 0 0 30001
0 226 0 0 30001
0 227 0 0 30001
0 228 0 0 30001
0 229 0 0 30001
0 230 0 0 30001
0 231 0 0 30001
0 232 0 0 30001
0 233 0 0 30001
0 234 0 0 30001
0 235 0 0 30001
0 236 0 0 30001
0 237 0 0 30001
0 238 0 0 30001
0 239 0 0 30001
0 240 0 0 30001
0 241 0 0 30001
0 242 0 0 30001
0 243 0 0 30001
0 244 0 0 30001
0 245 0 0 30001
0 246 0 0 30001
0 247 0 0 30001
0 248 0 0 30001
0 249 0 0 30001
0 250 0 0 30001
0 251 0 0 30001
0 252 0 0 30001
0 253 0 0 30001
0 254 0 0 30001
0 255 0 0 30001
0 256 0 0 30001
0 257 0 0 30001
0 258 0 0 30001
0 259 0 0 30001
0 260 0 0 30001
0 261 0 0 30001
0 262 0 0 30001
0 263 0 0 30001
0 264 0 0 30001
0 265 0 0 30001
0 266 0 0 30001
0 267 0 0 30001
0 268 0 0 30001
0 269 0 0 30001
0 270 0 0 30001
0 271 0 0 30001
0 272 0 0 30001
0 273 0 0 30001
0 274 0 0 30001
0 275 0 0 30001
0 276 0 0 30001
0 277 0 0 30001
0 278 0 0 30001
0 279 0 0 30001
0 280 0 0 30001
0 281 0 0 30001
0 282 0 0 30001
0 283 0 0 30001
0 284 0 0 30001
0 285 0 0 30001
0 286 0 0 30001
0 287 0 0 30001
0 288 0 0 30001
0 289 0 0 30001
0 290 0 0 30001
0 291 0 0 30001
0 292 0 0 30001
0 293 0 0 30001
0 294 0 0 30001
0 295 0 0 30001
0 296 0 0 30001
0 297 0 0 30001
0 298 0 0 30001
0 299 0 0 30001
0 300 0 0 30001
0 201 0 0 30001
0 202 0 0 30001
0 203 0 0 30001
0 204 0 0 30001
0 205 0 0 30001
0 206 0 0 30001
0 207 0 0 30001
0 208 0 0 30001
0 209 0 0 30001
0 210 0 0 30001
0 211 0 0 30001
0 212 0 0 30001
0 213 0 0 30001
0 214 0 0 30001
0 215 0 0 30001
0 216 0 0 30001
0 217 0 0 30001
0 218 0 0 30001
0 219 0 0 30001
0 220 0 0 30001
0 221 0 0 30001
0 222 0 0 30001
0 223 0 0 30001
0 224 0 0 30001
0 225 0 0 30001
0 226 0 0 30001
0 227 0 0 30001
0 228 0 0 30001
0 229 0 0 30001
0 230 0 0 30001
0 231 0 0 30001
0 232 0 0 30001
0 233 0 0 30001
0 234 0 0 30001
0 235 0 0 30001
0 236 0 0 30001
0 237 0 0 30001
0 238 0 0 30001
0 239 0 0 30001
0 240 0 0 30001
0 241 0 0 30001
0 242 0 0 30001
0 243 0 0 30001
0 244 0 0 30001
0 245 0 0 30001
0 246 0 0 30001
0 247 0 0 30001
0 248 0 0 30001
0 249 0 0 30001
0 250 0 0 30001
0 251 0 0 30001
0 252 0 0 30001
0 253 0 0 30001
0 254 0 0 30001
0 255 0 0 30001
0 256 0 0 30001
0 257 0 0 30001
0 258 0 0 30001
0 259 0 0 30001
0 260 0 0 30001
0 261 0 0 30001
0 262 0 0 30001
0 263 0 0 30001
0 264 0 0 30001
0 265 0 0 30001
0 266 0 0 30001
0 267 0 0 30001
0 268 0 0 30001
0 269 0 0 30001
0 270 0 0 30001
0 271 0 0 30001
0 272 0 0 30001
0 273 0 0 30001
0 274 0 0 30001
0 275 0 0 30001
0 276 0 0 30001
0 277 0 0 30001
0 278 0 0 30001
0 279 0 0 30001
0 280 0 0 30001
0 281 0 0 30001
0 282 0 0 30001
0 283 0 0 30001
0 284 0 0 30001
0 285 0 0 30001
0 286 0 0 30001
0 287 0 0 30001
0 288 0 0 30001
0 289 0 0 30001
0 290 0 0 30001
0 291 0 0 30001
0 292 0 0 30001
0 293 0 0 30001
0 294 0 0 30001
0 295 0 0 30001
0 296 0 0 30001
0 297 0 0 30001
0 298 0 0 30001
0 299 0 0 30001
0 300 0 0 30001
0 201 0 0 30001
0 202 0 0 30001
0 203 0 0 30001
0 204 0 0 30001
0 205 0 0 30001
0 206 0 0 30001
0 207 0 0 30001
0 208 0 0 30001
0 209 0 0 30001
0 210 0 0 30001
0 211 0 0 30001
0 212 0 0 30001
0 213 0 0 30001
0 214 0 0 30001
0 215 0 0 30001
0 216 0 0 30001
0 217 0 0 30001
0 218 0 0 30001
0 219 0 0 30001
0 220 0 0 30001
0 221 0 0 30001
0 222 0 0 30001
0 223 0 0 30001
0 224 0 0 30001
0 225 0 0 30001
0 226 0 0 30001
0 227 0 0 30001
0 228 0 0 30001
0 229 0 0 30001
0 230 0 0 30001
0 231 0 0 30001
0 232 0 0 30001
0 233 0 0 30001
0 234 0 0 30001
0 235 0 0 30001
0 236 0 0 30001
0 237 0 0 30001
0 238 0 0 30001
0 239 0 0 30001
0 240 0 0 30001
0 241 0 0 30001
0 242 0 0 30001
0 243 0 0 30001
0 244 0 0 30001
0 245 0 0 30001
0 246 0 0 30001
0 247 0 0 30001
0 248 0 0 30001
0 249 0 0 30001
0 250 0 0 30001
0 251 0 0 30001
0 252 0 0 30001
0 253 0 0 30001
0 254 0 0 30001
0 255 0 0 30001
0 256 0 0 30001
0 257 0 0 30001
0 258 0 0 30001
0 259 0 0 30001
0 260 0 0 30001
0 261 0 0 30001
0 262 0 0 30001
0 263 0 0 30001
0 264 0 0 30001
0 265 0 0 30001
0 266 0 0 30001
0 267 0 0 30001
0 268 0 0 30001
0 269 0 0 30001
0 270 0 0 30001
0 271 0 0 30001
0 272 0 0 30001
0 273 0 0 30001
0 274 0 0 30001
0 275 0 0 30001
0 276 0 0 30001
0 277 0 0 30001
0 278 0 0 30001
0 279 0 0 30001
0 280 0 0 30001
0 281 0 0 30001
0 282 0 0 30001
0 283 0 0 30001
0 284 0 0 30001
0 285 0 0 30001
0 286 0 0 30001
0 287 0 0 30001
0 288 0 0 30001
0 289 0 0 30001
0 290 0 0 30001
0 291 0 0 30001
0 292 0 0 30001
0 293 0 0 30001
0 294 0 0 30001
0 295 0 0 30001
0 296 0 0 30001
0 297 0 0 30001
0 298 0 0 30001
0 299 0 0 30001
0 300 0 0 30001
0 0 0 0 10001
0 0 0 0 10001
0 0 0 0 10001
0 0 0 0 10001
0 0 0 0 10001
0 0 0 0 10001
0 0 0 0 10001
0 0 0 0 10001
0 0 0 0 10001
0 0 0 0 10001
0 0 0 0 10001
0 0 0 0 10001
0 0 0 0 10001
0 0 0 0 10001
0 0 0 0 10001
0 0 0 0 10001
0 0 0 0 10001
0 0 0 0 10001
0 0 0 0 10001
0 0 0 0 10001
0 0 0 0 10001
0 0 0 0 10001
0 0 0 0 10001
0 0 0 0 10001
0 0 0 0 10001
0 0 0 0 10001
0 0 0 0 10001
0 0 0 0 10001
0 0 0 0 10001
0 0 0 0 10001
0 0 0 0 10001
0 0 0 0 10001
0 0 0 0 10001
0 0 0 0 10001
0 0 0 0 10001
0 0 0 0 10001
0 0 0 0 10001
0 0 0 0 10001
0 0 0 0 10001
0 0 0 0 10001
0 0 0 0 10001
0 0 0 0 10001
0 0 0 0 10001
0 0 0 0 10001
0 0 0 0 10001
0 0 0 0 10001
0 0 0 0 10001
0 0 0 0 10001
0 0 0 0 10001
0 0 0 0 10001
0 0 0 0 10001
0 0 0 0 10001
0 0 0 0 10001
0 0 0 0 10001
0 0 0 0 10001
0 0 0 0 10001
0 0 0 0 10001
0 0 0 0 10001
0 0 0 0 10001
0 0 0 0 10001
0 0 0 0 10001
0 0 0 0 10001
0 0 0 0 10001
0 0 0 0 10001
0 0 0 0 10001
0 0 0 0 10001
0 0 0 0 10001
0 0 0 0 10001
0 0 0 0 10001
0 0 0 0 10001
0 0 0 0 10001
0 0 0 0 10001
0 0 0 0 10001
0 0 0 0 10001
0 0 0 0 10001
0 0 0 0 10001
0 0 0 0 10001
0 0 0 0 10001
0 0 0 0 10001
0 0 0 0 10001
0 0 0 0 10001
0 0 0 0 10001
0 0 0 0 10001
0 0 0 0 10001
0 0 0 0 10001
0 0 0 0 10001
0 0 0 0 10001
0 0 0 0 10001
0 0 0 0 10001
0 0 0 0 10001
0 0 0 0 10001
0 0 0 0 10001
0 0 0 0 10001
0 0 0 0 10001
0 0 0 0 10001
0 0 0 0 10001
0 0 0 0 10001
0 0 0 0 10001
0 0 0 0 10001
0 0 0 0 10001
0 1 0 0 10001
0 2 0 0 10001
0 3 0 0 10001
0 4 0 0 10001
0 5 0 0 10001
0 6 0 0 10001
0 7 0 0 10001
0 8 0 0 10001
0 9 0 0 10001
0 10 0 0 10001
0 11 0 0 10001
0 12 0 0 10001
0 13 0 0 10001
0 14 0 0 10001
0 15 0 0 10001
0 16 0 0 10001
0 17 0 0 10001
0 18 0 0 10001
0 19 0 0 10001
0 20 0 0 10001
0 21 0 0 10001
0 22 0 0 10001
0 23 0 0 10001
0 24 0 0 10001
0 25 0 0 10001
0 26 0 0 10001
0 27 0 0 10001
0 28 0 0 10001
0 29 0 0 10001
0 30 0 0 10001
0 31 0 0 10001
0 32 0 0 10001
0 33 0 0 10001
0 34 0 0 10001
0 35 0 0 10001
0 36 0 0 10001
0 37 0 0 10001
0 38 0 0 10001
0 39 0 0 10001
0 40 0 0 10001
0 41 0 0 10001
0 42 0 0 10001
0 43 0 0 10001
0 44 0 0 10001
0 45 0 0 10001
0 46 0 0 10001
0 47 0 0 10001
0 48 0 0 10001
0 49 0 0 10001
0 50 0 0 10001
0 51 0 0 10001
0 52 0 0 10001
0 53 0 0 10001
0 54 0 0 10001
0 55 0 0 10001
0 56 0 0 10001
0 57 0 0 10001
0 58 0 0 10001
0 59 0 0 10001
0 60 0 0 10001
0 61 0 0 10001
0 62 0 0 10001
0 63 0 0 10001
0 64 0 0 10001
0 65 0 0 10001
0 66 0 0 10001
0 67 0 0 10001
0 68 0 0 10001
0 69 0 0 10001
0 70 0 0 10001
0 71 0 0 10001
0 72 0 0 10001
0 73 0 0 10001
0 74 0 0 10001
0 75 0 0 10001
0 76 0 0 10001
0 77 0 0 10001
0 78 0 0 10001
0 79 0 0 10001
0 80 0 0 10001
0 81 0 0 10001
0 82 0 0 10001
0 83 0 0 10001
0 84 0 0 10001
0 85 0 0 10001
0 86 0 0 10001
0 87 0 0 10001
0 88 0 0 10001
0 89 0 0 10001
0 90 0 0 10001
0 91 0 0 10001
0 92 0 0 10001
0 93 0 0 10001
0 94 0 0 10001
0 95 0 0 10001
0 96 0 0 10001
0 97 0 0 10001
0 98 0 0 10001
0 99 0 0 10001
0 100 0 0 10001
0 1 0 0 10001
0 2 0 0 10001
0 3 0 0 10001
0 4 0 0 10001
0 5 0 0 10001
0 6 0 0 10001
0 7 0 0 10001
0 8 0 0 10001
0 9 0 0 10001
0 10 0 0 10001
0 11 0 0 10001
0 12 0 0 10001
0 13 0 0 10001
0 14 0 0 10001
0 15 0 0 10001
0 16 0 0 10001
0 17 0 0 10001
0 18 0 0 10001
0 19 0 0 10001
0 20 0 0 10001
0 21 0 0 10001
0 22 0 0 10001
0 23 0 0 10001
0 24 0 0 10001
0 25 0 0 10001
0 26 0 0 10001
0 27 0 0 10001
0 28 0 0 10001
0 29 0 0 10001
0 30 0 0 10001
0 31 0 0 10001
0 32 0 0 10001
0 33 0 0 10001
0 34 0 0 10001
0 35 0 0 10001
0 36 0 0 10001
0 37 0 0 10001
0 38 0 0 10001
0 39 0 0 10001
0 40 0 0 10001
0 41 0 0 10001
0 42 0 0 10001
0 43 0 0 10001
0 44 0 0 10001
0 45 0 0 10001
0 46 0 0 10001
0 47 0 0 10001
0 48 0 0 10001
0 49 0 0 10001
0 50 0 0 10001
0 51 0 0 10001
0 52 0 0 10001
0 53 0 0 10001
0 54 0 0 10001
0 55 0 0 10001
0 56 0 0 10001
0 57 0 0 10001
0 58 0 0 10001
0 59 0 0 10001
0 60 0 0 10001
0 61 0 0 10001
0 62 0 0 10001
0 63 0 0 10001
0 64 0 0 10001
0 65 0 0 10001
0 66 0 0 10001
0 67 0 0 10001
0 68 0 0 10001
0 69 0 0 10001
0 70 0 0 10001
0 71 0 0 10001
0 72 0 0 10001
0 73 0 0 10001
0 74 0 0 10001
0 75 0 0 10001
0 76 0 0 10001
0 77 0 0 10001
0 78 0 0 10001
0 79 0 0 10001
0 80 0 0 10001
0 81 0 0 10001
0 82 0 0 10001
0 83 0 0 10001
0 84 0 0 10001
0 85 0 0 10001
0 86 0 0 10001
0 87 0 0 10001
0 88 0 0 10001
0 89 0 0 10001
0 90 0 0 10001
0 91 0 0 10001
0 92 0 0 10001
0 93 0 0 10001
0 94 0 0 10001
0 95 0 0 10001
0 96 0 0 10001
0 97 0 0 10001
0 98 0 0 10001
0 99 0 0 10001
0 100 0 0 10001
0 1 0 0 10001
0 2 0 0 10001
0 3 0 0 10001
0 4 0 0 10001
0 5 0 0 10001
0 6 0 0 10001
0 7 0 0 10001
0 8 0 0 10001
0 9 0 0 10001
0 10 0 0 10001
0 11 0 0 10001
0 12 0 0 10001
0 13 0 0 10001
0 14 0 0 10001
0 15 0 0 10001
0 16 0 0 10001
0 17 0 0 10001
0 18 0 0 10001
0 19 0 0 10001
0 20 0 0 10001
0 21 0 0 10001
0 22 0 0 10001
0 23 0 0 10001
0 24 0 0 10001
0 25 0 0 10001
0 26 0 0 10001
0 27 0 0 10001
0 28 0 0 10001
0 29 0 0 10001
0 30 0 0 10001
0 31 0 0 10001
0 32 0 0 10001
0 33 0 0 10001
0 34 0 0 10001
0 35 0 0 10001
0 36 0 0 10001
0 37 0 0 10001
0 38 0 0 10001
0 39 0 0 10001
0 40 0 0 10001
0 41 0 0 10001
0 42 0 0 10001
0 43 0 0 10001
0 44 0 0 10001
0 45 0 0 10001
0 46 0 0 10001
0 47 0 0 10001
0 48 0 0 10001
0 49 0 0 10001
0 50 0 0 10001
0 51 0 0 10001
0 52 0 0 10001
0 53 0 0 10001
0 54 0 0 10001
0 55 0 0 10001
0 56 0 0 10001
0 57 0 0 10001
0 58 0 0 10001
0 59 0 0 10001
0 60 0 0 10001
0 61 0 0 10001
0 62 0 0 10001
0 63 0 0 10001
0 64 0 0 10001
0 65 0 0 10001
0 66 0 0 10001
0 67 0 0 10001
0 68 0 0 10001
0 69 0 0 10001
0 70 0 0 10001
0 71 0 0 10001
0 72 0 0 10001
0 73 0 0 10001
0 74 0 0 10001
0 75 0 0 10001
0 76 0 0 10001
0 77 0 0 10001
0 78 0 0 10001
0 79 0 0 10001
0 80 0 0 10001
0 81 0 0 10001
0 82 0 0 10001
0 83 0 0 10001
0 84 0 0 10001
0 85 0 0 10001
0 86 0 0 10001
0 87 0 0 10001
0 88 0 0 10001
0 89 0 0 10001
0 90 0 0 10001
0 91 0 0 10001
0 92 0 0 10001
0 93 0 0 10001
0 94 0 0 10001
0 95 0 0 10001
0 96 0 0 10001
0 97 0 0 10001
0 98 0 0 10001
0 99 0 0 10001
0 100 0 0 10001
0 1 0 0 10001
0 2 0 0 10001
0 3 0 0 10001
0 4 0 0 10001
0 5 0 0 10001
0 6 0 0 10001
0 7 0 0 10001
0 8 0 0 10001
0 9 0 0 10001
0 10 0 0 10001
0 11 0 0 10001
0 12 0 0 10001
0 13 0 0 10001
0 14 0 0 10001
0 15 0 0 10001
0 16 0 0 10001
0 17 0 0 10001
0 18 0 0 10001
0 19 0 0 10001
0 20 0 0 10001
0 21 0 0 10001
0 22 0 0 10001
0 23 0 0 10001
0 24 0 0 10001
0 25 0 0 10001
0 26 0 0 10001
0 27 0 0 10001
0 28 0 0 10001
0 29 0 0 10001
0 30 0 0 10001
0 31 0 0 10001
0 32 0 0 10001
0 33 0 0 10001
0 34 0 0 10001
0 35 0 0 10001
0 36 0 0 10001
0 37 0 0 10001
0 38 0 0 10001
0 39 0 0 10001
0 40 0 0 10001
0 41 0 0 10001
0 42 0 0 10001
0 43 0 0 10001
0 44 0 0 10001
0 45 0 0 10001
0 46 0 0 10001
0 47 0 0 10001
0 48 0 0 10001
0 49 0 0 10001
0 50 0 0 10001
0 51 0 0 10001
0 52 0 0 10001
0 53 0 0 10001
0 54 0 0 10001
0 55 0 0 10001
0 56 0 0 10001
0 57 0 0 10001
0 58 0 0 10001
0 59 0 0 10001
0 60 0 0 10001
0 61 0 0 10001
0 62 0 0 10001
0 63 0 0 10001
0 64 0 0 10001
0 65 0 0 10001
0 66 0 0 10001
0 67 0 0 10001
0 68 0 0 10001
0 69 0 0 10001
0 70 0 0 10001
0 71 0 0 10001
0 72 0 0 10001
0 73 0 0 10001
0 74 0 0 10001
0 75 0 0 10001
0 76 0 0 10001
0 77 0 0 10001
0 78 0 0 10001
0 79 0 0 10001
0 80 0 0 10001
0 81 0 0 10001
0 82 0 0 10001
0 83 0 0 10001
0 84 0 0 10001
0 85 0 0 10001
0 86 0 0 10001
0 87 0 0 10001
0 88 0 0 10001
0 89 0 0 10001
0 90 0 0 10001
0 91 0 0 10001
0 92 0 0 10001
0 93 0 0 10001
0 94 0 0 10001
0 95 0 0 10001
0 96 0 0 10001
0 97 0 0 10001
0 98 0 0 10001
0 99 0 0 10001
0 100 0 0 10001
0 1 0 0 10001
0 2 0 0 10001
0 3 0 0 10001
0 4 0 0 10001
0 5 0 0 10001
0 6 0 0 10001
0 7 0 0 10001
0 8 0 0 10001
0 9 0 0 10001
0 10 0 0 10001
0 11 0 0 10001
0 12 0 0 10001
0 13 0 0 10001
0 14 0 0 10001
0 15 0 0 10001
0 16 0 0 10001
0 17 0 0 10001
0 18 0 0 10001
0 19 0 0 10001
0 20 0 0 10001
0 21 0 0 10001
0 22 0 0 10001
0 23 0 0 10001
0 24 0 0 10001
0 25 0 0 10001
0 26 0 0 10001
0 27 0 0 10001
0 28 0 0 10001
0 29 0 0 10001
0 30 0 0 10001
0 31 0 0 10001
0 32 0 0 10001
0 33 0 0 10001
0 34 0 0 10001
0 35 0 0 10001
0 36 0 0 10001
0 37 0 0 10001
0 38 0 0 10001
0 39 0 0 10001
0 40 0 0 10001
0 41 0 0 10001
0 42 0 0 10001
0 43 0 0 10001
0 44 0 0 10001
0 45 0 0 10001
0 46 0 0 10001
0 47 0 0 10001
0 48 0 0 10001
0 49 0 0 10001
0 50 0 0 10001
0 51 0 0 10001
0 52 0 0 10001
0 53 0 0 10001
0 54 0 0 10001
0 55 0 0 10001
0 56 0 0 10001
0 57 0 0 10001
0 58 0 0 10001
0 59 0 0 10001
0 60 0 0 10001
0 61 0 0 10001
0 62 0 0 10001
0 63 0 0 10001
0 64 0 0 10001
0 65 0 0 10001
0 66 0 0 10001
0 67 0 0 10001
0 68 0 0 10001
0 69 0 0 10001
0 70 0 0 10001
0 71 0 0 10001
0 72 0 0 10001
0 73 0 0 10001
0 74 0 0 10001
0 75 0 0 10001
0 76 0 0 10001
0 77 0 0 10001
0 78 0 0 10001
0 79 0 0 10001
0 80 0 0 10001
0 81 0 0 10001
0 82 0 0 10001
0 83 0 0 10001
0 84 0 0 10001
0 85 0 0 10001
0 86 0 0 10001
0 87 0 0 10001
0 88 0 0 10001
0 89 0 0 10001
0 90 0 0 10001
0 91 0 0 10001
0 92 0 0 10001
0 93 0 0 10001
0 94 0 0 10001
0 95 0 0 10001
0 96 0 0 10001
0 97 0 0 10001
0 98 0 0 10001
0 99 0 0 10001
0 100 0 0 10001
0 0 0 0 40001
0 0 0 0 40001
0 0 0 0 40001
0 0 0 0 40001
0 0 0 0 40001
0 0 0 0 40001
0 0 0 0 40001
0 0 0 0 40001
0 0 0 0 40001
0 0 0 0 40001
0 0 0 0 40001
0 0 0 0 40001
0 0 0 0 40001
0 0 0 0 40001
0 0 0 0 40001
0 0 0 0 40001
0 0 0 0 40001
0 0 0 0 40001
0 0 0 0 40001
0 0 0 0 40001
0 0 0 0 40001
0 0 0 0 40001
0 0 0 0 40001
0 0 0 0 40001
0 0 0 0 40001
0 0 0 0 40001
0 0 0 0 40001
0 0 0 0 40001
0 0 0 0 40001
0 0 0 0 40001
0 0 0 0 40001
0 0 0 0 40001
0 0 0 0 40001
0 0 0 0 40001
0 0 0 0 40001
0 0 0 0 40001
0 0 0 0 40001
0 0 0 0 40001
0 0 0 0 40001
0 0 0 0 40001
0 0 0 0 40001
0 0 0 0 40001
0 0 0 0 40001
0 0 0 0 40001
0 0 0 0 40001
0 0 0 0 40001
0 0 0 0 40001
0 0 0 0 40001
0 0 0 0 40001
0 0 0 0 40001
0 0 0 0 40001
0 0 0 0 40001
0 0 0 0 40001
0 0 0 0 40001
0 0 0 0 40001
0 0 0 0 40001
0 0 0 0 40001
0 0 0 0 40001
0 0 0 0 40001
0 0 0 0 40001
0 0 0 0 40001
0 0 0 0 40001
0 0 0 0 40001
0 0 0 0 40001
0 0 0 0 40001
0 0 0 0 40001
0 0 0 0 40001
0 0 0 0 40001
0 0 0 0 40001
0 0 0 0 40001
0 0 0 0 40001
0 0 0 0 40001
0 0 0 0 40001
0 0 0 0 40001
0 0 0 0 40001
0 0 0 0 40001
0 0 0 0 40001
0 0 0 0 40001
0 0 0 0 40001
0 0 0 0 40001
0 0 0 0 40001
0 0 0 0 40001
0 0 0 0 40001
0 0 0 0 40001
0 0 0 0 40001
0 0 0 0 40001
0 0 0 0 40001
0 0 0 0 40001
0 0 0 0 40001
0 0 0 0 40001
0 0 0 0 40001
0 0 0 0 40001
0 0 0 0 40001
0 0 0 0 40001
0 0 0 0 40001
0 0 0 0 40001
0 0 0 0 40001
0 0 0 0 40001
0 0 0 0 40001
0 0 0 0 40001
0 301 0 0 40001
0 302 0 0 40001
0 303 0 0 40001
0 304 0 0 40001
0 305 0 0 40001
0 306 0 0 40001
0 307 0 0 40001
0 308 0 0 40001
0 309 0 0 40001
0 310 0 0 40001
0 311 0 0 40001
0 312 0 0 40001
0 313 0 0 40001
0 314 0 0 40001
0 315 0 0 40001
0 316 0 0 40001
0 317 0 0 40001
0 318 0 0 40001
0 319 0 0 40001
0 320 0 0 40001
0 321 0 0 40001
0 322 0 0 40001
0 323 0 0 40001
0 324 0 0 40001
0 325 0 0 40001
0 326 0 0 40001
0 327 0 0 40001
0 328 0 0 40001
0 329 0 0 40001
0 330 0 0 40001
0 331 0 0 40001
0 332 0 0 40001
0 333 0 0 40001
0 334 0 0 40001
0 335 0 0 40001
0 336 0 0 40001
0 337 0 0 40001
0 338 0 0 40001
0 339 0 0 40001
0 340 0 0 40001
0 341 0 0 40001
0 342 0 0 40001
0 343 0 0 40001
0 344 0 0 40001
0 345 0 0 40001
0 346 0 0 40001
0 347 0 0 40001
0 348 0 0 40001
0 349 0 0 40001
0 350 0 0 40001
0 351 0 0 40001
0 352 0 0 40001
0 353 0 0 40001
0 354 0 0 40001
0 355 0 0 40001
0 356 0 0 40001
0 357 0 0 40001
0 358 0 0 40001
0 359 0 0 40001
0 360 0 0 40001
0 361 0 0 40001
0 362 0 0 40001
0 363 0 0 40001
0 364 0 0 40001
0 365 0 0 40001
0 366 0 0 40001
0 367 0 0 40001
0 368 0 0 40001
0 369 0 0 40001
0 370 0 0 40001
0 371 0 0 40001
0 372 0 0 40001
0 373 0 0 40001
0 374 0 0 40001
0 375 0 0 40001
0 376 0 0 40001
0 377 0 0 40001
0 378 0 0 40001
0 379 0 0 40001
0 380 0 0 40001
0 381 0 0 40001
0 382 0 0 40001
0 383 0 0 40001
0 384 0 0 40001
0 385 0 0 40001
0 386 0 0 40001
0 387 0 0 40001
0 388 0 0 40001
0 389 0 0 40001
0 390 0 0 40001
0 391 0 0 40001
0 392 0 0 40001
0 393 0 0 40001
0 394 0 0 40001
0 395 0 0 40001
0 396 0 0 40001
0 397 0 0 40001
0 398 0 0 40001
0 399 0 0 40001
0 400 0 0 40001
0 301 0 0 40001
0 302 0 0 40001
0 303 0 0 40001
0 304 0 0 40001
0 305 0 0 40001
0 306 0 0 40001
0 307 0 0 40001
0 308 0 0 40001
0 309 0 0 40001
0 310 0 0 40001
0 311 0 0 40001
0 312 0 0 40001
0 313 0 0 40001
0 314 0 0 40001
0 315 0 0 40001
0 316 0 0 40001
0 317 0 0 40001
0 318 0 0 40001
0 319 0 0 40001
0 320 0 0 40001
0 321 0 0 40001
0 322 0 0 40001
0 323 0 0 40001
0 324 0 0 40001
0 325 0 0 40001
0 326 0 0 40001
0 327 0 0 40001
0 328 0 0 40001
0 329 0 0 40001
0 330 0 0 40001
0 331 0 0 40001
0 332 0 0 40001
0 333 0 0 40001
0 334 0 0 40001
0 335 0 0 40001
0 336 0 0 40001
0 337 0 0 40001
0 338 0 0 40001
0 339 0 0 40001
0 340 0 0 40001
0 341 0 0 40001
0 342 0 0 40001
0 343 0 0 40001
0 344 0 0 40001
0 345 0 0 40001
0 346 0 0 40001
0 347 0 0 40001
0 348 0 0 40001
0 349 0 0 40001
0 350 0 0 40001
0 351 0 0 40001
0 352 0 0 40001
0 353 0 0 40001
0 354 0 0 40001
0 355 0 0 40001
0 356 0 0 40001
0 357 0 0 40001
0 358 0 0 40001
0 359 0 0 40001
0 360 0 0 40001
0 361 0 0 40001
0 362 0 0 40001
0 363 0 0 40001
0 364 0 0 40001
0 365 0 0 40001
0 366 0 0 40001
0 367 0 0 40001
0 368 0 0 40001
0 369 0 0 40001
0 370 0 0 40001
0 371 0 0 40001
0 372 0 0 40001
0 373 0 0 40001
0 374 0 0 40001
0 375 0 0 40001
0 376 0 0 40001
0 377 0 0 40001
0 378 0 0 40001
0 379 0 0 40001
0 380 0 0 40001
0 381 0 0 40001
0 382 0 0 40001
0 383 0 0 40001
0 384 0 0 40001
0 385 0 0 40001
0 386 0 0 40001
0 387 0 0 40001
0 388 0 0 40001
0 389 0 0 40001
0 390 0 0 40001
0 391 0 0 40001
0 392 0 0 40001
0 393 0 0 40001
0 394 0 0 40001
0 395 0 0 40001
0 396 0 0 40001
0 397 0 0 40001
0 398 0 0 40001
0 399 0 0 40001
0 400 0 0 40001
0 301 0 0 40001
0 302 0 0 40001
0 303 0 0 40001
0 304 0 0 40001
0 305 0 0 40001
0 306 0 0 40001
0 307 0 0 40001
0 308 0 0 40001
0 309 0 0 40001
0 310 0 0 40001
0 311 0 0 40001
0 312 0 0 40001
0 313 0 0 40001
0 314 0 0 40001
0 315 0 0 40001
0 316 0 0 40001
0 317 0 0 40001
0 318 0 0 40001
0 319 0 0 40001
0 320 0 0 40001
0 321 0 0 40001
0 322 0 0 40001
0 323 0 0 40001
0 324 0 0 40001
0 325 0 0 40001
0 326 0 0 40001
0 327 0 0 40001
0 328 0 0 40001
0 329 0 0 40001
0 330 0 0 40001
0 331 0 0 40001
0 332 0 0 40001
0 333 0 0 40001
0 334 0 0 40001
0 335 0 0 40001
0 336 0 0 40001
0 337 0 0 40001
0 338 0 0 40001
0 339 0 0 40001
0 340 0 0 40001
0 341 0 0 40001
0 342 0 0 40001
0 343 0 0 40001
0 344 0 0 40001
0 345 0 0 40001
0 346 0 0 40001
0 347 0 0 40001
0 348 0 0 40001
0 349 0 0 40001
0 350 0 0 40001
0 351 0 0 40001
0 352 0 0 40001
0 353 0 0 40001
0 354 0 0 40001
0 355 0 0 40001
0 356 0 0 40001
0 357 0 0 40001
0 358 0 0 40001
0 359 0 0 40001
0 360 0 0 40001
0 361 0 0 40001
0 362 0 0 40001
0 363 0 0 40001
0 364 0 0 40001
0 365 0 0 40001
0 366 0 0 40001
0 367 0 0 40001
0 368 0 0 40001
0 369 0 0 40001
0 370 0 0 40001
0 371 0 0 40001
0 372 0 0 40001
0 373 0 0 40001
0 374 0 0 40001
0 375 0 0 40001
0 376 0 0 40001
0 377 0 0 40001
0 378 0 0 40001
0 379 0 0 40001
0 380 0 0 40001
0 381 0 0 40001
0 382 0 0 40001
0 383 0 0 40001
0 384 0 0 40001
0 385 0 0 40001
0 386 0 0 40001
0 387 0 0 40001
0 388 0 0 40001
0 389 0 0 40001
0 390 0 0 40001
0 391 0 0 40001
0 392 0 0 40001
0 393 0 0 40001
0 394 0 0 40001
0 395 0 0 40001
0 396 0 0 40001
0 397 0 0 40001
0 398 0 0 40001
0 399 0 0 40001
0 400 0 0 40001
0 301 0 0 40001
0 302 0 0 40001
0 303 0 0 40001
0 304 0 0 40001
0 305 0 0 40001
0 306 0 0 40001
0 307 0 0 40001
0 308 0 0 40001
0 309 0 0 40001
0 310 0 0 40001
0 311 0 0 40001
0 312 0 0 40001
0 313 0 0 40001
0 314 0 0 40001
0 315 0 0 40001
0 316 0 0 40001
0 317 0 0 40001
0 318 0 0 40001
0 319 0 0 40001
0 320 0 0 40001
0 321 0 0 40001
0 322 0 0 40001
0 323 0 0 40001
0 324 0 0 40001
0 325 0 0 40001
0 326 0 0 40001
0 327 0 0 40001
0 328 0 0 40001
0 329 0 0 40001
0 330 0 0 40001
0 331 0 0 40001
0 332 0 0 40001
0 333 0 0 40001
0 334 0 0 40001
0 335 0 0 40001
0 336 0 0 40001
0 337 0 0 40001
0 338 0 0 40001
0 339 0 0 40001
0 340 0 0 40001
0 341 0 0 40001
0 342 0 0 40001
0 343 0 0 40001
0 344 0 0 40001
0 345 0 0 40001
0 346 0 0 40001
0 347 0 0 40001
0 348 0 0 40001
0 349 0 0 40001
0 350 0 0 40001
0 351 0 0 40001
0 352 0 0 40001
0 353 0 0 40001
0 354 0 0 40001
0 355 0 0 40001
0 356 0 0 40001
0 357 0 0 40001
0 358 0 0 40001
0 359 0 0 40001
0 360 0 0 40001
0 361 0 0 40001
0 362 0 0 40001
0 363 0 0 40001
0 364 0 0 40001
0 365 0 0 40001
0 366 0 0 40001
0 367 0 0 40001
0 368 0 0 40001
0 369 0 0 40001
0 370 0 0 40001
0 371 0 0 40001
0 372 0 0 40001
0 373 0 0 40001
0 374 0 0 40001
0 375 0 0 40001
0 376 0 0 40001
0 377 0 0 40001
0 378 0 0 40001
0 379 0 0 40001
0 380 0 0 40001
0 381 0 0 40001
0 382 0 0 40001
0 383 0 0 40001
0 384 0 0 40001
0 385 0 0 40001
0 386 0 0 40001
0 387 0 0 40001
0 388 0 0 40001
0 389 0 0 40001
0 390 0 0 40001
0 391 0 0 40001
0 392 0 0 40001
0 393 0 0 40001
0 394 0 0 40001
0 395 0 0 40001
0 396 0 0 40001
0 397 0 0 40001
0 398 0 0 40001
0 399 0 0 40001
0 400 0 0 40001
0 301 0 0 40001
0 302 0 0 40001
0 303 0 0 40001
0 304 0 0 40001
0 305 0 0 40001
0 306 0 0 40001
0 307 0 0 40001
0 308 0 0 40001
0 309 0 0 40001
0 310 0 0 40001
0 311 0 0 40001
0 312 0 0 40001
0 313 0 0 40001
0 314 0 0 40001
0 315 0 0 40001
0 316 0 0 40001
0 317 0 0 40001
0 318 0 0 40001
0 319 0 0 40001
0 320 0 0 40001
0 321 0 0 40001
0 322 0 0 40001
0 323 0 0 40001
0 324 0 0 40001
0 325 0 0 40001
0 326 0 0 40001
0 327 0 0 40001
0 328 0 0 40001
0 329 0 0 40001
0 330 0 0 40001
0 331 0 0 40001
0 332 0 0 40001
0 333 0 0 40001
0 334 0 0 40001
0 335 0 0 40001
0 336 0 0 40001
0 337 0 0 40001
0 338 0 0 40001
0 339 0 0 40001
0 340 0 0 40001
0 341 0 0 40001
0 342 0 0 40001
0 343 0 0 40001
0 344 0 0 40001
0 345 0 0 40001
0 346 0 0 40001
0 347 0 0 40001
0 348 0 0 40001
0 349 0 0 40001
0 350 0 0 40001
0 351 0 0 40001
0 352 0 0 40001
0 353 0 0 40001
0 354 0 0 40001
0 355 0 0 40001
0 356 0 0 40001
0 357 0 0 40001
0 358 0 0 40001
0 359 0 0 40001
0 360 0 0 40001
0 361 0 0 40001
0 362 0 0 40001
0 363 0 0 40001
0 364 0 0 40001
0 365 0 0 40001
0 366 0 0 40001
0 367 0 0 40001
0 368 0 0 40001
0 369 0 0 40001
0 370 0 0 40001
0 371 0 0 40001
0 372 0 0 40001
0 373 0 0 40001
0 374 0 0 40001
0 375 0 0 40001
0 376 0 0 40001
0 377 0 0 40001
0 378 0 0 40001
0 379 0 0 40001
0 380 0 0 40001
0 381 0 0 40001
0 382 0 0 40001
0 383 0 0 40001
0 384 0 0 40001
0 385 0 0 40001
0 386 0 0 40001
0 387 0 0 40001
0 388 0 0 40001
0 389 0 0 40001
0 390 0 0 40001
0 391 0 0 40001
0 392 0 0 40001
0 393 0 0 40001
0 394 0 0 40001
0 395 0 0 40001
0 396 0 0 40001
0 397 0 0 40001
0 398 0 0 40001
0 399 0 0 40001
0 400 0 0 40001
0 0 0 0 80001
0 0 0 0 80001
0 0 0 0 80001
0 0 0 0 80001
0 0 0 0 80001
0 0 0 0 80001
0 0 0 0 80001
0 0 0 0 80001
0 0 0 0 80001
0 0 0 0 80001
0 0 0 0 80001
0 0 0 0 80001
0 0 0 0 80001
0 0 0 0 80001
0 0 0 0 80001
0 0 0 0 80001
0 0 0 0 80001
0 0 0 0 80001
0 0 0 0 80001
0 0 0 0 80001
0 0 0 0 80001
0 0 0 0 80001
0 0 0 0 80001
0 0 0 0 80001
0 0 0 0 80001
0 0 0 0 80001
0 0 0 0 80001
0 0 0 0 80001
0 0 0 0 80001
0 0 0 0 80001
0 0 0 0 80001
0 0 0 0 80001
0 0 0 0 80001
0 0 0 0 80001
0 0 0 0 80001
0 0 0 0 80001
0 0 0 0 80001
0 0 0 0 80001
0 0 0 0 80001
0 0 0 0 80001
0 0 0 0 80001
0 0 0 0 80001
0 0 0 0 80001
0 0 0 0 80001
0 0 0 0 80001
0 0 0 0 80001
0 0 0 0 80001
0 0 0 0 80001
0 0 0 0 80001
0 0 0 0 80001
0 0 0 0 80001
0 0 0 0 80001
0 0 0 0 80001
0 0 0 0 80001
0 0 0 0 80001
0 0 0 0 80001
0 0 0 0 80001
0 0 0 0 80001
0 0 0 0 80001
0 0 0 0 80001
0 0 0 0 80001
0 0 0 0 80001
0 0 0 0 80001
0 0 0 0 80001
0 0 0 0 80001
0 0 0 0 80001
0 0 0 0 80001
0 0 0 0 80001
0 0 0 0 80001
0 0 0 0 80001
0 0 0 0 80001
0 0 0 0 80001
0 0 0 0 80001
0 0 0 0 80001
0 0 0 0 80001
0 0 0 0 80001
0 0 0 0 80001
0 0 0 0 80001
0 0 0 0 80001
0 0 0 0 80001
0 0 0 0 80001
0 0 0 0 80001
0 0 0 0 80001
0 0 0 0 80001
0 0 0 0 80001
0 0 0 0 80001
0 0 0 0 80001
0 0 0 0 80001
0 0 0 0 80001
0 0 0 0 80001
0 0 0 0 80001
0 0 0 0 80001
0 0 0 0 80001
0 0 0 0 80001
0 0 0 0 80001
0 0 0 0 80001
0 0 0 0 80001
0 0 0 0 80001
0 0 0 0 80001
0 0 0 0 80001
0 701 0 0 80001
0 702 0 0 80001
0 703 0 0 80001
0 704 0 0 80001
0 705 0 0 80001
0 706 0 0 80001
0 707 0 0 80001
0 708 0 0 80001
0 709 0 0 80001
0 710 0 0 80001
0 711 0 0 80001
0 712 0 0 80001
0 713 0 0 80001
0 714 0 0 80001
0 715 0 0 80001
0 716 0 0 80001
0 717 0 0 80001
0 718 0 0 80001
0 719 0 0 80001
0 720 0 0 80001
0 721 0 0 80001
0 722 0 0 80001
0 723 0 0 80001
0 724 0 0 80001
0 725 0 0 80001
0 726 0 0 80001
0 727 0 0 80001
0 728 0 0 80001
0 729 0 0 80001
0 730 0 0 80001
0 731 0 0 80001
0 732 0 0 80001
0 733 0 0 80001
0 734 0 0 80001
0 735 0 0 80001
0 736 0 0 80001
0 737 0 0 80001
0 738 0 0 80001
0 739 0 0 80001
0 740 0 0 80001
0 741 0 0 80001
0 742 0 0 80001
0 743 0 0 80001
0 744 0 0 80001
0 745 0 0 80001
0 746 0 0 80001
0 747 0 0 80001
0 748 0 0 80001
0 749 0 0 80001
0 750 0 0 80001
0 751 0 0 80001
0 752 0 0 80001
0 753 0 0 80001
0 754 0 0 80001
0 755 0 0 80001
0 756 0 0 80001
0 757 0 0 80001
0 758 0 0 80001
0 759 0 0 80001
0 760 0 0 80001
0 761 0 0 80001
0 762 0 0 80001
0 763 0 0 80001
0 764 0 0 80001
0 765 0 0 80001
0 766 0 0 80001
0 767 0 0 80001
0 768 0 0 80001
0 769 0 0 80001
0 770 0 0 80001
0 771 0 0 80001
0 772 0 0 80001
0 773 0 0 80001
0 774 0 0 80001
0 775 0 0 80001
0 776 0 0 80001
0 777 0 0 80001
0 778 0 0 80001
0 779 0 0 80001
0 780 0 0 80001
0 781 0 0 80001
0 782 0 0 80001
0 783 0 0 80001
0 784 0 0 80001
0 785 0 0 80001
0 786 0 0 80001
0 787 0 0 80001
0 788 0 0 80001
0 789 0 0 80001
0 790 0 0 80001
0 791 0 0 80001
0 792 0 0 80001
0 793 0 0 80001
0 794 0 0 80001
0 795 0 0 80001
0 796 0 0 80001
0 797 0 0 80001
0 798 0 0 80001
0 799 0 0 80001
0 800 0 0 80001
0 701 0 0 80001
0 702 0 0 80001
0 703 0 0 80001
0 704 0 0 80001
0 705 0 0 80001
0 706 0 0 80001
0 707 0 0 80001
0 708 0 0 80001
0 709 0 0 80001
0 710 0 0 80001
0 711 0 0 80001
0 712 0 0 80001
0 713 0 0 80001
0 714 0 0 80001
0 715 0 0 80001
0 716 0 0 80001
0 717 0 0 80001
0 718 0 0 80001
0 719 0 0 80001
0 720 0 0 80001
0 721 0 0 80001
0 722 0 0 80001
0 723 0 0 80001
0 724 0 0 80001
0 725 0 0 80001
0 726 0 0 80001
0 727 0 0 80001
0 728 0 0 80001
0 729 0 0 80001
0 730 0 0 80001
0 731 0 0 80001
0 732 0 0 80001
0 733 0 0 80001
0 734 0 0 80001
0 735 0 0 80001
0 736 0 0 80001
0 737 0 0 80001
0 738 0 0 80001
0 739 0 0 80001
0 740 0 0 80001
0 741 0 0 80001
0 742 0 0 80001
0 743 0 0 80001
0 744 0 0 80001
0 745 0 0 80001
0 746 0 0 80001
0 747 0 0 80001
0 748 0 0 80001
0 749 0 0 80001
0 750 0 0 80001
0 751 0 0 80001
0 752 0 0 80001
0 753 0 0 80001
0 754 0 0 80001
0 755 0 0 80001
0 756 0 0 80001
0 757 0 0 80001
0 758 0 0 80001
0 759 0 0 80001
0 760 0 0 80001
0 761 0 0 80001
0 762 0 0 80001
0 763 0 0 80001
0 764 0 0 80001
0 765 0 0 80001
0 766 0 0 80001
0 767 0 0 80001
0 768 0 0 80001
0 769 0 0 80001
0 770 0 0 80001
0 771 0 0 80001
0 772 0 0 80001
0 773 0 0 80001
0 774 0 0 80001
0 775 0 0 80001
0 776 0 0 80001
0 777 0 0 80001
0 778 0 0 80001
0 779 0 0 80001
0 780 0 0 80001
0 781 0 0 80001
0 782 0 0 80001
0 783 0 0 80001
0 784 0 0 80001
0 785 0 0 80001
0 786 0 0 80001
0 787 0 0 80001
0 788 0 0 80001
0 789 0 0 80001
0 790 0 0 80001
0 791 0 0 80001
0 792 0 0 80001
0 793 0 0 80001
0 794 0 0 80001
0 795 0 0 80001
0 796 0 0 80001
0 797 0 0 80001
0 798 0 0 80001
0 799 0 0 80001
0 800 0 0 80001
0 701 0 0 80001
0 702 0 0 80001
0 703 0 0 80001
0 704 0 0 80001
0 705 0 0 80001
0 706 0 0 80001
0 707 0 0 80001
0 708 0 0 80001
0 709 0 0 80001
0 710 0 0 80001
0 711 0 0 80001
0 712 0 0 80001
0 713 0 0 80001
0 714 0 0 80001
0 715 0 0 80001
0 716 0 0 80001
0 717 0 0 80001
0 718 0 0 80001
0 719 0 0 80001
0 720 0 0 80001
0 721 0 0 80001
0 722 0 0 80001
0 723 0 0 80001
0 724 0 0 80001
0 725 0 0 80001
0 726 0 0 80001
0 727 0 0 80001
0 728 0 0 80001
0 729 0 0 80001
0 730 0 0 80001
0 731 0 0 80001
0 732 0 0 80001
0 733 0 0 80001
0 734 0 0 80001
0 735 0 0 80001
0 736 0 0 80001
0 737 0 0 80001
0 738 0 0 80001
0 739 0 0 80001
0 740 0 0 80001
0 741 0 0 80001
0 742 0 0 80001
0 743 0 0 80001
0 744 0 0 80001
0 745 0 0 80001
0 746 0 0 80001
0 747 0 0 80001
0 748 0 0 80001
0 749 0 0 80001
0 750 0 0 80001
0 751 0 0 80001
0 752 0 0 80001
0 753 0 0 80001
0 754 0 0 80001
0 755 0 0 80001
0 756 0 0 80001
0 757 0 0 80001
0 758 0 0 80001
0 759 0 0 80001
0 760 0 0 80001
0 761 0 0 80001
0 762 0 0 80001
0 763 0 0 80001
0 764 0 0 80001
0 765 0 0 80001
0 766 0 0 80001
0 767 0 0 80001
0 768 0 0 80001
0 769 0 0 80001
0 770 0 0 80001
0 771 0 0 80001
0 772 0 0 80001
0 773 0 0 80001
0 774 0 0 80001
0 775 0 0 80001
0 776 0 0 80001
0 777 0 0 80001
0 778 0 0 80001
0 779 0 0 80001
0 780 0 0 80001
0 781 0 0 80001
0 782 0 0 80001
0 783 0 0 80001
0 784 0 0 80001
0 785 0 0 80001
0 786 0 0 80001
0 787 0 0 80001
0 788 0 0 80001
0 789 0 0 80001
0 790 0 0 80001
0 791 0 0 80001
0 792 0 0 80001
0 793 0 0 80001
0 794 0 0 80001
0 795 0 0 80001
0 796 0 0 80001
0 797 0 0 80001
0 798 0 0 80001
0 799 0 0 80001
0 800 0 0 80001
0 701 0 0 80001
0 702 0 0 80001
0 703 0 0 80001
0 704 0 0 80001
0 705 0 0 80001
0 706 0 0 80001
0 707 0 0 80001
0 708 0 0 80001
0 709 0 0 80001
0 710 0 0 80001
0 711 0 0 80001
0 712 0 0 80001
0 713 0 0 80001
0 714 0 0 80001
0 715 0 0 80001
0 716 0 0 80001
0 717 0 0 80001
0 718 0 0 80001
0 719 0 0 80001
0 720 0 0 80001
0 721 0 0 80001
0 722 0 0 80001
0 723 0 0 80001
0 724 0 0 80001
0 725 0 0 80001
0 726 0 0 80001
0 727 0 0 80001
0 728 0 0 80001
0 729 0 0 80001
0 730 0 0 80001
0 731 0 0 80001
0 732 0 0 80001
0 733 0 0 80001
0 734 0 0 80001
0 735 0 0 80001
0 736 0 0 80001
0 737 0 0 80001
0 738 0 0 80001
0 739 0 0 80001
0 740 0 0 80001
0 741 0 0 80001
0 742 0 0 80001
0 743 0 0 80001
0 744 0 0 80001
0 745 0 0 80001
0 746 0 0 80001
0 747 0 0 80001
0 748 0 0 80001
0 749 0 0 80001
0 750 0 0 80001
0 751 0 0 80001
0 752 0 0 80001
0 753 0 0 80001
0 754 0 0 80001
0 755 0 0 80001
0 756 0 0 80001
0 757 0 0 80001
0 758 0 0 80001
0 759 0 0 80001
0 760 0 0 80001
0 761 0 0 80001
0 762 0 0 80001
0 763 0 0 80001
0 764 0 0 80001
0 765 0 0 80001
0 766 0 0 80001
0 767 0 0 80001
0 768 0 0 80001
0 769 0 0 80001
0 770 0 0 80001
0 771 0 0 80001
0 772 0 0 80001
0 773 0 0 80001
0 774 0 0 80001
0 775 0 0 80001
0 776 0 0 80001
0 777 0 0 80001
0 778 0 0 80001
0 779 0 0 80001
0 780 0 0 80001
0 781 0 0 80001
0 782 0 0 80001
0 783 0 0 80001
0 784 0 0 80001
0 785 0 0 80001
0 786 0 0 80001
0 787 0 0 80001
0 788 0 0 80001
0 789 0 0 80001
0 790 0 0 80001
0 791 0 0 80001
0 792 0 0 80001
0 793 0 0 80001
0 794 0 0 80001
0 795 0 0 80001
0 796 0 0 80001
0 797 0 0 80001
0 798 0 0 80001
0 799 0 0 80001
0 800 0 0 80001
0 701 0 0 80001
0 702 0 0 80001
0 703 0 0 80001
0 704 0 0 80001
0 705 0 0 80001
0 706 0 0 80001
0 707 0 0 80001
0 708 0 0 80001
0 709 0 0 80001
0 710 0 0 80001
0 711 0 0 80001
0 712 0 0 80001
0 713 0 0 80001
0 714 0 0 80001
0 715 0 0 80001
0 716 0 0 80001
0 717 0 0 80001
0 718 0 0 80001
0 719 0 0 80001
0 720 0 0 80001
0 721 0 0 80001
0 722 0 0 80001
0 723 0 0 80001
0 724 0 0 80001
0 725 0 0 80001
0 726 0 0 80001
0 727 0 0 80001
0 728 0 0 80001
0 729 0 0 80001
0 730 0 0 80001
0 731 0 0 80001
0 732 0 0 80001
0 733 0 0 80001
0 734 0 0 80001
0 735 0 0 80001
0 736 0 0 80001
0 737 0 0 80001
0 738 0 0 80001
0 739 0 0 80001
0 740 0 0 80001
0 741 0 0 80001
0 742 0 0 80001
0 743 0 0 80001
0 744 0 0 80001
0 745 0 0 80001
0 746 0 0 80001
0 747 0 0 80001
0 748 0 0 80001
0 749 0 0 80001
0 750 0 0 80001
0 751 0 0 80001
0 752 0 0 80001
0 753 0 0 80001
0 754 0 0 80001
0 755 0 0 80001
0 756 0 0 80001
0 757 0 0 80001
0 758 0 0 80001
0 759 0 0 80001
0 760 0 0 80001
0 761 0 0 80001
0 762 0 0 80001
0 763 0 0 80001
0 764 0 0 80001
0 765 0 0 80001
0 766 0 0 80001
0 767 0 0 80001
0 768 0 0 80001
0 769 0 0 80001
0 770 0 0 80001
0 771 0 0 80001
0 772 0 0 80001
0 773 0 0 80001
0 774 0 0 80001
0 775 0 0 80001
0 776 0 0 80001
0 777 0 0 80001
0 778 0 0 80001
0 779 0 0 80001
0 780 0 0 80001
0 781 0 0 80001
0 782 0 0 80001
0 783 0 0 80001
0 784 0 0 80001
0 785 0 0 80001
0 786 0 0 80001
0 787 0 0 80001
0 788 0 0 80001
0 789 0 0 80001
0 790 0 0 80001
0 791 0 0 80001
0 792 0 0 80001
0 793 0 0 80001
0 794 0 0 80001
0 795 0 0 80001
0 796 0 0 80001
0 797 0 0 80001
0 798 0 0 80001
0 799 0 0 80001
0 800 0 0 80001
0 0 0 0 70001
0 0 0 0 70001
0 0 0 0 70001
0 0 0 0 70001
0 0 0 0 70001
0 0 0 0 70001
0 0 0 0 70001
0 0 0 0 70001
0 0 0 0 70001
0 0 0 0 70001
0 0 0 0 70001
0 0 0 0 70001
0 0 0 0 70001
0 0 0 0 70001
0 0 0 0 70001
0 0 0 0 70001
0 0 0 0 70001
0 0 0 0 70001
0 0 0 0 70001
0 0 0 0 70001
0 0 0 0 70001
0 0 0 0 70001
0 0 0 0 70001
0 0 0 0 70001
0 0 0 0 70001
0 0 0 0 70001
0 0 0 0 70001
0 0 0 0 70001
0 0 0 0 70001
0 0 0 0 70001
0 0 0 0 70001
0 0 0 0 70001
0 0 0 0 70001
0 0 0 0 70001
0 0 0 0 70001
0 0 0 0 70001
0 0 0 0 70001
0 0 0 0 70001
0 0 0 0 70001
0 0 0 0 70001
0 0 0 0 70001
0 0 0 0 70001
0 0 0 0 70001
0 0 0 0 70001
0 0 0 0 70001
0 0 0 0 70001
0 0 0 0 70001
0 0 0 0 70001
0 0 0 0 70001
0 0 0 0 70001
0 0 0 0 70001
0 0 0 0 70001
0 0 0 0 70001
0 0 0 0 70001
0 0 0 0 70001
0 0 0 0 70001
0 0 0 0 70001
0 0 0 0 70001
0 0 0 0 70001
0 0 0 0 70001
0 0 0 0 70001
0 0 0 0 70001
0 0 0 0 70001
0 0 0 0 70001
0 0 0 0 70001
0 0 0 0 70001
0 0 0 0 70001
0 0 0 0 70001
0 0 0 0 70001
0 0 0 0 70001
0 0 0 0 70001
0 0 0 0 70001
0 0 0 0 70001
0 0 0 0 70001
0 0 0 0 70001
0 0 0 0 70001
0 0 0 0 70001
0 0 0 0 70001
0 0 0 0 70001
0 0 0 0 70001
0 0 0 0 70001
0 0 0 0 70001
0 0 0 0 70001
0 0 0 0 70001
0 0 0 0 70001
0 0 0 0 70001
0 0 0 0 70001
0 0 0 0 70001
0 0 0 0 70001
0 0 0 0 70001
0 0 0 0 70001
0 0 0 0 70001
0 0 0 0 70001
0 0 0 0 70001
0 0 0 0 70001
0 0 0 0 70001
0 0 0 0 70001
0 0 0 0 70001
0 0 0 0 70001
0 0 0 0 70001
0 601 0 0 70001
0 602 0 0 70001
0 603 0 0 70001
0 604 0 0 70001
0 605 0 0 70001
0 606 0 0 70001
0 607 0 0 70001
0 608 0 0 70001
0 609 0 0 70001
0 610 0 0 70001
0 611 0 0 70001
0 612 0 0 70001
0 613 0 0 70001
0 614 0 0 70001
0 615 0 0 70001
0 616 0 0 70001
0 617 0 0 70001
0 618 0 0 70001
0 619 0 0 70001
0 620 0 0 70001
0 621 0 0 70001
0 622 0 0 70001
0 623 0 0 70001
0 624 0 0 70001
0 625 0 0 70001
0 626 0 0 70001
0 627 0 0 70001
0 628 0 0 70001
0 629 0 0 70001
0 630 0 0 70001
0 631 0 0 70001
0 632 0 0 70001
0 633 0 0 70001
0 634 0 0 70001
0 635 0 0 70001
0 636 0 0 70001
0 637 0 0 70001
0 638 0 0 70001
0 639 0 0 70001
0 640 0 0 70001
0 641 0 0 70001
0 642 0 0 70001
0 643 0 0 70001
0 644 0 0 70001
0 645 0 0 70001
0 646 0 0 70001
0 647 0 0 70001
0 648 0 0 70001
0 649 0 0 70001
0 650 0 0 70001
0 651 0 0 70001
0 652 0 0 70001
0 653 0 0 70001
0 654 0 0 70001
0 655 0 0 70001
0 656 0 0 70001
0 657 0 0 70001
0 658 0 0 70001
0 659 0 0 70001
0 660 0 0 70001
0 661 0 0 70001
0 662 0 0 70001
0 663 0 0 70001
0 664 0 0 70001
0 665 0 0 70001
0 666 0 0 70001
0 667 0 0 70001
0 668 0 0 70001
0 669 0 0 70001
0 670 0 0 70001
0 671 0 0 70001
0 672 0 0 70001
0 673 0 0 70001
0 674 0 0 70001
0 675 0 0 70001
0 676 0 0 70001
0 677 0 0 70001
0 678 0 0 70001
0 679 0 0 70001
0 680 0 0 70001
0 681 0 0 70001
0 682 0 0 70001
0 683 0 0 70001
0 684 0 0 70001
0 685 0 0 70001
0 686 0 0 70001
0 687 0 0 70001
0 688 0 0 70001
0 689 0 0 70001
0 690 0 0 70001
0 691 0 0 70001
0 692 0 0 70001
0 693 0 0 70001
0 694 0 0 70001
0 695 0 0 70001
0 696 0 0 70001
0 697 0 0 70001
0 698 0 0 70001
0 699 0 0 70001
0 700 0 0 70001
0 601 0 0 70001
0 602 0 0 70001
0 603 0 0 70001
0 604 0 0 70001
0 605 0 0 70001
0 606 0 0 70001
0 607 0 0 70001
0 608 0 0 70001
0 609 0 0 70001
0 610 0 0 70001
0 611 0 0 70001
0 612 0 0 70001
0 613 0 0 70001
0 614 0 0 70001
0 615 0 0 70001
0 616 0 0 70001
0 617 0 0 70001
0 618 0 0 70001
0 619 0 0 70001
0 620 0 0 70001
0 621 0 0 70001
0 622 0 0 70001
0 623 0 0 70001
0 624 0 0 70001
0 625 0 0 70001
0 626 0 0 70001
0 627 0 0 70001
0 628 0 0 70001
0 629 0 0 70001
0 630 0 0 70001
0 631 0 0 70001
0 632 0 0 70001
0 633 0 0 70001
0 634 0 0 70001
0 635 0 0 70001
0 636 0 0 70001
0 637 0 0 70001
0 638 0 0 70001
0 639 0 0 70001
0 640 0 0 70001
0 641 0 0 70001
0 642 0 0 70001
0 643 0 0 70001
0 644 0 0 70001
0 645 0 0 70001
0 646 0 0 70001
0 647 0 0 70001
0 648 0 0 70001
0 649 0 0 70001
0 650 0 0 70001
0 651 0 0 70001
0 652 0 0 70001
0 653 0 0 70001
0 654 0 0 70001
0 655 0 0 70001
0 656 0 0 70001
0 657 0 0 70001
0 658 0 0 70001
0 659 0 0 70001
0 660 0 0 70001
0 661 0 0 70001
0 662 0 0 70001
0 663 0 0 70001
0 664 0 0 70001
0 665 0 0 70001
0 666 0 0 70001
0 667 0 0 70001
0 668 0 0 70001
0 669 0 0 70001
0 670 0 0 70001
0 671 0 0 70001
0 672 0 0 70001
0 673 0 0 70001
0 674 0 0 70001
0 675 0 0 70001
0 676 0 0 70001
0 677 0 0 70001
0 678 0 0 70001
0 679 0 0 70001
0 680 0 0 70001
0 681 0 0 70001
0 682 0 0 70001
0 683 0 0 70001
0 684 0 0 70001
0 685 0 0 70001
0 686 0 0 70001
0 687 0 0 70001
0 688 0 0 70001
0 689 0 0 70001
0 690 0 0 70001
0 691 0 0 70001
0 692 0 0 70001
0 693 0 0 70001
0 694 0 0 70001
0 695 0 0 70001
0 696 0 0 70001
0 697 0 0 70001
0 698 0 0 70001
0 699 0 0 70001
0 700 0 0 70001
0 601 0 0 70001
0 602 0 0 70001
0 603 0 0 70001
0 604 0 0 70001
0 605 0 0 70001
0 606 0 0 70001
0 607 0 0 70001
0 608 0 0 70001
0 609 0 0 70001
0 610 0 0 70001
0 611 0 0 70001
0 612 0 0 70001
0 613 0 0 70001
0 614 0 0 70001
0 615 0 0 70001
0 616 0 0 70001
0 617 0 0 70001
0 618 0 0 70001
0 619 0 0 70001
0 620 0 0 70001
0 621 0 0 70001
0 622 0 0 70001
0 623 0 0 70001
0 624 0 0 70001
0 625 0 0 70001
0 626 0 0 70001
0 627 0 0 70001
0 628 0 0 70001
0 629 0 0 70001
0 630 0 0 70001
0 631 0 0 70001
0 632 0 0 70001
0 633 0 0 70001
0 634 0 0 70001
0 635 0 0 70001
0 636 0 0 70001
0 637 0 0 70001
0 638 0 0 70001
0 639 0 0 70001
0 640 0 0 70001
0 641 0 0 70001
0 642 0 0 70001
0 643 0 0 70001
0 644 0 0 70001
0 645 0 0 70001
0 646 0 0 70001
0 647 0 0 70001
0 648 0 0 70001
0 649 0 0 70001
0 650 0 0 70001
0 651 0 0 70001
0 652 0 0 70001
0 653 0 0 70001
0 654 0 0 70001
0 655 0 0 70001
0 656 0 0 70001
0 657 0 0 70001
0 658 0 0 70001
0 659 0 0 70001
0 660 0 0 70001
0 661 0 0 70001
0 662 0 0 70001
0 663 0 0 70001
0 664 0 0 70001
0 665 0 0 70001
0 666 0 0 70001
0 667 0 0 70001
0 668 0 0 70001
0 669 0 0 70001
0 670 0 0 70001
0 671 0 0 70001
0 672 0 0 70001
0 673 0 0 70001
0 674 0 0 70001
0 675 0 0 70001
0 676 0 0 70001
0 677 0 0 70001
0 678 0 0 70001
0 679 0 0 70001
0 680 0 0 70001
0 681 0 0 70001
0 682 0 0 70001
0 683 0 0 70001
0 684 0 0 70001
0 685 0 0 70001
0 686 0 0 70001
0 687 0 0 70001
0 688 0 0 70001
0 689 0 0 70001
0 690 0 0 70001
0 691 0 0 70001
0 692 0 0 70001
0 693 0 0 70001
0 694 0 0 70001
0 695 0 0 70001
0 696 0 0 70001
0 697 0 0 70001
0 698 0 0 70001
0 699 0 0 70001
0 700 0 0 70001
0 601 0 0 70001
0 602 0 0 70001
0 603 0 0 70001
0 604 0 0 70001
0 605 0 0 70001
0 606 0 0 70001
0 607 0 0 70001
0 608 0 0 70001
0 609 0 0 70001
0 610 0 0 70001
0 611 0 0 70001
0 612 0 0 70001
0 613 0 0 70001
0 614 0 0 70001
0 615 0 0 70001
0 616 0 0 70001
0 617 0 0 70001
0 618 0 0 70001
0 619 0 0 70001
0 620 0 0 70001
0 621 0 0 70001
0 622 0 0 70001
0 623 0 0 70001
0 624 0 0 70001
0 625 0 0 70001
0 626 0 0 70001
0 627 0 0 70001
0 628 0 0 70001
0 629 0 0 70001
0 630 0 0 70001
0 631 0 0 70001
0 632 0 0 70001
0 633 0 0 70001
0 634 0 0 70001
0 635 0 0 70001
0 636 0 0 70001
0 637 0 0 70001
0 638 0 0 70001
0 639 0 0 70001
0 640 0 0 70001
0 641 0 0 70001
0 642 0 0 70001
0 643 0 0 70001
0 644 0 0 70001
0 645 0 0 70001
0 646 0 0 70001
0 647 0 0 70001
0 648 0 0 70001
0 649 0 0 70001
0 650 0 0 70001
0 651 0 0 70001
0 652 0 0 70001
0 653 0 0 70001
0 654 0 0 70001
0 655 0 0 70001
0 656 0 0 70001
0 657 0 0 70001
0 658 0 0 70001
0 659 0 0 70001
0 660 0 0 70001
0 661 0 0 70001
0 662 0 0 70001
0 663 0 0 70001
0 664 0 0 70001
0 665 0 0 70001
0 666 0 0 70001
0 667 0 0 70001
0 668 0 0 70001
0 669 0 0 70001
0 670 0 0 70001
0 671 0 0 70001
0 672 0 0 70001
0 673 0 0 70001
0 674 0 0 70001
0 675 0 0 70001
0 676 0 0 70001
0 677 0 0 70001
0 678 0 0 70001
0 679 0 0 70001
0 680 0 0 70001
0 681 0 0 70001
0 682 0 0 70001
0 683 0 0 70001
0 684 0 0 70001
0 685 0 0 70001
0 686 0 0 70001
0 687 0 0 70001
0 688 0 0 70001
0 689 0 0 70001
0 690 0 0 70001
0 691 0 0 70001
0 692 0 0 70001
0 693 0 0 70001
0 694 0 0 70001
0 695 0 0 70001
0 696 0 0 70001
0 697 0 0 70001
0 698 0 0 70001
0 699 0 0 70001
0 700 0 0 70001
0 601 0 0 70001
0 602 0 0 70001
0 603 0 0 70001
0 604 0 0 70001
0 605 0 0 70001
0 606 0 0 70001
0 607 0 0 70001
0 608 0 0 70001
0 609 0 0 70001
0 610 0 0 70001
0 611 0 0 70001
0 612 0 0 70001
0 613 0 0 70001
0 614 0 0 70001
0 615 0 0 70001
0 616 0 0 70001
0 617 0 0 70001
0 618 0 0 70001
0 619 0 0 70001
0 620 0 0 70001
0 621 0 0 70001
0 622 0 0 70001
0 623 0 0 70001
0 624 0 0 70001
0 625 0 0 70001
0 626 0 0 70001
0 627 0 0 70001
0 628 0 0 70001
0 629 0 0 70001
0 630 0 0 70001
0 631 0 0 70001
0 632 0 0 70001
0 633 0 0 70001
0 634 0 0 70001
0 635 0 0 70001
0 636 0 0 70001
0 637 0 0 70001
0 638 0 0 70001
0 639 0 0 70001
0 640 0 0 70001
0 641 0 0 70001
0 642 0 0 70001
0 643 0 0 70001
0 644 0 0 70001
0 645 0 0 70001
0 646 0 0 70001
0 647 0 0 70001
0 648 0 0 70001
0 649 0 0 70001
0 650 0 0 70001
0 651 0 0 70001
0 652 0 0 70001
0 653 0 0 70001
0 654 0 0 70001
0 655 0 0 70001
0 656 0 0 70001
0 657 0 0 70001
0 658 0 0 70001
0 659 0 0 70001
0 660 0 0 70001
0 661 0 0 70001
0 662 0 0 70001
0 663 0 0 70001
0 664 0 0 70001
0 665 0 0 70001
0 666 0 0 70001
0 667 0 0 70001
0 668 0 0 70001
0 669 0 0 70001
0 670 0 0 70001
0 671 0 0 70001
0 672 0 0 70001
0 673 0 0 70001
0 674 0 0 70001
0 675 0 0 70001
0 676 0 0 70001
0 677 0 0 70001
0 678 0 0 70001
0 679 0 0 70001
0 680 0 0 70001
0 681 0 0 70001
0 682 0 0 70001
0 683 0 0 70001
0 684 0 0 70001
0 685 0 0 70001
0 686 0 0 70001
0 687 0 0 70001
0 688 0 0 70001
0 689 0 0 70001
0 690 0 0 70001
0 691 0 0 70001
0 692 0 0 70001
0 693 0 0 70001
0 694 0 0 70001
0 695 0 0 70001
0 696 0 0 70001
0 697 0 0 70001
0 698 0 0 70001
0 699 0 0 70001
0 700 0 0 70001
0 0 0 0 20002
0 0 0 0 20002
0 0 0 0 20002
0 0 0 0 20002
0 0 0 0 20002
0 0 0 0 20002
0 0 0 0 20002
0 0 0 0 20002
0 0 0 0 20002
0 0 0 0 20002
0 0 0 0 20002
0 0 0 0 20002
0 0 0 0 20002
0 0 0 0 20002
0 0 0 0 20002
0 0 0 0 20002
0 0 0 0 20002
0 0 0 0 20002
0 0 0 0 20002
0 0 0 0 20002
0 0 0 0 20002
0 0 0 0 20002
0 0 0 0 20002
0 0 0 0 20002
0 0 0 0 20002
0 0 0 0 20002
0 0 0 0 20002
0 0 0 0 20002
0 0 0 0 20002
0 0 0 0 20002
0 0 0 0 20002
0 0 0 0 20002
0 0 0 0 20002
0 0 0 0 20002
0 0 0 0 20002
0 0 0 0 20002
0 0 0 0 20002
0 0 0 0 20002
0 0 0 0 20002
0 0 0 0 20002
0 0 0 0 20002
0 0 0 0 20002
0 0 0 0 20002
0 0 0 0 20002
0 0 0 0 20002
0 0 0 0 20002
0 0 0 0 20002
0 0 0 0 20002
0 0 0 0 20002
0 0 0 0 20002
0 0 0 0 20002
0 0 0 0 20002
0 0 0 0 20002
0 0 0 0 20002
0 0 0 0 20002
0 0 0 0 20002
0 0 0 0 20002
0 0 0 0 20002
0 0 0 0 20002
0 0 0 0 20002
0 0 0 0 20002
0 0 0 0 20002
0 0 0 0 20002
0 0 0 0 20002
0 0 0 0 20002
0 0 0 0 20002
0 0 0 0 20002
0 0 0 0 20002
0 0 0 0 20002
0 0 0 0 20002
0 0 0 0 20002
0 0 0 0 20002
0 0 0 0 20002
0 0 0 0 20002
0 0 0 0 20002
0 0 0 0 20002
0 0 0 0 20002
0 0 0 0 20002
0 0 0 0 20002
0 0 0 0 20002
0 0 0 0 20002
0 0 0 0 20002
0 0 0 0 20002
0 0 0 0 20002
0 0 0 0 20002
0 0 0 0 20002
0 0 0 0 20002
0 0 0 0 20002
0 0 0 0 20002
0 0 0 0 20002
0 0 0 0 20002
0 0 0 0 20002
0 0 0 0 20002
0 0 0 0 20002
0 0 0 0 20002
0 0 0 0 20002
0 0 0 0 20002
0 0 0 0 20002
0 0 0 0 20002
0 0 0 0 20002
0 101 0 0 20002
0 102 0 0 20002
0 103 0 0 20002
0 104 0 0 20002
0 105 0 0 20002
0 106 0 0 20002
0 107 0 0 20002
0 108 0 0 20002
0 109 0 0 20002
0 110 0 0 20002
0 111 0 0 20002
0 112 0 0 20002
0 113 0 0 20002
0 114 0 0 20002
0 115 0 0 20002
0 116 0 0 20002
0 117 0 0 20002
0 118 0 0 20002
0 119 0 0 20002
0 120 0 0 20002
0 121 0 0 20002
0 122 0 0 20002
0 123 0 0 20002
0 124 0 0 20002
0 125 0 0 20002
0 126 0 0 20002
0 127 0 0 20002
0 128 0 0 20002
0 129 0 0 20002
0 130 0 0 20002
0 131 0 0 20002
0 132 0 0 20002
0 133 0 0 20002
0 134 0 0 20002
0 135 0 0 20002
0 136 0 0 20002
0 137 0 0 20002
0 138 0 0 20002
0 139 0 0 20002
0 140 0 0 20002
0 141 0 0 20002
0 142 0 0 20002
0 143 0 0 20002
0 144 0 0 20002
0 145 0 0 20002
0 146 0 0 20002
0 147 0 0 20002
0 148 0 0 20002
0 149 0 0 20002
0 150 0 0 20002
0 151 0 0 20002
0 152 0 0 20002
0 153 0 0 20002
0 154 0 0 20002
0 155 0 0 20002
0 156 0 0 20002
0 157 0 0 20002
0 158 0 0 20002
0 159 0 0 20002
0 160 0 0 20002
0 161 0 0 20002
0 162 0 0 20002
0 163 0 0 20002
0 164 0 0 20002
0 165 0 0 20002
0 166 0 0 20002
0 167 0 0 20002
0 168 0 0 20002
0 169 0 0 20002
0 170 0 0 20002
0 171 0 0 20002
0 172 0 0 20002
0 173 0 0 20002
0 174 0 0 20002
0 175 0 0 20002
0 176 0 0 20002
0 177 0 0 20002
0 178 0 0 20002
0 179 0 0 20002
0 180 0 0 20002
0 181 0 0 20002
0 182 0 0 20002
0 183 0 0 20002
0 184 0 0 20002
0 185 0 0 20002
0 186 0 0 20002
0 187 0 0 20002
0 188 0 0 20002
0 189 0 0 20002
0 190 0 0 20002
0 191 0 0 20002
0 192 0 0 20002
0 193 0 0 20002
0 194 0 0 20002
0 195 0 0 20002
0 196 0 0 20002
0 197 0 0 20002
0 198 0 0 20002
0 199 0 0 20002
0 200 0 0 20002
0 101 0 0 20002
0 102 0 0 20002
0 103 0 0 20002
0 104 0 0 20002
0 105 0 0 20002
0 106 0 0 20002
0 107 0 0 20002
0 108 0 0 20002
0 109 0 0 20002
0 110 0 0 20002
0 111 0 0 20002
0 112 0 0 20002
0 113 0 0 20002
0 114 0 0 20002
0 115 0 0 20002
0 116 0 0 20002
0 117 0 0 20002
0 118 0 0 20002
0 119 0 0 20002
0 120 0 0 20002
0 121 0 0 20002
0 122 0 0 20002
0 123 0 0 20002
0 124 0 0 20002
0 125 0 0 20002
0 126 0 0 20002
0 127 0 0 20002
0 128 0 0 20002
0 129 0 0 20002
0 130 0 0 20002
0 131 0 0 20002
0 132 0 0 20002
0 133 0 0 20002
0 134 0 0 20002
0 135 0 0 20002
0 136 0 0 20002
0 137 0 0 20002
0 138 0 0 20002
0 139 0 0 20002
0 140 0 0 20002
0 141 0 0 20002
0 142 0 0 20002
0 143 0 0 20002
0 144 0 0 20002
0 145 0 0 20002
0 146 0 0 20002
0 147 0 0 20002
0 148 0 0 20002
0 149 0 0 20002
0 150 0 0 20002
0 151 0 0 20002
0 152 0 0 20002
0 153 0 0 20002
0 154 0 0 20002
0 155 0 0 20002
0 156 0 0 20002
0 157 0 0 20002
0 158 0 0 20002
0 159 0 0 20002
0 160 0 0 20002
0 161 0 0 20002
0 162 0 0 20002
0 163 0 0 20002
0 164 0 0 20002
0 165 0 0 20002
0 166 0 0 20002
0 167 0 0 20002
0 168 0 0 20002
0 169 0 0 20002
0 170 0 0 20002
0 171 0 0 20002
0 172 0 0 20002
0 173 0 0 20002
0 174 0 0 20002
0 175 0 0 20002
0 176 0 0 20002
0 177 0 0 20002
0 178 0 0 20002
0 179 0 0 20002
0 180 0 0 20002
0 181 0 0 20002
0 182 0 0 20002
0 183 0 0 20002
0 184 0 0 20002
0 185 0 0 20002
0 186 0 0 20002
0 187 0 0 20002
0 188 0 0 20002
0 189 0 0 20002
0 190 0 0 20002
0 191 0 0 20002
0 192 0 0 20002
0 193 0 0 20002
0 194 0 0 20002
0 195 0 0 20002
0 196 0 0 20002
0 197 0 0 20002
0 198 0 0 20002
0 199 0 0 20002
0 200 0 0 20002
0 101 0 0 20002
0 102 0 0 20002
0 103 0 0 20002
0 104 0 0 20002
0 105 0 0 20002
0 106 0 0 20002
0 107 0 0 20002
0 108 0 0 20002
0 109 0 0 20002
0 110 0 0 20002
0 111 0 0 20002
0 112 0 0 20002
0 113 0 0 20002
0 114 0 0 20002
0 115 0 0 20002
0 116 0 0 20002
0 117 0 0 20002
0 118 0 0 20002
0 119 0 0 20002
0 120 0 0 20002
0 121 0 0 20002
0 122 0 0 20002
0 123 0 0 20002
0 124 0 0 20002
0 125 0 0 20002
0 126 0 0 20002
0 127 0 0 20002
0 128 0 0 20002
0 129 0 0 20002
0 130 0 0 20002
0 131 0 0 20002
0 132 0 0 20002
0 133 0 0 20002
0 134 0 0 20002
0 135 0 0 20002
0 136 0 0 20002
0 137 0 0 20002
0 138 0 0 20002
0 139 0 0 20002
0 140 0 0 20002
0 141 0 0 20002
0 142 0 0 20002
0 143 0 0 20002
0 144 0 0 20002
0 145 0 0 20002
0 146 0 0 20002
0 147 0 0 20002
0 148 0 0 20002
0 149 0 0 20002
0 150 0 0 20002
0 151 0 0 20002
0 152 0 0 20002
0 153 0 0 20002
0 154 0 0 20002
0 155 0 0 20002
0 156 0 0 20002
0 157 0 0 20002
0 158 0 0 20002
0 159 0 0 20002
0 160 0 0 20002
0 161 0 0 20002
0 162 0 0 20002
0 163 0 0 20002
0 164 0 0 20002
0 165 0 0 20002
0 166 0 0 20002
0 167 0 0 20002
0 168 0 0 20002
0 169 0 0 20002
0 170 0 0 20002
0 171 0 0 20002
0 172 0 0 20002
0 173 0 0 20002
0 174 0 0 20002
0 175 0 0 20002
0 176 0 0 20002
0 177 0 0 20002
0 178 0 0 20002
0 179 0 0 20002
0 180 0 0 20002
0 181 0 0 20002
0 182 0 0 20002
0 183 0 0 20002
0 184 0 0 20002
0 185 0 0 20002
0 186 0 0 20002
0 187 0 0 20002
0 188 0 0 20002
0 189 0 0 20002
0 190 0 0 20002
0 191 0 0 20002
0 192 0 0 20002
0 193 0 0 20002
0 194 0 0 20002
0 195 0 0 20002
0 196 0 0 20002
0 197 0 0 20002
0 198 0 0 20002
0 199 0 0 20002
0 200 0 0 20002
0 101 0 0 20002
0 102 0 0 20002
0 103 0 0 20002
0 104 0 0 20002
0 105 0 0 20002
0 106 0 0 20002
0 107 0 0 20002
0 108 0 0 20002
0 109 0 0 20002
0 110 0 0 20002
0 111 0 0 20002
0 112 0 0 20002
0 113 0 0 20002
0 114 0 0 20002
0 115 0 0 20002
0 116 0 0 20002
0 117 0 0 20002
0 118 0 0 20002
0 119 0 0 20002
0 120 0 0 20002
0 121 0 0 20002
0 122 0 0 20002
0 123 0 0 20002
0 124 0 0 20002
0 125 0 0 20002
0 126 0 0 20002
0 127 0 0 20002
0 128 0 0 20002
0 129 0 0 20002
0 130 0 0 20002
0 131 0 0 20002
0 132 0 0 20002
0 133 0 0 20002
0 134 0 0 20002
0 135 0 0 20002
0 136 0 0 20002
0 137 0 0 20002
0 138 0 0 20002
0 139 0 0 20002
0 140 0 0 20002
0 141 0 0 20002
0 142 0 0 20002
0 143 0 0 20002
0 144 0 0 20002
0 145 0 0 20002
0 146 0 0 20002
0 147 0 0 20002
0 148 0 0 20002
0 149 0 0 20002
0 150 0 0 20002
0 151 0 0 20002
0 152 0 0 20002
0 153 0 0 20002
0 154 0 0 20002
0 155 0 0 20002
0 156 0 0 20002
0 157 0 0 20002
0 158 0 0 20002
0 159 0 0 20002
0 160 0 0 20002
0 161 0 0 20002
0 162 0 0 20002
0 163 0 0 20002
0 164 0 0 20002
0 165 0 0 20002
0 166 0 0 20002
0 167 0 0 20002
0 168 0 0 20002
0 169 0 0 20002
0 170 0 0 20002
0 171 0 0 20002
0 172 0 0 20002
0 173 0 0 20002
0 174 0 0 20002
0 175 0 0 20002
0 176 0 0 20002
0 177 0 0 20002
0 178 0 0 20002
0 179 0 0 20002
0 180 0 0 20002
0 181 0 0 20002
0 182 0 0 20002
0 183 0 0 20002
0 184 0 0 20002
0 185 0 0 20002
0 186 0 0 20002
0 187 0 0 20002
0 188 0 0 20002
0 189 0 0 20002
0 190 0 0 20002
0 191 0 0 20002
0 192 0 0 20002
0 193 0 0 20002
0 194 0 0 20002
0 195 0 0 20002
0 196 0 0 20002
0 197 0 0 20002
0 198 0 0 20002
0 199 0 0 20002
0 200 0 0 20002
0 101 0 0 20002
0 102 0 0 20002
0 103 0 0 20002
0 104 0 0 20002
0 105 0 0 20002
0 106 0 0 20002
0 107 0 0 20002
0 108 0 0 20002
0 109 0 0 20002
0 110 0 0 20002
0 111 0 0 20002
0 112 0 0 20002
0 113 0 0 20002
0 114 0 0 20002
0 115 0 0 20002
0 116 0 0 20002
0 117 0 0 20002
0 118 0 0 20002
0 119 0 0 20002
0 120 0 0 20002
0 121 0 0 20002
0 122 0 0 20002
0 123 0 0 20002
0 124 0 0 20002
0 125 0 0 20002
0 126 0 0 20002
0 127 0 0 20002
0 128 0 0 20002
0 129 0 0 20002
0 130 0 0 20002
0 131 0 0 20002
0 132 0 0 20002
0 133 0 0 20002
0 134 0 0 20002
0 135 0 0 20002
0 136 0 0 20002
0 137 0 0 20002
0 138 0 0 20002
0 139 0 0 20002
0 140 0 0 20002
0 141 0 0 20002
0 142 0 0 20002
0 143 0 0 20002
0 144 0 0 20002
0 145 0 0 20002
0 146 0 0 20002
0 147 0 0 20002
0 148 0 0 20002
0 149 0 0 20002
0 150 0 0 20002
0 151 0 0 20002
0 152 0 0 20002
0 153 0 0 20002
0 154 0 0 20002
0 155 0 0 20002
0 156 0 0 20002
0 157 0 0 20002
0 158 0 0 20002
0 159 0 0 20002
0 160 0 0 20002
0 161 0 0 20002
0 162 0 0 20002
0 163 0 0 20002
0 164 0 0 20002
0 165 0 0 20002
0 166 0 0 20002
0 167 0 0 20002
0 168 0 0 20002
0 169 0 0 20002
0 170 0 0 20002
0 171 0 0 20002
0 172 0 0 20002
0 173 0 0 20002
0 174 0 0 20002
0 175 0 0 20002
0 176 0 0 20002
0 177 0 0 20002
0 178 0 0 20002
0 179 0 0 20002
0 180 0 0 20002
0 181 0 0 20002
0 182 0 0 20002
0 183 0 0 20002
0 184 0 0 20002
0 185 0 0 20002
0 186 0 0 20002
0 187 0 0 20002
0 188 0 0 20002
0 189 0 0 20002
0 190 0 0 20002
0 191 0 0 20002
0 192 0 0 20002
0 193 0 0 20002
0 194 0 0 20002
0 195 0 0 20002
0 196 0 0 20002
0 197 0 0 20002
0 198 0 0 20002
0 199 0 0 20002
0 200 0 0 20002
0 0 0 0 50002
0 0 0 0 50002
0 0 0 0 50002
0 0 0 0 50002
0 0 0 0 50002
0 0 0 0 50002
0 0 0 0 50002
0 0 0 0 50002
0 0 0 0 50002
0 0 0 0 50002
0 0 0 0 50002
0 0 0 0 50002
0 0 0 0 50002
0 0 0 0 50002
0 0 0 0 50002
0 0 0 0 50002
0 0 0 0 50002
0 0 0 0 50002
0 0 0 0 50002
0 0 0 0 50002
0 0 0 0 50002
0 0 0 0 50002
0 0 0 0 50002
0 0 0 0 50002
0 0 0 0 50002
0 0 0 0 50002
0 0 0 0 50002
0 0 0 0 50002
0 0 0 0 50002
0 0 0 0 50002
0 0 0 0 50002
0 0 0 0 50002
0 0 0 0 50002
0 0 0 0 50002
0 0 0 0 50002
0 0 0 0 50002
0 0 0 0 50002
0 0 0 0 50002
0 0 0 0 50002
0 0 0 0 50002
0 0 0 0 50002
0 0 0 0 50002
0 0 0 0 50002
0 0 0 0 50002
0 0 0 0 50002
0 0 0 0 50002
0 0 0 0 50002
0 0 0 0 50002
0 0 0 0 50002
0 0 0 0 50002
0 0 0 0 50002
0 0 0 0 50002
0 0 0 0 50002
0 0 0 0 50002
0 0 0 0 50002
0 0 0 0 50002
0 0 0 0 50002
0 0 0 0 50002
0 0 0 0 50002
0 0 0 0 50002
0 0 0 0 50002
0 0 0 0 50002
0 0 0 0 50002
0 0 0 0 50002
0 0 0 0 50002
0 0 0 0 50002
0 0 0 0 50002
0 0 0 0 50002
0 0 0 0 50002
0 0 0 0 50002
0 0 0 0 50002
0 0 0 0 50002
0 0 0 0 50002
0 0 0 0 50002
0 0 0 0 50002
0 0 0 0 50002
0 0 0 0 50002
0 0 0 0 50002
0 0 0 0 50002
0 0 0 0 50002
0 0 0 0 50002
0 0 0 0 50002
0 0 0 0 50002
0 0 0 0 50002
0 0 0 0 50002
0 0 0 0 50002
0 0 0 0 50002
0 0 0 0 50002
0 0 0 0 50002
0 0 0 0 50002
0 0 0 0 50002
0 0 0 0 50002
0 0 0 0 50002
0 0 0 0 50002
0 0 0 0 50002
0 0 0 0 50002
0 0 0 0 50002
0 0 0 0 50002
0 0 0 0 50002
0 0 0 0 50002
0 401 0 0 50002
0 402 0 0 50002
0 403 0 0 50002
0 404 0 0 50002
0 405 0 0 50002
0 406 0 0 50002
0 407 0 0 50002
0 408 0 0 50002
0 409 0 0 50002
0 410 0 0 50002
0 411 0 0 50002
0 412 0 0 50002
0 413 0 0 50002
0 414 0 0 50002
0 415 0 0 50002
0 416 0 0 50002
0 417 0 0 50002
0 418 0 0 50002
0 419 0 0 50002
0 420 0 0 50002
0 421 0 0 50002
0 422 0 0 50002
0 423 0 0 50002
0 424 0 0 50002
0 425 0 0 50002
0 426 0 0 50002
0 427 0 0 50002
0 428 0 0 50002
0 429 0 0 50002
0 430 0 0 50002
0 431 0 0 50002
0 432 0 0 50002
0 433 0 0 50002
0 434 0 0 50002
0 435 0 0 50002
0 436 0 0 50002
0 437 0 0 50002
0 438 0 0 50002
0 439 0 0 50002
0 440 0 0 50002
0 441 0 0 50002
0 442 0 0 50002
0 443 0 0 50002
0 444 0 0 50002
0 445 0 0 50002
0 446 0 0 50002
0 447 0 0 50002
0 448 0 0 50002
0 449 0 0 50002
0 450 0 0 50002
0 451 0 0 50002
0 452 0 0 50002
0 453 0 0 50002
0 454 0 0 50002
0 455 0 0 50002
0 456 0 0 50002
0 457 0 0 50002
0 458 0 0 50002
0 459 0 0 50002
0 460 0 0 50002
0 461 0 0 50002
0 462 0 0 50002
0 463 0 0 50002
0 464 0 0 50002
0 465 0 0 50002
0 466 0 0 50002
0 467 0 0 50002
0 468 0 0 50002
0 469 0 0 50002
0 470 0 0 50002
0 471 0 0 50002
0 472 0 0 50002
0 473 0 0 50002
0 474 0 0 50002
0 475 0 0 50002
0 476 0 0 50002
0 477 0 0 50002
0 478 0 0 50002
0 479 0 0 50002
0 480 0 0 50002
0 481 0 0 50002
0 482 0 0 50002
0 483 0 0 50002
0 484 0 0 50002
0 485 0 0 50002
0 486 0 0 50002
0 487 0 0 50002
0 488 0 0 50002
0 489 0 0 50002
0 490 0 0 50002
0 491 0 0 50002
0 492 0 0 50002
0 493 0 0 50002
0 494 0 0 50002
0 495 0 0 50002
0 496 0 0 50002
0 497 0 0 50002
0 498 0 0 50002
0 499 0 0 50002
0 500 0 0 50002
0 401 0 0 50002
0 402 0 0 50002
0 403 0 0 50002
0 404 0 0 50002
0 405 0 0 50002
0 406 0 0 50002
0 407 0 0 50002
0 408 0 0 50002
0 409 0 0 50002
0 410 0 0 50002
0 411 0 0 50002
0 412 0 0 50002
0 413 0 0 50002
0 414 0 0 50002
0 415 0 0 50002
0 416 0 0 50002
0 417 0 0 50002
0 418 0 0 50002
0 419 0 0 50002
0 420 0 0 50002
0 421 0 0 50002
0 422 0 0 50002
0 423 0 0 50002
0 424 0 0 50002
0 425 0 0 50002
0 426 0 0 50002
0 427 0 0 50002
0 428 0 0 50002
0 429 0 0 50002
0 430 0 0 50002
0 431 0 0 50002
0 432 0 0 50002
0 433 0 0 50002
0 434 0 0 50002
0 435 0 0 50002
0 436 0 0 50002
0 437 0 0 50002
0 438 0 0 50002
0 439 0 0 50002
0 440 0 0 50002
0 441 0 0 50002
0 442 0 0 50002
0 443 0 0 50002
0 444 0 0 50002
0 445 0 0 50002
0 446 0 0 50002
0 447 0 0 50002
0 448 0 0 50002
0 449 0 0 50002
0 450 0 0 50002
0 451 0 0 50002
0 452 0 0 50002
0 453 0 0 50002
0 454 0 0 50002
0 455 0 0 50002
0 456 0 0 50002
0 457 0 0 50002
0 458 0 0 50002
0 459 0 0 50002
0 460 0 0 50002
0 461 0 0 50002
0 462 0 0 50002
0 463 0 0 50002
0 464 0 0 50002
0 465 0 0 50002
0 466 0 0 50002
0 467 0 0 50002
0 468 0 0 50002
0 469 0 0 50002
0 470 0 0 50002
0 471 0 0 50002
0 472 0 0 50002
0 473 0 0 50002
0 474 0 0 50002
0 475 0 0 50002
0 476 0 0 50002
0 477 0 0 50002
0 478 0 0 50002
0 479 0 0 50002
0 480 0 0 50002
0 481 0 0 50002
0 482 0 0 50002
0 483 0 0 50002
0 484 0 0 50002
0 485 0 0 50002
0 486 0 0 50002
0 487 0 0 50002
0 488 0 0 50002
0 489 0 0 50002
0 490 0 0 50002
0 491 0 0 50002
0 492 0 0 50002
0 493 0 0 50002
0 494 0 0 50002
0 495 0 0 50002
0 496 0 0 50002
0 497 0 0 50002
0 498 0 0 50002
0 499 0 0 50002
0 500 0 0 50002
0 401 0 0 50002
0 402 0 0 50002
0 403 0 0 50002
0 404 0 0 50002
0 405 0 0 50002
0 406 0 0 50002
0 407 0 0 50002
0 408 0 0 50002
0 409 0 0 50002
0 410 0 0 50002
0 411 0 0 50002
0 412 0 0 50002
0 413 0 0 50002
0 414 0 0 50002
0 415 0 0 50002
0 416 0 0 50002
0 417 0 0 50002
0 418 0 0 50002
0 419 0 0 50002
0 420 0 0 50002
0 421 0 0 50002
0 422 0 0 50002
0 423 0 0 50002
0 424 0 0 50002
0 425 0 0 50002
0 426 0 0 50002
0 427 0 0 50002
0 428 0 0 50002
0 429 0 0 50002
0 430 0 0 50002
0 431 0 0 50002
0 432 0 0 50002
0 433 0 0 50002
0 434 0 0 50002
0 435 0 0 50002
0 436 0 0 50002
0 437 0 0 50002
0 438 0 0 50002
0 439 0 0 50002
0 440 0 0 50002
0 441 0 0 50002
0 442 0 0 50002
0 443 0 0 50002
0 444 0 0 50002
0 445 0 0 50002
0 446 0 0 50002
0 447 0 0 50002
0 448 0 0 50002
0 449 0 0 50002
0 450 0 0 50002
0 451 0 0 50002
0 452 0 0 50002
0 453 0 0 50002
0 454 0 0 50002
0 455 0 0 50002
0 456 0 0 50002
0 457 0 0 50002
0 458 0 0 50002
0 459 0 0 50002
0 460 0 0 50002
0 461 0 0 50002
0 462 0 0 50002
0 463 0 0 50002
0 464 0 0 50002
0 465 0 0 50002
0 466 0 0 50002
0 467 0 0 50002
0 468 0 0 50002
0 469 0 0 50002
0 470 0 0 50002
0 471 0 0 50002
0 472 0 0 50002
0 473 0 0 50002
0 474 0 0 50002
0 475 0 0 50002
0 476 0 0 50002
0 477 0 0 50002
0 478 0 0 50002
0 479 0 0 50002
0 480 0 0 50002
0 481 0 0 50002
0 482 0 0 50002
0 483 0 0 50002
0 484 0 0 50002
0 485 0 0 50002
0 486 0 0 50002
0 487 0 0 50002
0 488 0 0 50002
0 489 0 0 50002
0 490 0 0 50002
0 491 0 0 50002
0 492 0 0 50002
0 493 0 0 50002
0 494 0 0 50002
0 495 0 0 50002
0 496 0 0 50002
0 497 0 0 50002
0 498 0 0 50002
0 499 0 0 50002
0 500 0 0 50002
0 401 0 0 50002
0 402 0 0 50002
0 403 0 0 50002
0 404 0 0 50002
0 405 0 0 50002
0 406 0 0 50002
0 407 0 0 50002
0 408 0 0 50002
0 409 0 0 50002
0 410 0 0 50002
0 411 0 0 50002
0 412 0 0 50002
0 413 0 0 50002
0 414 0 0 50002
0 415 0 0 50002
0 416 0 0 50002
0 417 0 0 50002
0 418 0 0 50002
0 419 0 0 50002
0 420 0 0 50002
0 421 0 0 50002
0 422 0 0 50002
0 423 0 0 50002
0 424 0 0 50002
0 425 0 0 50002
0 426 0 0 50002
0 427 0 0 50002
0 428 0 0 50002
0 429 0 0 50002
0 430 0 0 50002
0 431 0 0 50002
0 432 0 0 50002
0 433 0 0 50002
0 434 0 0 50002
0 435 0 0 50002
0 436 0 0 50002
0 437 0 0 50002
0 438 0 0 50002
0 439 0 0 50002
0 440 0 0 50002
0 441 0 0 50002
0 442 0 0 50002
0 443 0 0 50002
0 444 0 0 50002
0 445 0 0 50002
0 446 0 0 50002
0 447 0 0 50002
0 448 0 0 50002
0 449 0 0 50002
0 450 0 0 50002
0 451 0 0 50002
0 452 0 0 50002
0 453 0 0 50002
0 454 0 0 50002
0 455 0 0 50002
0 456 0 0 50002
0 457 0 0 50002
0 458 0 0 50002
0 459 0 0 50002
0 460 0 0 50002
0 461 0 0 50002
0 462 0 0 50002
0 463 0 0 50002
0 464 0 0 50002
0 465 0 0 50002
0 466 0 0 50002
0 467 0 0 50002
0 468 0 0 50002
0 469 0 0 50002
0 470 0 0 50002
0 471 0 0 50002
0 472 0 0 50002
0 473 0 0 50002
0 474 0 0 50002
0 475 0 0 50002
0 476 0 0 50002
0 477 0 0 50002
0 478 0 0 50002
0 479 0 0 50002
0 480 0 0 50002
0 481 0 0 50002
0 482 0 0 50002
0 483 0 0 50002
0 484 0 0 50002
0 485 0 0 50002
0 486 0 0 50002
0 487 0 0 50002
0 488 0 0 50002
0 489 0 0 50002
0 490 0 0 50002
0 491 0 0 50002
0 492 0 0 50002
0 493 0 0 50002
0 494 0 0 50002
0 495 0 0 50002
0 496 0 0 50002
0 497 0 0 50002
0 498 0 0 50002
0 499 0 0 50002
0 500 0 0 50002
0 401 0 0 50002
0 402 0 0 50002
0 403 0 0 50002
0 404 0 0 50002
0 405 0 0 50002
0 406 0 0 50002
0 407 0 0 50002
0 408 0 0 50002
0 409 0 0 50002
0 410 0 0 50002
0 411 0 0 50002
0 412 0 0 50002
0 413 0 0 50002
0 414 0 0 50002
0 415 0 0 50002
0 416 0 0 50002
0 417 0 0 50002
0 418 0 0 50002
0 419 0 0 50002
0 420 0 0 50002
0 421 0 0 50002
0 422 0 0 50002
0 423 0 0 50002
0 424 0 0 50002
0 425 0 0 50002
0 426 0 0 50002
0 427 0 0 50002
0 428 0 0 50002
0 429 0 0 50002
0 430 0 0 50002
0 431 0 0 50002
0 432 0 0 50002
0 433 0 0 50002
0 434 0 0 50002
0 435 0 0 50002
0 436 0 0 50002
0 437 0 0 50002
0 438 0 0 50002
0 439 0 0 50002
0 440 0 0 50002
0 441 0 0 50002
0 442 0 0 50002
0 443 0 0 50002
0 444 0 0 50002
0 445 0 0 50002
0 446 0 0 50002
0 447 0 0 50002
0 448 0 0 50002
0 449 0 0 50002
0 450 0 0 50002
0 451 0 0 50002
0 452 0 0 50002
0 453 0 0 50002
0 454 0 0 50002
0 455 0 0 50002
0 456 0 0 50002
0 457 0 0 50002
0 458 0 0 50002
0 459 0 0 50002
0 460 0 0 50002
0 461 0 0 50002
0 462 0 0 50002
0 463 0 0 50002
0 464 0 0 50002
0 465 0 0 50002
0 466 0 0 50002
0 467 0 0 50002
0 468 0 0 50002
0 469 0 0 50002
0 470 0 0 50002
0 471 0 0 50002
0 472 0 0 50002
0 473 0 0 50002
0 474 0 0 50002
0 475 0 0 50002
0 476 0 0 50002
0 477 0 0 50002
0 478 0 0 50002
0 479 0 0 50002
0 480 0 0 50002
0 481 0 0 50002
0 482 0 0 50002
0 483 0 0 50002
0 484 0 0 50002
0 485 0 0 50002
0 486 0 0 50002
0 487 0 0 50002
0 488 0 0 50002
0 489 0 0 50002
0 490 0 0 50002
0 491 0 0 50002
0 492 0 0 50002
0 493 0 0 50002
0 494 0 0 50002
0 495 0 0 50002
0 496 0 0 50002
0 497 0 0 50002
0 498 0 0 50002
0 499 0 0 50002
0 500 0 0 50002
0 0 0 0 10002
0 0 0 0 10002
0 0 0 0 10002
0 0 0 0 10002
0 0 0 0 10002
0 0 0 0 10002
0 0 0 0 10002
0 0 0 0 10002
0 0 0 0 10002
0 0 0 0 10002
0 0 0 0 10002
0 0 0 0 10002
0 0 0 0 10002
0 0 0 0 10002
0 0 0 0 10002
0 0 0 0 10002
0 0 0 0 10002
0 0 0 0 10002
0 0 0 0 10002
0 0 0 0 10002
0 0 0 0 10002
0 0 0 0 10002
0 0 0 0 10002
0 0 0 0 10002
0 0 0 0 10002
0 0 0 0 10002
0 0 0 0 10002
0 0 0 0 10002
0 0 0 0 10002
0 0 0 0 10002
0 0 0 0 10002
0 0 0 0 10002
0 0 0 0 10002
0 0 0 0 10002
0 0 0 0 10002
0 0 0 0 10002
0 0 0 0 10002
0 0 0 0 10002
0 0 0 0 10002
0 0 0 0 10002
0 0 0 0 10002
0 0 0 0 10002
0 0 0 0 10002
0 0 0 0 10002
0 0 0 0 10002
0 0 0 0 10002
0 0 0 0 10002
0 0 0 0 10002
0 0 0 0 10002
0 0 0 0 10002
0 0 0 0 10002
0 0 0 0 10002
0 0 0 0 10002
0 0 0 0 10002
0 0 0 0 10002
0 0 0 0 10002
0 0 0 0 10002
0 0 0 0 10002
0 0 0 0 10002
0 0 0 0 10002
0 0 0 0 10002
0 0 0 0 10002
0 0 0 0 10002
0 0 0 0 10002
0 0 0 0 10002
0 0 0 0 10002
0 0 0 0 10002
0 0 0 0 10002
0 0 0 0 10002
0 0 0 0 10002
0 0 0 0 10002
0 0 0 0 10002
0 0 0 0 10002
0 0 0 0 10002
0 0 0 0 10002
0 0 0 0 10002
0 0 0 0 10002
0 0 0 0 10002
0 0 0 0 10002
0 0 0 0 10002
0 0 0 0 10002
0 0 0 0 10002
0 0 0 0 10002
0 0 0 0 10002
0 0 0 0 10002
0 0 0 0 10002
0 0 0 0 10002
0 0 0 0 10002
0 0 0 0 10002
0 0 0 0 10002
0 0 0 0 10002
0 0 0 0 10002
0 0 0 0 10002
0 0 0 0 10002
0 0 0 0 10002
0 0 0 0 10002
0 0 0 0 10002
0 0 0 0 10002
0 0 0 0 10002
0 0 0 0 10002
0 1 0 0 10002
0 2 0 0 10002
0 3 0 0 10002
0 4 0 0 10002
0 5 0 0 10002
0 6 0 0 10002
0 7 0 0 10002
0 8 0 0 10002
0 9 0 0 10002
0 10 0 0 10002
0 11 0 0 10002
0 12 0 0 10002
0 13 0 0 10002
0 14 0 0 10002
0 15 0 0 10002
0 16 0 0 10002
0 17 0 0 10002
0 18 0 0 10002
0 19 0 0 10002
0 20 0 0 10002
0 21 0 0 10002
0 22 0 0 10002
0 23 0 0 10002
0 24 0 0 10002
0 25 0 0 10002
0 26 0 0 10002
0 27 0 0 10002
0 28 0 0 10002
0 29 0 0 10002
0 30 0 0 10002
0 31 0 0 10002
0 32 0 0 10002
0 33 0 0 10002
0 34 0 0 10002
0 35 0 0 10002
0 36 0 0 10002
0 37 0 0 10002
0 38 0 0 10002
0 39 0 0 10002
0 40 0 0 10002
0 41 0 0 10002
0 42 0 0 10002
0 43 0 0 10002
0 44 0 0 10002
0 45 0 0 10002
0 46 0 0 10002
0 47 0 0 10002
0 48 0 0 10002
0 49 0 0 10002
0 50 0 0 10002
0 51 0 0 10002
0 52 0 0 10002
0 53 0 0 10002
0 54 0 0 10002
0 55 0 0 10002
0 56 0 0 10002
0 57 0 0 10002
0 58 0 0 10002
0 59 0 0 10002
0 60 0 0 10002
0 61 0 0 10002
0 62 0 0 10002
0 63 0 0 10002
0 64 0 0 10002
0 65 0 0 10002
0 66 0 0 10002
0 67 0 0 10002
0 68 0 0 10002
0 69 0 0 10002
0 70 0 0 10002
0 71 0 0 10002
0 72 0 0 10002
0 73 0 0 10002
0 74 0 0 10002
0 75 0 0 10002
0 76 0 0 10002
0 77 0 0 10002
0 78 0 0 10002
0 79 0 0 10002
0 80 0 0 10002
0 81 0 0 10002
0 82 0 0 10002
0 83 0 0 10002
0 84 0 0 10002
0 85 0 0 10002
0 86 0 0 10002
0 87 0 0 10002
0 88 0 0 10002
0 89 0 0 10002
0 90 0 0 10002
0 91 0 0 10002
0 92 0 0 10002
0 93 0 0 10002
0 94 0 0 10002
0 95 0 0 10002
0 96 0 0 10002
0 97 0 0 10002
0 98 0 0 10002
0 99 0 0 10002
0 100 0 0 10002
0 1 0 0 10002
0 2 0 0 10002
0 3 0 0 10002
0 4 0 0 10002
0 5 0 0 10002
0 6 0 0 10002
0 7 0 0 10002
0 8 0 0 10002
0 9 0 0 10002
0 10 0 0 10002
0 11 0 0 10002
0 12 0 0 10002
0 13 0 0 10002
0 14 0 0 10002
0 15 0 0 10002
0 16 0 0 10002
0 17 0 0 10002
0 18 0 0 10002
0 19 0 0 10002
0 20 0 0 10002
0 21 0 0 10002
0 22 0 0 10002
0 23 0 0 10002
0 24 0 0 10002
0 25 0 0 10002
0 26 0 0 10002
0 27 0 0 10002
0 28 0 0 10002
0 29 0 0 10002
0 30 0 0 10002
0 31 0 0 10002
0 32 0 0 10002
0 33 0 0 10002
0 34 0 0 10002
0 35 0 0 10002
0 36 0 0 10002
0 37 0 0 10002
0 38 0 0 10002
0 39 0 0 10002
0 40 0 0 10002
0 41 0 0 10002
0 42 0 0 10002
0 43 0 0 10002
0 44 0 0 10002
0 45 0 0 10002
0 46 0 0 10002
0 47 0 0 10002
0 48 0 0 10002
0 49 0 0 10002
0 50 0 0 10002
0 51 0 0 10002
0 52 0 0 10002
0 53 0 0 10002
0 54 0 0 10002
0 55 0 0 10002
0 56 0 0 10002
0 57 0 0 10002
0 58 0 0 10002
0 59 0 0 10002
0 60 0 0 10002
0 61 0 0 10002
0 62 0 0 10002
0 63 0 0 10002
0 64 0 0 10002
0 65 0 0 10002
0 66 0 0 10002
0 67 0 0 10002
0 68 0 0 10002
0 69 0 0 10002
0 70 0 0 10002
0 71 0 0 10002
0 72 0 0 10002
0 73 0 0 10002
0 74 0 0 10002
0 75 0 0 10002
0 76 0 0 10002
0 77 0 0 10002
0 78 0 0 10002
0 79 0 0 10002
0 80 0 0 10002
0 81 0 0 10002
0 82 0 0 10002
0 83 0 0 10002
0 84 0 0 10002
0 85 0 0 10002
0 86 0 0 10002
0 87 0 0 10002
0 88 0 0 10002
0 89 0 0 10002
0 90 0 0 10002
0 91 0 0 10002
0 92 0 0 10002
0 93 0 0 10002
0 94 0 0 10002
0 95 0 0 10002
0 96 0 0 10002
0 97 0 0 10002
0 98 0 0 10002
0 99 0 0 10002
0 100 0 0 10002
0 1 0 0 10002
0 2 0 0 10002
0 3 0 0 10002
0 4 0 0 10002
0 5 0 0 10002
0 6 0 0 10002
0 7 0 0 10002
0 8 0 0 10002
0 9 0 0 10002
0 10 0 0 10002
0 11 0 0 10002
0 12 0 0 10002
0 13 0 0 10002
0 14 0 0 10002
0 15 0 0 10002
0 16 0 0 10002
0 17 0 0 10002
0 18 0 0 10002
0 19 0 0 10002
0 20 0 0 10002
0 21 0 0 10002
0 22 0 0 10002
0 23 0 0 10002
0 24 0 0 10002
0 25 0 0 10002
0 26 0 0 10002
0 27 0 0 10002
0 28 0 0 10002
0 29 0 0 10002
0 30 0 0 10002
0 31 0 0 10002
0 32 0 0 10002
0 33 0 0 10002
0 34 0 0 10002
0 35 0 0 10002
0 36 0 0 10002
0 37 0 0 10002
0 38 0 0 10002
0 39 0 0 10002
0 40 0 0 10002
0 41 0 0 10002
0 42 0 0 10002
0 43 0 0 10002
0 44 0 0 10002
0 45 0 0 10002
0 46 0 0 10002
0 47 0 0 10002
0 48 0 0 10002
0 49 0 0 10002
0 50 0 0 10002
0 51 0 0 10002
0 52 0 0 10002
0 53 0 0 10002
0 54 0 0 10002
0 55 0 0 10002
0 56 0 0 10002
0 57 0 0 10002
0 58 0 0 10002
0 59 0 0 10002
0 60 0 0 10002
0 61 0 0 10002
0 62 0 0 10002
0 63 0 0 10002
0 64 0 0 10002
0 65 0 0 10002
0 66 0 0 10002
0 67 0 0 10002
0 68 0 0 10002
0 69 0 0 10002
0 70 0 0 10002
0 71 0 0 10002
0 72 0 0 10002
0 73 0 0 10002
0 74 0 0 10002
0 75 0 0 10002
0 76 0 0 10002
0 77 0 0 10002
0 78 0 0 10002
0 79 0 0 10002
0 80 0 0 10002
0 81 0 0 10002
0 82 0 0 10002
0 83 0 0 10002
0 84 0 0 10002
0 85 0 0 10002
0 86 0 0 10002
0 87 0 0 10002
0 88 0 0 10002
0 89 0 0 10002
0 90 0 0 10002
0 91 0 0 10002
0 92 0 0 10002
0 93 0 0 10002
0 94 0 0 10002
0 95 0 0 10002
0 96 0 0 10002
0 97 0 0 10002
0 98 0 0 10002
0 99 0 0 10002
0 100 0 0 10002
0 1 0 0 10002
0 2 0 0 10002
0 3 0 0 10002
0 4 0 0 10002
0 5 0 0 10002
0 6 0 0 10002
0 7 0 0 10002
0 8 0 0 10002
0 9 0 0 10002
0 10 0 0 10002
0 11 0 0 10002
0 12 0 0 10002
0 13 0 0 10002
0 14 0 0 10002
0 15 0 0 10002
0 16 0 0 10002
0 17 0 0 10002
0 18 0 0 10002
0 19 0 0 10002
0 20 0 0 10002
0 21 0 0 10002
0 22 0 0 10002
0 23 0 0 10002
0 24 0 0 10002
0 25 0 0 10002
0 26 0 0 10002
0 27 0 0 10002
0 28 0 0 10002
0 29 0 0 10002
0 30 0 0 10002
0 31 0 0 10002
0 32 0 0 10002
0 33 0 0 10002
0 34 0 0 10002
0 35 0 0 10002
0 36 0 0 10002
0 37 0 0 10002
0 38 0 0 10002
0 39 0 0 10002
0 40 0 0 10002
0 41 0 0 10002
0 42 0 0 10002
0 43 0 0 10002
0 44 0 0 10002
0 45 0 0 10002
0 46 0 0 10002
0 47 0 0 10002
0 48 0 0 10002
0 49 0 0 10002
0 50 0 0 10002
0 51 0 0 10002
0 52 0 0 10002
0 53 0 0 10002
0 54 0 0 10002
0 55 0 0 10002
0 56 0 0 10002
0 57 0 0 10002
0 58 0 0 10002
0 59 0 0 10002
0 60 0 0 10002
0 61 0 0 10002
0 62 0 0 10002
0 63 0 0 10002
0 64 0 0 10002
0 65 0 0 10002
0 66 0 0 10002
0 67 0 0 10002
0 68 0 0 10002
0 69 0 0 10002
0 70 0 0 10002
0 71 0 0 10002
0 72 0 0 10002
0 73 0 0 10002
0 74 0 0 10002
0 75 0 0 10002
0 76 0 0 10002
0 77 0 0 10002
0 78 0 0 10002
0 79 0 0 10002
0 80 0 0 10002
0 81 0 0 10002
0 82 0 0 10002
0 83 0 0 10002
0 84 0 0 10002
0 85 0 0 10002
0 86 0 0 10002
0 87 0 0 10002
0 88 0 0 10002
0 89 0 0 10002
0 90 0 0 10002
0 91 0 0 10002
0 92 0 0 10002
0 93 0 0 10002
0 94 0 0 10002
0 95 0 0 10002
0 96 0 0 10002
0 97 0 0 10002
0 98 0 0 10002
0 99 0 0 10002
0 100 0 0 10002
0 1 0 0 10002
0 2 0 0 10002
0 3 0 0 10002
0 4 0 0 10002
0 5 0 0 10002
0 6 0 0 10002
0 7 0 0 10002
0 8 0 0 10002
0 9 0 0 10002
0 10 0 0 10002
0 11 0 0 10002
0 12 0 0 10002
0 13 0 0 10002
0 14 0 0 10002
0 15 0 0 10002
0 16 0 0 10002
0 17 0 0 10002
0 18 0 0 10002
0 19 0 0 10002
0 20 0 0 10002
0 21 0 0 10002
0 22 0 0 10002
0 23 0 0 10002
0 24 0 0 10002
0 25 0 0 10002
0 26 0 0 10002
0 27 0 0 10002
0 28 0 0 10002
0 29 0 0 10002
0 30 0 0 10002
0 31 0 0 10002
0 32 0 0 10002
0 33 0 0 10002
0 34 0 0 10002
0 35 0 0 10002
0 36 0 0 10002
0 37 0 0 10002
0 38 0 0 10002
0 39 0 0 10002
0 40 0 0 10002
0 41 0 0 10002
0 42 0 0 10002
0 43 0 0 10002
0 44 0 0 10002
0 45 0 0 10002
0 46 0 0 10002
0 47 0 0 10002
0 48 0 0 10002
0 49 0 0 10002
0 50 0 0 10002
0 51 0 0 10002
0 52 0 0 10002
0 53 0 0 10002
0 54 0 0 10002
0 55 0 0 10002
0 56 0 0 10002
0 57 0 0 10002
0 58 0 0 10002
0 59 0 0 10002
0 60 0 0 10002
0 61 0 0 10002
0 62 0 0 10002
0 63 0 0 10002
0 64 0 0 10002
0 65 0 0 10002
0 66 0 0 10002
0 67 0 0 10002
0 68 0 0 10002
0 69 0 0 10002
0 70 0 0 10002
0 71 0 0 10002
0 72 0 0 10002
0 73 0 0 10002
0 74 0 0 10002
0 75 0 0 10002
0 76 0 0 10002
0 77 0 0 10002
0 78 0 0 10002
0 79 0 0 10002
0 80 0 0 10002
0 81 0 0 10002
0 82 0 0 10002
0 83 0 0 10002
0 84 0 0 10002
0 85 0 0 10002
0 86 0 0 10002
0 87 0 0 10002
0 88 0 0 10002
0 89 0 0 10002
0 90 0 0 10002
0 91 0 0 10002
0 92 0 0 10002
0 93 0 0 10002
0 94 0 0 10002
0 95 0 0 10002
0 96 0 0 10002
0 97 0 0 10002
0 98 0 0 10002
0 99 0 0 10002
0 100 0 0 10002
0 0 0 0 40002
0 0 0 0 40002
0 0 0 0 40002
0 0 0 0 40002
0 0 0 0 40002
0 0 0 0 40002
0 0 0 0 40002
0 0 0 0 40002
0 0 0 0 40002
0 0 0 0 40002
0 0 0 0 40002
0 0 0 0 40002
0 0 0 0 40002
0 0 0 0 40002
0 0 0 0 40002
0 0 0 0 40002
0 0 0 0 40002
0 0 0 0 40002
0 0 0 0 40002
0 0 0 0 40002
0 0 0 0 40002
0 0 0 0 40002
0 0 0 0 40002
0 0 0 0 40002
0 0 0 0 40002
0 0 0 0 40002
0 0 0 0 40002
0 0 0 0 40002
0 0 0 0 40002
0 0 0 0 40002
0 0 0 0 40002
0 0 0 0 40002
0 0 0 0 40002
0 0 0 0 40002
0 0 0 0 40002
0 0 0 0 40002
0 0 0 0 40002
0 0 0 0 40002
0 0 0 0 40002
0 0 0 0 40002
0 0 0 0 40002
0 0 0 0 40002
0 0 0 0 40002
0 0 0 0 40002
0 0 0 0 40002
0 0 0 0 40002
0 0 0 0 40002
0 0 0 0 40002
0 0 0 0 40002
0 0 0 0 40002
0 0 0 0 40002
0 0 0 0 40002
0 0 0 0 40002
0 0 0 0 40002
0 0 0 0 40002
0 0 0 0 40002
0 0 0 0 40002
0 0 0 0 40002
0 0 0 0 40002
0 0 0 0 40002
0 0 0 0 40002
0 0 0 0 40002
0 0 0 0 40002
0 0 0 0 40002
0 0 0 0 40002
0 0 0 0 40002
0 0 0 0 40002
0 0 0 0 40002
0 0 0 0 40002
0 0 0 0 40002
0 0 0 0 40002
0 0 0 0 40002
0 0 0 0 40002
0 0 0 0 40002
0 0 0 0 40002
0 0 0 0 40002
0 0 0 0 40002
0 0 0 0 40002
0 0 0 0 40002
0 0 0 0 40002
0 0 0 0 40002
0 0 0 0 40002
0 0 0 0 40002
0 0 0 0 40002
0 0 0 0 40002
0 0 0 0 40002
0 0 0 0 40002
0 0 0 0 40002
0 0 0 0 40002
0 0 0 0 40002
0 0 0 0 40002
0 0 0 0 40002
0 0 0 0 40002
0 0 0 0 40002
0 0 0 0 40002
0 0 0 0 40002
0 0 0 0 40002
0 0 0 0 40002
0 0 0 0 40002
0 0 0 0 40002
0 301 0 0 40002
0 302 0 0 40002
0 303 0 0 40002
0 304 0 0 40002
0 305 0 0 40002
0 306 0 0 40002
0 307 0 0 40002
0 308 0 0 40002
0 309 0 0 40002
0 310 0 0 40002
0 311 0 0 40002
0 312 0 0 40002
0 313 0 0 40002
0 314 0 0 40002
0 315 0 0 40002
0 316 0 0 40002
0 317 0 0 40002
0 318 0 0 40002
0 319 0 0 40002
0 320 0 0 40002
0 321 0 0 40002
0 322 0 0 40002
0 323 0 0 40002
0 324 0 0 40002
0 325 0 0 40002
0 326 0 0 40002
0 327 0 0 40002
0 328 0 0 40002
0 329 0 0 40002
0 330 0 0 40002
0 331 0 0 40002
0 332 0 0 40002
0 333 0 0 40002
0 334 0 0 40002
0 335 0 0 40002
0 336 0 0 40002
0 337 0 0 40002
0 338 0 0 40002
0 339 0 0 40002
0 340 0 0 40002
0 341 0 0 40002
0 342 0 0 40002
0 343 0 0 40002
0 344 0 0 40002
0 345 0 0 40002
0 346 0 0 40002
0 347 0 0 40002
0 348 0 0 40002
0 349 0 0 40002
0 350 0 0 40002
0 351 0 0 40002
0 352 0 0 40002
0 353 0 0 40002
0 354 0 0 40002
0 355 0 0 40002
0 356 0 0 40002
0 357 0 0 40002
0 358 0 0 40002
0 359 0 0 40002
0 360 0 0 40002
0 361 0 0 40002
0 362 0 0 40002
0 363 0 0 40002
0 364 0 0 40002
0 365 0 0 40002
0 366 0 0 40002
0 367 0 0 40002
0 368 0 0 40002
0 369 0 0 40002
0 370 0 0 40002
0 371 0 0 40002
0 372 0 0 40002
0 373 0 0 40002
0 374 0 0 40002
0 375 0 0 40002
0 376 0 0 40002
0 377 0 0 40002
0 378 0 0 40002
0 379 0 0 40002
0 380 0 0 40002
0 381 0 0 40002
0 382 0 0 40002
0 383 0 0 40002
0 384 0 0 40002
0 385 0 0 40002
0 386 0 0 40002
0 387 0 0 40002
0 388 0 0 40002
0 389 0 0 40002
0 390 0 0 40002
0 391 0 0 40002
0 392 0 0 40002
0 393 0 0 40002
0 394 0 0 40002
0 395 0 0 40002
0 396 0 0 40002
0 397 0 0 40002
0 398 0 0 40002
0 399 0 0 40002
0 400 0 0 40002
0 301 0 0 40002
0 302 0 0 40002
0 303 0 0 40002
0 304 0 0 40002
0 305 0 0 40002
0 306 0 0 40002
0 307 0 0 40002
0 308 0 0 40002
0 309 0 0 40002
0 310 0 0 40002
0 311 0 0 40002
0 312 0 0 40002
0 313 0 0 40002
0 314 0 0 40002
0 315 0 0 40002
0 316 0 0 40002
0 317 0 0 40002
0 318 0 0 40002
0 319 0 0 40002
0 320 0 0 40002
0 321 0 0 40002
0 322 0 0 40002
0 323 0 0 40002
0 324 0 0 40002
0 325 0 0 40002
0 326 0 0 40002
0 327 0 0 40002
0 328 0 0 40002
0 329 0 0 40002
0 330 0 0 40002
0 331 0 0 40002
0 332 0 0 40002
0 333 0 0 40002
0 334 0 0 40002
0 335 0 0 40002
0 336 0 0 40002
0 337 0 0 40002
0 338 0 0 40002
0 339 0 0 40002
0 340 0 0 40002
0 341 0 0 40002
0 342 0 0 40002
0 343 0 0 40002
0 344 0 0 40002
0 345 0 0 40002
0 346 0 0 40002
0 347 0 0 40002
0 348 0 0 40002
0 349 0 0 40002
0 350 0 0 40002
0 351 0 0 40002
0 352 0 0 40002
0 353 0 0 40002
0 354 0 0 40002
0 355 0 0 40002
0 356 0 0 40002
0 357 0 0 40002
0 358 0 0 40002
0 359 0 0 40002
0 360 0 0 40002
0 361 0 0 40002
0 362 0 0 40002
0 363 0 0 40002
0 364 0 0 40002
0 365 0 0 40002
0 366 0 0 40002
0 367 0 0 40002
0 368 0 0 40002
0 369 0 0 40002
0 370 0 0 40002
0 371 0 0 40002
0 372 0 0 40002
0 373 0 0 40002
0 374 0 0 40002
0 375 0 0 40002
0 376 0 0 40002
0 377 0 0 40002
0 378 0 0 40002
0 379 0 0 40002
0 380 0 0 40002
0 381 0 0 40002
0 382 0 0 40002
0 383 0 0 40002
0 384 0 0 40002
0 385 0 0 40002
0 386 0 0 40002
0 387 0 0 40002
0 388 0 0 40002
0 389 0 0 40002
0 390 0 0 40002
0 391 0 0 40002
0 392 0 0 40002
0 393 0 0 40002
0 394 0 0 40002
0 395 0 0 40002
0 396 0 0 40002
0 397 0 0 40002
0 398 0 0 40002
0 399 0 0 40002
0 400 0 0 40002
0 301 0 0 40002
0 302 0 0 40002
0 303 0 0 40002
0 304 0 0 40002
0 305 0 0 40002
0 306 0 0 40002
0 307 0 0 40002
0 308 0 0 40002
0 309 0 0 40002
0 310 0 0 40002
0 311 0 0 40002
0 312 0 0 40002
0 313 0 0 40002
0 314 0 0 40002
0 315 0 0 40002
0 316 0 0 40002
0 317 0 0 40002
0 318 0 0 40002
0 319 0 0 40002
0 320 0 0 40002
0 321 0 0 40002
0 322 0 0 40002
0 323 0 0 40002
0 324 0 0 40002
0 325 0 0 40002
0 326 0 0 40002
0 327 0 0 40002
0 328 0 0 40002
0 329 0 0 40002
0 330 0 0 40002
0 331 0 0 40002
0 332 0 0 40002
0 333 0 0 40002
0 334 0 0 40002
0 335 0 0 40002
0 336 0 0 40002
0 337 0 0 40002
0 338 0 0 40002
0 339 0 0 40002
0 340 0 0 40002
0 341 0 0 40002
0 342 0 0 40002
0 343 0 0 40002
0 344 0 0 40002
0 345 0 0 40002
0 346 0 0 40002
0 347 0 0 40002
0 348 0 0 40002
0 349 0 0 40002
0 350 0 0 40002
0 351 0 0 40002
0 352 0 0 40002
0 353 0 0 40002
0 354 0 0 40002
0 355 0 0 40002
0 356 0 0 40002
0 357 0 0 40002
0 358 0 0 40002
0 359 0 0 40002
0 360 0 0 40002
0 361 0 0 40002
0 362 0 0 40002
0 363 0 0 40002
0 364 0 0 40002
0 365 0 0 40002
0 366 0 0 40002
0 367 0 0 40002
0 368 0 0 40002
0 369 0 0 40002
0 370 0 0 40002
0 371 0 0 40002
0 372 0 0 40002
0 373 0 0 40002
0 374 0 0 40002
0 375 0 0 40002
0 376 0 0 40002
0 377 0 0 40002
0 378 0 0 40002
0 379 0 0 40002
0 380 0 0 40002
0 381 0 0 40002
0 382 0 0 40002
0 383 0 0 40002
0 384 0 0 40002
0 385 0 0 40002
0 386 0 0 40002
0 387 0 0 40002
0 388 0 0 40002
0 389 0 0 40002
0 390 0 0 40002
0 391 0 0 40002
0 392 0 0 40002
0 393 0 0 40002
0 394 0 0 40002
0 395 0 0 40002
0 396 0 0 40002
0 397 0 0 40002
0 398 0 0 40002
0 399 0 0 40002
0 400 0 0 40002
0 301 0 0 40002
0 302 0 0 40002
0 303 0 0 40002
0 304 0 0 40002
0 305 0 0 40002
0 306 0 0 40002
0 307 0 0 40002
0 308 0 0 40002
0 309 0 0 40002
0 310 0 0 40002
0 311 0 0 40002
0 312 0 0 40002
0 313 0 0 40002
0 314 0 0 40002
0 315 0 0 40002
0 316 0 0 40002
0 317 0 0 40002
0 318 0 0 40002
0 319 0 0 40002
0 320 0 0 40002
0 321 0 0 40002
0 322 0 0 40002
0 323 0 0 40002
0 324 0 0 40002
0 325 0 0 40002
0 326 0 0 40002
0 327 0 0 40002
0 328 0 0 40002
0 329 0 0 40002
0 330 0 0 40002
0 331 0 0 40002
0 332 0 0 40002
0 333 0 0 40002
0 334 0 0 40002
0 335 0 0 40002
0 336 0 0 40002
0 337 0 0 40002
0 338 0 0 40002
0 339 0 0 40002
0 340 0 0 40002
0 341 0 0 40002
0 342 0 0 40002
0 343 0 0 40002
0 344 0 0 40002
0 345 0 0 40002
0 346 0 0 40002
0 347 0 0 40002
0 348 0 0 40002
0 349 0 0 40002
0 350 0 0 40002
0 351 0 0 40002
0 352 0 0 40002
0 353 0 0 40002
0 354 0 0 40002
0 355 0 0 40002
0 356 0 0 40002
0 357 0 0 40002
0 358 0 0 40002
0 359 0 0 40002
0 360 0 0 40002
0 361 0 0 40002
0 362 0 0 40002
0 363 0 0 40002
0 364 0 0 40002
0 365 0 0 40002
0 366 0 0 40002
0 367 0 0 40002
0 368 0 0 40002
0 369 0 0 40002
0 370 0 0 40002
0 371 0 0 40002
0 372 0 0 40002
0 373 0 0 40002
0 374 0 0 40002
0 375 0 0 40002
0 376 0 0 40002
0 377 0 0 40002
0 378 0 0 40002
0 379 0 0 40002
0 380 0 0 40002
0 381 0 0 40002
0 382 0 0 40002
0 383 0 0 40002
0 384 0 0 40002
0 385 0 0 40002
0 386 0 0 40002
0 387 0 0 40002
0 388 0 0 40002
0 389 0 0 40002
0 390 0 0 40002
0 391 0 0 40002
0 392 0 0 40002
0 393 0 0 40002
0 394 0 0 40002
0 395 0 0 40002
0 396 0 0 40002
0 397 0 0 40002
0 398 0 0 40002
0 399 0 0 40002
0 400 0 0 40002
0 301 0 0 40002
0 302 0 0 40002
0 303 0 0 40002
0 304 0 0 40002
0 305 0 0 40002
0 306 0 0 40002
0 307 0 0 40002
0 308 0 0 40002
0 309 0 0 40002
0 310 0 0 40002
0 311 0 0 40002
0 312 0 0 40002
0 313 0 0 40002
0 314 0 0 40002
0 315 0 0 40002
0 316 0 0 40002
0 317 0 0 40002
0 318 0 0 40002
0 319 0 0 40002
0 320 0 0 40002
0 321 0 0 40002
0 322 0 0 40002
0 323 0 0 40002
0 324 0 0 40002
0 325 0 0 40002
0 326 0 0 40002
0 327 0 0 40002
0 328 0 0 40002
0 329 0 0 40002
0 330 0 0 40002
0 331 0 0 40002
0 332 0 0 40002
0 333 0 0 40002
0 334 0 0 40002
0 335 0 0 40002
0 336 0 0 40002
0 337 0 0 40002
0 338 0 0 40002
0 339 0 0 40002
0 340 0 0 40002
0 341 0 0 40002
0 342 0 0 40002
0 343 0 0 40002
0 344 0 0 40002
0 345 0 0 40002
0 346 0 0 40002
0 347 0 0 40002
0 348 0 0 40002
0 349 0 0 40002
0 350 0 0 40002
0 351 0 0 40002
0 352 0 0 40002
0 353 0 0 40002
0 354 0 0 40002
0 355 0 0 40002
0 356 0 0 40002
0 357 0 0 40002
0 358 0 0 40002
0 359 0 0 40002
0 360 0 0 40002
0 361 0 0 40002
0 362 0 0 40002
0 363 0 0 40002
0 364 0 0 40002
0 365 0 0 40002
0 366 0 0 40002
0 367 0 0 40002
0 368 0 0 40002
0 369 0 0 40002
0 370 0 0 40002
0 371 0 0 40002
0 372 0 0 40002
0 373 0 0 40002
0 374 0 0 40002
0 375 0 0 40002
0 376 0 0 40002
0 377 0 0 40002
0 378 0 0 40002
0 379 0 0 40002
0 380 0 0 40002
0 381 0 0 40002
0 382 0 0 40002
0 383 0 0 40002
0 384 0 0 40002
0 385 0 0 40002
0 386 0 0 40002
0 387 0 0 40002
0 388 0 0 40002
0 389 0 0 40002
0 390 0 0 40002
0 391 0 0 40002
0 392 0 0 40002
0 393 0 0 40002
0 394 0 0 40002
0 395 0 0 40002
0 396 0 0 40002
0 397 0 0 40002
0 398 0 0 40002
0 399 0 0 40002
0 400 0 0 40002
0 0 0 0 30002
0 0 0 0 30002
0 0 0 0 30002
0 0 0 0 30002
0 0 0 0 30002
0 0 0 0 30002
0 0 0 0 30002
0 0 0 0 30002
0 0 0 0 30002
0 0 0 0 30002
0 0 0 0 30002
0 0 0 0 30002
0 0 0 0 30002
0 0 0 0 30002
0 0 0 0 30002
0 0 0 0 30002
0 0 0 0 30002
0 0 0 0 30002
0 0 0 0 30002
0 0 0 0 30002
0 0 0 0 30002
0 0 0 0 30002
0 0 0 0 30002
0 0 0 0 30002
0 0 0 0 30002
0 0 0 0 30002
0 0 0 0 30002
0 0 0 0 30002
0 0 0 0 30002
0 0 0 0 30002
0 0 0 0 30002
0 0 0 0 30002
0 0 0 0 30002
0 0 0 0 30002
0 0 0 0 30002
0 0 0 0 30002
0 0 0 0 30002
0 0 0 0 30002
0 0 0 0 30002
0 0 0 0 30002
0 0 0 0 30002
0 0 0 0 30002
0 0 0 0 30002
0 0 0 0 30002
0 0 0 0 30002
0 0 0 0 30002
0 0 0 0 30002
0 0 0 0 30002
0 0 0 0 30002
0 0 0 0 30002
0 0 0 0 30002
0 0 0 0 30002
0 0 0 0 30002
0 0 0 0 30002
0 0 0 0 30002
0 0 0 0 30002
0 0 0 0 30002
0 0 0 0 30002
0 0 0 0 30002
0 0 0 0 30002
0 0 0 0 30002
0 0 0 0 30002
0 0 0 0 30002
0 0 0 0 30002
0 0 0 0 30002
0 0 0 0 30002
0 0 0 0 30002
0 0 0 0 30002
0 0 0 0 30002
0 0 0 0 30002
0 0 0 0 30002
0 0 0 0 30002
0 0 0 0 30002
0 0 0 0 30002
0 0 0 0 30002
0 0 0 0 30002
0 0 0 0 30002
0 0 0 0 30002
0 0 0 0 30002
0 0 0 0 30002
0 0 0 0 30002
0 0 0 0 30002
0 0 0 0 30002
0 0 0 0 30002
0 0 0 0 30002
0 0 0 0 30002
0 0 0 0 30002
0 0 0 0 30002
0 0 0 0 30002
0 0 0 0 30002
0 0 0 0 30002
0 0 0 0 30002
0 0 0 0 30002
0 0 0 0 30002
0 0 0 0 30002
0 0 0 0 30002
0 0 0 0 30002
0 0 0 0 30002
0 0 0 0 30002
0 0 0 0 30002
0 201 0 0 30002
0 202 0 0 30002
0 203 0 0 30002
0 204 0 0 30002
0 205 0 0 30002
0 206 0 0 30002
0 207 0 0 30002
0 208 0 0 30002
0 209 0 0 30002
0 210 0 0 30002
0 211 0 0 30002
0 212 0 0 30002
0 213 0 0 30002
0 214 0 0 30002
0 215 0 0 30002
0 216 0 0 30002
0 217 0 0 30002
0 218 0 0 30002
0 219 0 0 30002
0 220 0 0 30002
0 221 0 0 30002
0 222 0 0 30002
0 223 0 0 30002
0 224 0 0 30002
0 225 0 0 30002
0 226 0 0 30002
0 227 0 0 30002
0 228 0 0 30002
0 229 0 0 30002
0 230 0 0 30002
0 231 0 0 30002
0 232 0 0 30002
0 233 0 0 30002
0 234 0 0 30002
0 235 0 0 30002
0 236 0 0 30002
0 237 0 0 30002
0 238 0 0 30002
0 239 0 0 30002
0 240 0 0 30002
0 241 0 0 30002
0 242 0 0 30002
0 243 0 0 30002
0 244 0 0 30002
0 245 0 0 30002
0 246 0 0 30002
0 247 0 0 30002
0 248 0 0 30002
0 249 0 0 30002
0 250 0 0 30002
0 251 0 0 30002
0 252 0 0 30002
0 253 0 0 30002
0 254 0 0 30002
0 255 0 0 30002
0 256 0 0 30002
0 257 0 0 30002
0 258 0 0 30002
0 259 0 0 30002
0 260 0 0 30002
0 261 0 0 30002
0 262 0 0 30002
0 263 0 0 30002
0 264 0 0 30002
0 265 0 0 30002
0 266 0 0 30002
0 267 0 0 30002
0 268 0 0 30002
0 269 0 0 30002
0 270 0 0 30002
0 271 0 0 30002
0 272 0 0 30002
0 273 0 0 30002
0 274 0 0 30002
0 275 0 0 30002
0 276 0 0 30002
0 277 0 0 30002
0 278 0 0 30002
0 279 0 0 30002
0 280 0 0 30002
0 281 0 0 30002
0 282 0 0 30002
0 283 0 0 30002
0 284 0 0 30002
0 285 0 0 30002
0 286 0 0 30002
0 287 0 0 30002
0 288 0 0 30002
0 289 0 0 30002
0 290 0 0 30002
0 291 0 0 30002
0 292 0 0 30002
0 293 0 0 30002
0 294 0 0 30002
0 295 0 0 30002
0 296 0 0 30002
0 297 0 0 30002
0 298 0 0 30002
0 299 0 0 30002
0 300 0 0 30002
0 201 0 0 30002
0 202 0 0 30002
0 203 0 0 30002
0 204 0 0 30002
0 205 0 0 30002
0 206 0 0 30002
0 207 0 0 30002
0 208 0 0 30002
0 209 0 0 30002
0 210 0 0 30002
0 211 0 0 30002
0 212 0 0 30002
0 213 0 0 30002
0 214 0 0 30002
0 215 0 0 30002
0 216 0 0 30002
0 217 0 0 30002
0 218 0 0 30002
0 219 0 0 30002
0 220 0 0 30002
0 221 0 0 30002
0 222 0 0 30002
0 223 0 0 30002
0 224 0 0 30002
0 225 0 0 30002
0 226 0 0 30002
0 227 0 0 30002
0 228 0 0 30002
0 229 0 0 30002
0 230 0 0 30002
0 231 0 0 30002
0 232 0 0 30002
0 233 0 0 30002
0 234 0 0 30002
0 235 0 0 30002
0 236 0 0 30002
0 237 0 0 30002
0 238 0 0 30002
0 239 0 0 30002
0 240 0 0 30002
0 241 0 0 30002
0 242 0 0 30002
0 243 0 0 30002
0 244 0 0 30002
0 245 0 0 30002
0 246 0 0 30002
0 247 0 0 30002
0 248 0 0 30002
0 249 0 0 30002
0 250 0 0 30002
0 251 0 0 30002
0 252 0 0 30002
0 253 0 0 30002
0 254 0 0 30002
0 255 0 0 30002
0 256 0 0 30002
0 257 0 0 30002
0 258 0 0 30002
0 259 0 0 30002
0 260 0 0 30002
0 261 0 0 30002
0 262 0 0 30002
0 263 0 0 30002
0 264 0 0 30002
0 265 0 0 30002
0 266 0 0 30002
0 267 0 0 30002
0 268 0 0 30002
0 269 0 0 30002
0 270 0 0 30002
0 271 0 0 30002
0 272 0 0 30002
0 273 0 0 30002
0 274 0 0 30002
0 275 0 0 30002
0 276 0 0 30002
0 277 0 0 30002
0 278 0 0 30002
0 279 0 0 30002
0 280 0 0 30002
0 281 0 0 30002
0 282 0 0 30002
0 283 0 0 30002
0 284 0 0 30002
0 285 0 0 30002
0 286 0 0 30002
0 287 0 0 30002
0 288 0 0 30002
0 289 0 0 30002
0 290 0 0 30002
0 291 0 0 30002
0 292 0 0 30002
0 293 0 0 30002
0 294 0 0 30002
0 295 0 0 30002
0 296 0 0 30002
0 297 0 0 30002
0 298 0 0 30002
0 299 0 0 30002
0 300 0 0 30002
0 201 0 0 30002
0 202 0 0 30002
0 203 0 0 30002
0 204 0 0 30002
0 205 0 0 30002
0 206 0 0 30002
0 207 0 0 30002
0 208 0 0 30002
0 209 0 0 30002
0 210 0 0 30002
0 211 0 0 30002
0 212 0 0 30002
0 213 0 0 30002
0 214 0 0 30002
0 215 0 0 30002
0 216 0 0 30002
0 217 0 0 30002
0 218 0 0 30002
0 219 0 0 30002
0 220 0 0 30002
0 221 0 0 30002
0 222 0 0 30002
0 223 0 0 30002
0 224 0 0 30002
0 225 0 0 30002
0 226 0 0 30002
0 227 0 0 30002
0 228 0 0 30002
0 229 0 0 30002
0 230 0 0 30002
0 231 0 0 30002
0 232 0 0 30002
0 233 0 0 30002
0 234 0 0 30002
0 235 0 0 30002
0 236 0 0 30002
0 237 0 0 30002
0 238 0 0 30002
0 239 0 0 30002
0 240 0 0 30002
0 241 0 0 30002
0 242 0 0 30002
0 243 0 0 30002
0 244 0 0 30002
0 245 0 0 30002
0 246 0 0 30002
0 247 0 0 30002
0 248 0 0 30002
0 249 0 0 30002
0 250 0 0 30002
0 251 0 0 30002
0 252 0 0 30002
0 253 0 0 30002
0 254 0 0 30002
0 255 0 0 30002
0 256 0 0 30002
0 257 0 0 30002
0 258 0 0 30002
0 259 0 0 30002
0 260 0 0 30002
0 261 0 0 30002
0 262 0 0 30002
0 263 0 0 30002
0 264 0 0 30002
0 265 0 0 30002
0 266 0 0 30002
0 267 0 0 30002
0 268 0 0 30002
0 269 0 0 30002
0 270 0 0 30002
0 271 0 0 30002
0 272 0 0 30002
0 273 0 0 30002
0 274 0 0 30002
0 275 0 0 30002
0 276 0 0 30002
0 277 0 0 30002
0 278 0 0 30002
0 279 0 0 30002
0 280 0 0 30002
0 281 0 0 30002
0 282 0 0 30002
0 283 0 0 30002
0 284 0 0 30002
0 285 0 0 30002
0 286 0 0 30002
0 287 0 0 30002
0 288 0 0 30002
0 289 0 0 30002
0 290 0 0 30002
0 291 0 0 30002
0 292 0 0 30002
0 293 0 0 30002
0 294 0 0 30002
0 295 0 0 30002
0 296 0 0 30002
0 297 0 0 30002
0 298 0 0 30002
0 299 0 0 30002
0 300 0 0 30002
0 201 0 0 30002
0 202 0 0 30002
0 203 0 0 30002
0 204 0 0 30002
0 205 0 0 30002
0 206 0 0 30002
0 207 0 0 30002
0 208 0 0 30002
0 209 0 0 30002
0 210 0 0 30002
0 211 0 0 30002
0 212 0 0 30002
0 213 0 0 30002
0 214 0 0 30002
0 215 0 0 30002
0 216 0 0 30002
0 217 0 0 30002
0 218 0 0 30002
0 219 0 0 30002
0 220 0 0 30002
0 221 0 0 30002
0 222 0 0 30002
0 223 0 0 30002
0 224 0 0 30002
0 225 0 0 30002
0 226 0 0 30002
0 227 0 0 30002
0 228 0 0 30002
0 229 0 0 30002
0 230 0 0 30002
0 231 0 0 30002
0 232 0 0 30002
0 233 0 0 30002
0 234 0 0 30002
0 235 0 0 30002
0 236 0 0 30002
0 237 0 0 30002
0 238 0 0 30002
0 239 0 0 30002
0 240 0 0 30002
0 241 0 0 30002
0 242 0 0 30002
0 243 0 0 30002
0 244 0 0 30002
0 245 0 0 30002
0 246 0 0 30002
0 247 0 0 30002
0 248 0 0 30002
0 249 0 0 30002
0 250 0 0 30002
0 251 0 0 30002
0 252 0 0 30002
0 253 0 0 30002
0 254 0 0 30002
0 255 0 0 30002
0 256 0 0 30002
0 257 0 0 30002
0 258 0 0 30002
0 259 0 0 30002
0 260 0 0 30002
0 261 0 0 30002
0 262 0 0 30002
0 263 0 0 30002
0 264 0 0 30002
0 265 0 0 30002
0 266 0 0 30002
0 267 0 0 30002
0 268 0 0 30002
0 269 0 0 30002
0 270 0 0 30002
0 271 0 0 30002
0 272 0 0 30002
0 273 0 0 30002
0 274 0 0 30002
0 275 0 0 30002
0 276 0 0 30002
0 277 0 0 30002
0 278 0 0 30002
0 279 0 0 30002
0 280 0 0 30002
0 281 0 0 30002
0 282 0 0 30002
0 283 0 0 30002
0 284 0 0 30002
0 285 0 0 30002
0 286 0 0 30002
0 287 0 0 30002
0 288 0 0 30002
0 289 0 0 30002
0 290 0 0 30002
0 291 0 0 30002
0 292 0 0 30002
0 293 0 0 30002
0 294 0 0 30002
0 295 0 0 30002
0 296 0 0 30002
0 297 0 0 30002
0 298 0 0 30002
0 299 0 0 30002
0 300 0 0 30002
0 201 0 0 30002
0 202 0 0 30002
0 203 0 0 30002
0 204 0 0 30002
0 205 0 0 30002
0 206 0 0 30002
0 207 0 0 30002
0 208 0 0 30002
0 209 0 0 30002
0 210 0 0 30002
0 211 0 0 30002
0 212 0 0 30002
0 213 0 0 30002
0 214 0 0 30002
0 215 0 0 30002
0 216 0 0 30002
0 217 0 0 30002
0 218 0 0 30002
0 219 0 0 30002
0 220 0 0 30002
0 221 0 0 30002
0 222 0 0 30002
0 223 0 0 30002
0 224 0 0 30002
0 225 0 0 30002
0 226 0 0 30002
0 227 0 0 30002
0 228 0 0 30002
0 229 0 0 30002
0 230 0 0 30002
0 231 0 0 30002
0 232 0 0 30002
0 233 0 0 30002
0 234 0 0 30002
0 235 0 0 30002
0 236 0 0 30002
0 237 0 0 30002
0 238 0 0 30002
0 239 0 0 30002
0 240 0 0 30002
0 241 0 0 30002
0 242 0 0 30002
0 243 0 0 30002
0 244 0 0 30002
0 245 0 0 30002
0 246 0 0 30002
0 247 0 0 30002
0 248 0 0 30002
0 249 0 0 30002
0 250 0 0 30002
0 251 0 0 30002
0 252 0 0 30002
0 253 0 0 30002
0 254 0 0 30002
0 255 0 0 30002
0 256 0 0 30002
0 257 0 0 30002
0 258 0 0 30002
0 259 0 0 30002
0 260 0 0 30002
0 261 0 0 30002
0 262 0 0 30002
0 263 0 0 30002
0 264 0 0 30002
0 265 0 0 30002
0 266 0 0 30002
0 267 0 0 30002
0 268 0 0 30002
0 269 0 0 30002
0 270 0 0 30002
0 271 0 0 30002
0 272 0 0 30002
0 273 0 0 30002
0 274 0 0 30002
0 275 0 0 30002
0 276 0 0 30002
0 277 0 0 30002
0 278 0 0 30002
0 279 0 0 30002
0 280 0 0 30002
0 281 0 0 30002
0 282 0 0 30002
0 283 0 0 30002
0 284 0 0 30002
0 285 0 0 30002
0 286 0 0 30002
0 287 0 0 30002
0 288 0 0 30002
0 289 0 0 30002
0 290 0 0 30002
0 291 0 0 30002
0 292 0 0 30002
0 293 0 0 30002
0 294 0 0 30002
0 295 0 0 30002
0 296 0 0 30002
0 297 0 0 30002
0 298 0 0 30002
0 299 0 0 30002
0 300 0 0 30002
0 0 0 0 60002
0 0 0 0 60002
0 0 0 0 60002
0 0 0 0 60002
0 0 0 0 60002
0 0 0 0 60002
0 0 0 0 60002
0 0 0 0 60002
0 0 0 0 60002
0 0 0 0 60002
0 0 0 0 60002
0 0 0 0 60002
0 0 0 0 60002
0 0 0 0 60002
0 0 0 0 60002
0 0 0 0 60002
0 0 0 0 60002
0 0 0 0 60002
0 0 0 0 60002
0 0 0 0 60002
0 0 0 0 60002
0 0 0 0 60002
0 0 0 0 60002
0 0 0 0 60002
0 0 0 0 60002
0 0 0 0 60002
0 0 0 0 60002
0 0 0 0 60002
0 0 0 0 60002
0 0 0 0 60002
0 0 0 0 60002
0 0 0 0 60002
0 0 0 0 60002
0 0 0 0 60002
0 0 0 0 60002
0 0 0 0 60002
0 0 0 0 60002
0 0 0 0 60002
0 0 0 0 60002
0 0 0 0 60002
0 0 0 0 60002
0 0 0 0 60002
0 0 0 0 60002
0 0 0 0 60002
0 0 0 0 60002
0 0 0 0 60002
0 0 0 0 60002
0 0 0 0 60002
0 0 0 0 60002
0 0 0 0 60002
0 0 0 0 60002
0 0 0 0 60002
0 0 0 0 60002
0 0 0 0 60002
0 0 0 0 60002
0 0 0 0 60002
0 0 0 0 60002
0 0 0 0 60002
0 0 0 0 60002
0 0 0 0 60002
0 0 0 0 60002
0 0 0 0 60002
0 0 0 0 60002
0 0 0 0 60002
0 0 0 0 60002
0 0 0 0 60002
0 0 0 0 60002
0 0 0 0 60002
0 0 0 0 60002
0 0 0 0 60002
0 0 0 0 60002
0 0 0 0 60002
0 0 0 0 60002
0 0 0 0 60002
0 0 0 0 60002
0 0 0 0 60002
0 0 0 0 60002
0 0 0 0 60002
0 0 0 0 60002
0 0 0 0 60002
0 0 0 0 60002
0 0 0 0 60002
0 0 0 0 60002
0 0 0 0 60002
0 0 0 0 60002
0 0 0 0 60002
0 0 0 0 60002
0 0 0 0 60002
0 0 0 0 60002
0 0 0 0 60002
0 0 0 0 60002
0 0 0 0 60002
0 0 0 0 60002
0 0 0 0 60002
0 0 0 0 60002
0 0 0 0 60002
0 0 0 0 60002
0 0 0 0 60002
0 0 0 0 60002
0 0 0 0 60002
0 501 0 0 60002
0 502 0 0 60002
0 503 0 0 60002
0 504 0 0 60002
0 505 0 0 60002
0 506 0 0 60002
0 507 0 0 60002
0 508 0 0 60002
0 509 0 0 60002
0 510 0 0 60002
0 511 0 0 60002
0 512 0 0 60002
0 513 0 0 60002
0 514 0 0 60002
0 515 0 0 60002
0 516 0 0 60002
0 517 0 0 60002
0 518 0 0 60002
0 519 0 0 60002
0 520 0 0 60002
0 521 0 0 60002
0 522 0 0 60002
0 523 0 0 60002
0 524 0 0 60002
0 525 0 0 60002
0 526 0 0 60002
0 527 0 0 60002
0 528 0 0 60002
0 529 0 0 60002
0 530 0 0 60002
0 531 0 0 60002
0 532 0 0 60002
0 533 0 0 60002
0 534 0 0 60002
0 535 0 0 60002
0 536 0 0 60002
0 537 0 0 60002
0 538 0 0 60002
0 539 0 0 60002
0 540 0 0 60002
0 541 0 0 60002
0 542 0 0 60002
0 543 0 0 60002
0 544 0 0 60002
0 545 0 0 60002
0 546 0 0 60002
0 547 0 0 60002
0 548 0 0 60002
0 549 0 0 60002
0 550 0 0 60002
0 551 0 0 60002
0 552 0 0 60002
0 553 0 0 60002
0 554 0 0 60002
0 555 0 0 60002
0 556 0 0 60002
0 557 0 0 60002
0 558 0 0 60002
0 559 0 0 60002
0 560 0 0 60002
0 561 0 0 60002
0 562 0 0 60002
0 563 0 0 60002
0 564 0 0 60002
0 565 0 0 60002
0 566 0 0 60002
0 567 0 0 60002
0 568 0 0 60002
0 569 0 0 60002
0 570 0 0 60002
0 571 0 0 60002
0 572 0 0 60002
0 573 0 0 60002
0 574 0 0 60002
0 575 0 0 60002
0 576 0 0 60002
0 577 0 0 60002
0 578 0 0 60002
0 579 0 0 60002
0 580 0 0 60002
0 581 0 0 60002
0 582 0 0 60002
0 583 0 0 60002
0 584 0 0 60002
0 585 0 0 60002
0 586 0 0 60002
0 587 0 0 60002
0 588 0 0 60002
0 589 0 0 60002
0 590 0 0 60002
0 591 0 0 60002
0 592 0 0 60002
0 593 0 0 60002
0 594 0 0 60002
0 595 0 0 60002
0 596 0 0 60002
0 597 0 0 60002
0 598 0 0 60002
0 599 0 0 60002
0 600 0 0 60002
0 501 0 0 60002
0 502 0 0 60002
0 503 0 0 60002
0 504 0 0 60002
0 505 0 0 60002
0 506 0 0 60002
0 507 0 0 60002
0 508 0 0 60002
0 509 0 0 60002
0 510 0 0 60002
0 511 0 0 60002
0 512 0 0 60002
0 513 0 0 60002
0 514 0 0 60002
0 515 0 0 60002
0 516 0 0 60002
0 517 0 0 60002
0 518 0 0 60002
0 519 0 0 60002
0 520 0 0 60002
0 521 0 0 60002
0 522 0 0 60002
0 523 0 0 60002
0 524 0 0 60002
0 525 0 0 60002
0 526 0 0 60002
0 527 0 0 60002
0 528 0 0 60002
0 529 0 0 60002
0 530 0 0 60002
0 531 0 0 60002
0 532 0 0 60002
0 533 0 0 60002
0 534 0 0 60002
0 535 0 0 60002
0 536 0 0 60002
0 537 0 0 60002
0 538 0 0 60002
0 539 0 0 60002
0 540 0 0 60002
0 541 0 0 60002
0 542 0 0 60002
0 543 0 0 60002
0 544 0 0 60002
0 545 0 0 60002
0 546 0 0 60002
0 547 0 0 60002
0 548 0 0 60002
0 549 0 0 60002
0 550 0 0 60002
0 551 0 0 60002
0 552 0 0 60002
0 553 0 0 60002
0 554 0 0 60002
0 555 0 0 60002
0 556 0 0 60002
0 557 0 0 60002
0 558 0 0 60002
0 559 0 0 60002
0 560 0 0 60002
0 561 0 0 60002
0 562 0 0 60002
0 563 0 0 60002
0 564 0 0 60002
0 565 0 0 60002
0 566 0 0 60002
0 567 0 0 60002
0 568 0 0 60002
0 569 0 0 60002
0 570 0 0 60002
0 571 0 0 60002
0 572 0 0 60002
0 573 0 0 60002
0 574 0 0 60002
0 575 0 0 60002
0 576 0 0 60002
0 577 0 0 60002
0 578 0 0 60002
0 579 0 0 60002
0 580 0 0 60002
0 581 0 0 60002
0 582 0 0 60002
0 583 0 0 60002
0 584 0 0 60002
0 585 0 0 60002
0 586 0 0 60002
0 587 0 0 60002
0 588 0 0 60002
0 589 0 0 60002
0 590 0 0 60002
0 591 0 0 60002
0 592 0 0 60002
0 593 0 0 60002
0 594 0 0 60002
0 595 0 0 60002
0 596 0 0 60002
0 597 0 0 60002
0 598 0 0 60002
0 599 0 0 60002
0 600 0 0 60002
0 501 0 0 60002
0 502 0 0 60002
0 503 0 0 60002
0 504 0 0 60002
0 505 0 0 60002
0 506 0 0 60002
0 507 0 0 60002
0 508 0 0 60002
0 509 0 0 60002
0 510 0 0 60002
0 511 0 0 60002
0 512 0 0 60002
0 513 0 0 60002
0 514 0 0 60002
0 515 0 0 60002
0 516 0 0 60002
0 517 0 0 60002
0 518 0 0 60002
0 519 0 0 60002
0 520 0 0 60002
0 521 0 0 60002
0 522 0 0 60002
0 523 0 0 60002
0 524 0 0 60002
0 525 0 0 60002
0 526 0 0 60002
0 527 0 0 60002
0 528 0 0 60002
0 529 0 0 60002
0 530 0 0 60002
0 531 0 0 60002
0 532 0 0 60002
0 533 0 0 60002
0 534 0 0 60002
0 535 0 0 60002
0 536 0 0 60002
0 537 0 0 60002
0 538 0 0 60002
0 539 0 0 60002
0 540 0 0 60002
0 541 0 0 60002
0 542 0 0 60002
0 543 0 0 60002
0 544 0 0 60002
0 545 0 0 60002
0 546 0 0 60002
0 547 0 0 60002
0 548 0 0 60002
0 549 0 0 60002
0 550 0 0 60002
0 551 0 0 60002
0 552 0 0 60002
0 553 0 0 60002
0 554 0 0 60002
0 555 0 0 60002
0 556 0 0 60002
0 557 0 0 60002
0 558 0 0 60002
0 559 0 0 60002
0 560 0 0 60002
0 561 0 0 60002
0 562 0 0 60002
0 563 0 0 60002
0 564 0 0 60002
0 565 0 0 60002
0 566 0 0 60002
0 567 0 0 60002
0 568 0 0 60002
0 569 0 0 60002
0 570 0 0 60002
0 571 0 0 60002
0 572 0 0 60002
0 573 0 0 60002
0 574 0 0 60002
0 575 0 0 60002
0 576 0 0 60002
0 577 0 0 60002
0 578 0 0 60002
0 579 0 0 60002
0 580 0 0 60002
0 581 0 0 60002
0 582 0 0 60002
0 583 0 0 60002
0 584 0 0 60002
0 585 0 0 60002
0 586 0 0 60002
0 587 0 0 60002
0 588 0 0 60002
0 589 0 0 60002
0 590 0 0 60002
0 591 0 0 60002
0 592 0 0 60002
0 593 0 0 60002
0 594 0 0 60002
0 595 0 0 60002
0 596 0 0 60002
0 597 0 0 60002
0 598 0 0 60002
0 599 0 0 60002
0 600 0 0 60002
0 501 0 0 60002
0 502 0 0 60002
0 503 0 0 60002
0 504 0 0 60002
0 505 0 0 60002
0 506 0 0 60002
0 507 0 0 60002
0 508 0 0 60002
0 509 0 0 60002
0 510 0 0 60002
0 511 0 0 60002
0 512 0 0 60002
0 513 0 0 60002
0 514 0 0 60002
0 515 0 0 60002
0 516 0 0 60002
0 517 0 0 60002
0 518 0 0 60002
0 519 0 0 60002
0 520 0 0 60002
0 521 0 0 60002
0 522 0 0 60002
0 523 0 0 60002
0 524 0 0 60002
0 525 0 0 60002
0 526 0 0 60002
0 527 0 0 60002
0 528 0 0 60002
0 529 0 0 60002
0 530 0 0 60002
0 531 0 0 60002
0 532 0 0 60002
0 533 0 0 60002
0 534 0 0 60002
0 535 0 0 60002
0 536 0 0 60002
0 537 0 0 60002
0 538 0 0 60002
0 539 0 0 60002
0 540 0 0 60002
0 541 0 0 60002
0 542 0 0 60002
0 543 0 0 60002
0 544 0 0 60002
0 545 0 0 60002
0 546 0 0 60002
0 547 0 0 60002
0 548 0 0 60002
0 549 0 0 60002
0 550 0 0 60002
0 551 0 0 60002
0 552 0 0 60002
0 553 0 0 60002
0 554 0 0 60002
0 555 0 0 60002
0 556 0 0 60002
0 557 0 0 60002
0 558 0 0 60002
0 559 0 0 60002
0 560 0 0 60002
0 561 0 0 60002
0 562 0 0 60002
0 563 0 0 60002
0 564 0 0 60002
0 565 0 0 60002
0 566 0 0 60002
0 567 0 0 60002
0 568 0 0 60002
0 569 0 0 60002
0 570 0 0 60002
0 571 0 0 60002
0 572 0 0 60002
0 573 0 0 60002
0 574 0 0 60002
0 575 0 0 60002
0 576 0 0 60002
0 577 0 0 60002
0 578 0 0 60002
0 579 0 0 60002
0 580 0 0 60002
0 581 0 0 60002
0 582 0 0 60002
0 583 0 0 60002
0 584 0 0 60002
0 585 0 0 60002
0 586 0 0 60002
0 587 0 0 60002
0 588 0 0 60002
0 589 0 0 60002
0 590 0 0 60002
0 591 0 0 60002
0 592 0 0 60002
0 593 0 0 60002
0 594 0 0 60002
0 595 0 0 60002
0 596 0 0 60002
0 597 0 0 60002
0 598 0 0 60002
0 599 0 0 60002
0 600 0 0 60002
0 501 0 0 60002
0 502 0 0 60002
0 503 0 0 60002
0 504 0 0 60002
0 505 0 0 60002
0 506 0 0 60002
0 507 0 0 60002
0 508 0 0 60002
0 509 0 0 60002
0 510 0 0 60002
0 511 0 0 60002
0 512 0 0 60002
0 513 0 0 60002
0 514 0 0 60002
0 515 0 0 60002
0 516 0 0 60002
0 517 0 0 60002
0 518 0 0 60002
0 519 0 0 60002
0 520 0 0 60002
0 521 0 0 60002
0 522 0 0 60002
0 523 0 0 60002
0 524 0 0 60002
0 525 0 0 60002
0 526 0 0 60002
0 527 0 0 60002
0 528 0 0 60002
0 529 0 0 60002
0 530 0 0 60002
0 531 0 0 60002
0 532 0 0 60002
0 533 0 0 60002
0 534 0 0 60002
0 535 0 0 60002
0 536 0 0 60002
0 537 0 0 60002
0 538 0 0 60002
0 539 0 0 60002
0 540 0 0 60002
0 541 0 0 60002
0 542 0 0 60002
0 543 0 0 60002
0 544 0 0 60002
0 545 0 0 60002
0 546 0 0 60002
0 547 0 0 60002
0 548 0 0 60002
0 549 0 0 60002
0 550 0 0 60002
0 551 0 0 60002
0 552 0 0 60002
0 553 0 0 60002
0 554 0 0 60002
0 555 0 0 60002
0 556 0 0 60002
0 557 0 0 60002
0 558 0 0 60002
0 559 0 0 60002
0 560 0 0 60002
0 561 0 0 60002
0 562 0 0 60002
0 563 0 0 60002
0 564 0 0 60002
0 565 0 0 60002
0 566 0 0 60002
0 567 0 0 60002
0 568 0 0 60002
0 569 0 0 60002
0 570 0 0 60002
0 571 0 0 60002
0 572 0 0 60002
0 573 0 0 60002
0 574 0 0 60002
0 575 0 0 60002
0 576 0 0 60002
0 577 0 0 60002
0 578 0 0 60002
0 579 0 0 60002
0 580 0 0 60002
0 581 0 0 60002
0 582 0 0 60002
0 583 0 0 60002
0 584 0 0 60002
0 585 0 0 60002
0 586 0 0 60002
0 587 0 0 60002
0 588 0 0 60002
0 589 0 0 60002
0 590 0 0 60002
0 591 0 0 60002
0 592 0 0 60002
0 593 0 0 60002
0 594 0 0 60002
0 595 0 0 60002
0 596 0 0 60002
0 597 0 0 60002
0 598 0 0 60002
0 599 0 0 60002
0 600 0 0 60002
0 0 0 0 70002
0 0 0 0 70002
0 0 0 0 70002
0 0 0 0 70002
0 0 0 0 70002
0 0 0 0 70002
0 0 0 0 70002
0 0 0 0 70002
0 0 0 0 70002
0 0 0 0 70002
0 0 0 0 70002
0 0 0 0 70002
0 0 0 0 70002
0 0 0 0 70002
0 0 0 0 70002
0 0 0 0 70002
0 0 0 0 70002
0 0 0 0 70002
0 0 0 0 70002
0 0 0 0 70002
0 0 0 0 70002
0 0 0 0 70002
0 0 0 0 70002
0 0 0 0 70002
0 0 0 0 70002
0 0 0 0 70002
0 0 0 0 70002
0 0 0 0 70002
0 0 0 0 70002
0 0 0 0 70002
0 0 0 0 70002
0 0 0 0 70002
0 0 0 0 70002
0 0 0 0 70002
0 0 0 0 70002
0 0 0 0 70002
0 0 0 0 70002
0 0 0 0 70002
0 0 0 0 70002
0 0 0 0 70002
0 0 0 0 70002
0 0 0 0 70002
0 0 0 0 70002
0 0 0 0 70002
0 0 0 0 70002
0 0 0 0 70002
0 0 0 0 70002
0 0 0 0 70002
0 0 0 0 70002
0 0 0 0 70002
0 0 0 0 70002
0 0 0 0 70002
0 0 0 0 70002
0 0 0 0 70002
0 0 0 0 70002
0 0 0 0 70002
0 0 0 0 70002
0 0 0 0 70002
0 0 0 0 70002
0 0 0 0 70002
0 0 0 0 70002
0 0 0 0 70002
0 0 0 0 70002
0 0 0 0 70002
0 0 0 0 70002
0 0 0 0 70002
0 0 0 0 70002
0 0 0 0 70002
0 0 0 0 70002
0 0 0 0 70002
0 0 0 0 70002
0 0 0 0 70002
0 0 0 0 70002
0 0 0 0 70002
0 0 0 0 70002
0 0 0 0 70002
0 0 0 0 70002
0 0 0 0 70002
0 0 0 0 70002
0 0 0 0 70002
0 0 0 0 70002
0 0 0 0 70002
0 0 0 0 70002
0 0 0 0 70002
0 0 0 0 70002
0 0 0 0 70002
0 0 0 0 70002
0 0 0 0 70002
0 0 0 0 70002
0 0 0 0 70002
0 0 0 0 70002
0 0 0 0 70002
0 0 0 0 70002
0 0 0 0 70002
0 0 0 0 70002
0 0 0 0 70002
0 0 0 0 70002
0 0 0 0 70002
0 0 0 0 70002
0 0 0 0 70002
0 601 0 0 70002
0 602 0 0 70002
0 603 0 0 70002
0 604 0 0 70002
0 605 0 0 70002
0 606 0 0 70002
0 607 0 0 70002
0 608 0 0 70002
0 609 0 0 70002
0 610 0 0 70002
0 611 0 0 70002
0 612 0 0 70002
0 613 0 0 70002
0 614 0 0 70002
0 615 0 0 70002
0 616 0 0 70002
0 617 0 0 70002
0 618 0 0 70002
0 619 0 0 70002
0 620 0 0 70002
0 621 0 0 70002
0 622 0 0 70002
0 623 0 0 70002
0 624 0 0 70002
0 625 0 0 70002
0 626 0 0 70002
0 627 0 0 70002
0 628 0 0 70002
0 629 0 0 70002
0 630 0 0 70002
0 631 0 0 70002
0 632 0 0 70002
0 633 0 0 70002
0 634 0 0 70002
0 635 0 0 70002
0 636 0 0 70002
0 637 0 0 70002
0 638 0 0 70002
0 639 0 0 70002
0 640 0 0 70002
0 641 0 0 70002
0 642 0 0 70002
0 643 0 0 70002
0 644 0 0 70002
0 645 0 0 70002
0 646 0 0 70002
0 647 0 0 70002
0 648 0 0 70002
0 649 0 0 70002
0 650 0 0 70002
0 651 0 0 70002
0 652 0 0 70002
0 653 0 0 70002
0 654 0 0 70002
0 655 0 0 70002
0 656 0 0 70002
0 657 0 0 70002
0 658 0 0 70002
0 659 0 0 70002
0 660 0 0 70002
0 661 0 0 70002
0 662 0 0 70002
0 663 0 0 70002
0 664 0 0 70002
0 665 0 0 70002
0 666 0 0 70002
0 667 0 0 70002
0 668 0 0 70002
0 669 0 0 70002
0 670 0 0 70002
0 671 0 0 70002
0 672 0 0 70002
0 673 0 0 70002
0 674 0 0 70002
0 675 0 0 70002
0 676 0 0 70002
0 677 0 0 70002
0 678 0 0 70002
0 679 0 0 70002
0 680 0 0 70002
0 681 0 0 70002
0 682 0 0 70002
0 683 0 0 70002
0 684 0 0 70002
0 685 0 0 70002
0 686 0 0 70002
0 687 0 0 70002
0 688 0 0 70002
0 689 0 0 70002
0 690 0 0 70002
0 691 0 0 70002
0 692 0 0 70002
0 693 0 0 70002
0 694 0 0 70002
0 695 0 0 70002
0 696 0 0 70002
0 697 0 0 70002
0 698 0 0 70002
0 699 0 0 70002
0 700 0 0 70002
0 601 0 0 70002
0 602 0 0 70002
0 603 0 0 70002
0 604 0 0 70002
0 605 0 0 70002
0 606 0 0 70002
0 607 0 0 70002
0 608 0 0 70002
0 609 0 0 70002
0 610 0 0 70002
0 611 0 0 70002
0 612 0 0 70002
0 613 0 0 70002
0 614 0 0 70002
0 615 0 0 70002
0 616 0 0 70002
0 617 0 0 70002
0 618 0 0 70002
0 619 0 0 70002
0 620 0 0 70002
0 621 0 0 70002
0 622 0 0 70002
0 623 0 0 70002
0 624 0 0 70002
0 625 0 0 70002
0 626 0 0 70002
0 627 0 0 70002
0 628 0 0 70002
0 629 0 0 70002
0 630 0 0 70002
0 631 0 0 70002
0 632 0 0 70002
0 633 0 0 70002
0 634 0 0 70002
0 635 0 0 70002
0 636 0 0 70002
0 637 0 0 70002
0 638 0 0 70002
0 639 0 0 70002
0 640 0 0 70002
0 641 0 0 70002
0 642 0 0 70002
0 643 0 0 70002
0 644 0 0 70002
0 645 0 0 70002
0 646 0 0 70002
0 647 0 0 70002
0 648 0 0 70002
0 649 0 0 70002
0 650 0 0 70002
0 651 0 0 70002
0 652 0 0 70002
0 653 0 0 70002
0 654 0 0 70002
0 655 0 0 70002
0 656 0 0 70002
0 657 0 0 70002
0 658 0 0 70002
0 659 0 0 70002
0 660 0 0 70002
0 661 0 0 70002
0 662 0 0 70002
0 663 0 0 70002
0 664 0 0 70002
0 665 0 0 70002
0 666 0 0 70002
0 667 0 0 70002
0 668 0 0 70002
0 669 0 0 70002
0 670 0 0 70002
0 671 0 0 70002
0 672 0 0 70002
0 673 0 0 70002
0 674 0 0 70002
0 675 0 0 70002
0 676 0 0 70002
0 677 0 0 70002
0 678 0 0 70002
0 679 0 0 70002
0 680 0 0 70002
0 681 0 0 70002
0 682 0 0 70002
0 683 0 0 70002
0 684 0 0 70002
0 685 0 0 70002
0 686 0 0 70002
0 687 0 0 70002
0 688 0 0 70002
0 689 0 0 70002
0 690 0 0 70002
0 691 0 0 70002
0 692 0 0 70002
0 693 0 0 70002
0 694 0 0 70002
0 695 0 0 70002
0 696 0 0 70002
0 697 0 0 70002
0 698 0 0 70002
0 699 0 0 70002
0 700 0 0 70002
0 601 0 0 70002
0 602 0 0 70002
0 603 0 0 70002
0 604 0 0 70002
0 605 0 0 70002
0 606 0 0 70002
0 607 0 0 70002
0 608 0 0 70002
0 609 0 0 70002
0 610 0 0 70002
0 611 0 0 70002
0 612 0 0 70002
0 613 0 0 70002
0 614 0 0 70002
0 615 0 0 70002
0 616 0 0 70002
0 617 0 0 70002
0 618 0 0 70002
0 619 0 0 70002
0 620 0 0 70002
0 621 0 0 70002
0 622 0 0 70002
0 623 0 0 70002
0 624 0 0 70002
0 625 0 0 70002
0 626 0 0 70002
0 627 0 0 70002
0 628 0 0 70002
0 629 0 0 70002
0 630 0 0 70002
0 631 0 0 70002
0 632 0 0 70002
0 633 0 0 70002
0 634 0 0 70002
0 635 0 0 70002
0 636 0 0 70002
0 637 0 0 70002
0 638 0 0 70002
0 639 0 0 70002
0 640 0 0 70002
0 641 0 0 70002
0 642 0 0 70002
0 643 0 0 70002
0 644 0 0 70002
0 645 0 0 70002
0 646 0 0 70002
0 647 0 0 70002
0 648 0 0 70002
0 649 0 0 70002
0 650 0 0 70002
0 651 0 0 70002
0 652 0 0 70002
0 653 0 0 70002
0 654 0 0 70002
0 655 0 0 70002
0 656 0 0 70002
0 657 0 0 70002
0 658 0 0 70002
0 659 0 0 70002
0 660 0 0 70002
0 661 0 0 70002
0 662 0 0 70002
0 663 0 0 70002
0 664 0 0 70002
0 665 0 0 70002
0 666 0 0 70002
0 667 0 0 70002
0 668 0 0 70002
0 669 0 0 70002
0 670 0 0 70002
0 671 0 0 70002
0 672 0 0 70002
0 673 0 0 70002
0 674 0 0 70002
0 675 0 0 70002
0 676 0 0 70002
0 677 0 0 70002
0 678 0 0 70002
0 679 0 0 70002
0 680 0 0 70002
0 681 0 0 70002
0 682 0 0 70002
0 683 0 0 70002
0 684 0 0 70002
0 685 0 0 70002
0 686 0 0 70002
0 687 0 0 70002
0 688 0 0 70002
0 689 0 0 70002
0 690 0 0 70002
0 691 0 0 70002
0 692 0 0 70002
0 693 0 0 70002
0 694 0 0 70002
0 695 0 0 70002
0 696 0 0 70002
0 697 0 0 70002
0 698 0 0 70002
0 699 0 0 70002
0 700 0 0 70002
0 601 0 0 70002
0 602 0 0 70002
0 603 0 0 70002
0 604 0 0 70002
0 605 0 0 70002
0 606 0 0 70002
0 607 0 0 70002
0 608 0 0 70002
0 609 0 0 70002
0 610 0 0 70002
0 611 0 0 70002
0 612 0 0 70002
0 613 0 0 70002
0 614 0 0 70002
0 615 0 0 70002
0 616 0 0 70002
0 617 0 0 70002
0 618 0 0 70002
0 619 0 0 70002
0 620 0 0 70002
0 621 0 0 70002
0 622 0 0 70002
0 623 0 0 70002
0 624 0 0 70002
0 625 0 0 70002
0 626 0 0 70002
0 627 0 0 70002
0 628 0 0 70002
0 629 0 0 70002
0 630 0 0 70002
0 631 0 0 70002
0 632 0 0 70002
0 633 0 0 70002
0 634 0 0 70002
0 635 0 0 70002
0 636 0 0 70002
0 637 0 0 70002
0 638 0 0 70002
0 639 0 0 70002
0 640 0 0 70002
0 641 0 0 70002
0 642 0 0 70002
0 643 0 0 70002
0 644 0 0 70002
0 645 0 0 70002
0 646 0 0 70002
0 647 0 0 70002
0 648 0 0 70002
0 649 0 0 70002
0 650 0 0 70002
0 651 0 0 70002
0 652 0 0 70002
0 653 0 0 70002
0 654 0 0 70002
0 655 0 0 70002
0 656 0 0 70002
0 657 0 0 70002
0 658 0 0 70002
0 659 0 0 70002
0 660 0 0 70002
0 661 0 0 70002
0 662 0 0 70002
0 663 0 0 70002
0 664 0 0 70002
0 665 0 0 70002
0 666 0 0 70002
0 667 0 0 70002
0 668 0 0 70002
0 669 0 0 70002
0 670 0 0 70002
0 671 0 0 70002
0 672 0 0 70002
0 673 0 0 70002
0 674 0 0 70002
0 675 0 0 70002
0 676 0 0 70002
0 677 0 0 70002
0 678 0 0 70002
0 679 0 0 70002
0 680 0 0 70002
0 681 0 0 70002
0 682 0 0 70002
0 683 0 0 70002
0 684 0 0 70002
0 685 0 0 70002
0 686 0 0 70002
0 687 0 0 70002
0 688 0 0 70002
0 689 0 0 70002
0 690 0 0 70002
0 691 0 0 70002
0 692 0 0 70002
0 693 0 0 70002
0 694 0 0 70002
0 695 0 0 70002
0 696 0 0 70002
0 697 0 0 70002
0 698 0 0 70002
0 699 0 0 70002
0 700 0 0 70002
0 601 0 0 70002
0 602 0 0 70002
0 603 0 0 70002
0 604 0 0 70002
0 605 0 0 70002
0 606 0 0 70002
0 607 0 0 70002
0 608 0 0 70002
0 609 0 0 70002
0 610 0 0 70002
0 611 0 0 70002
0 612 0 0 70002
0 613 0 0 70002
0 614 0 0 70002
0 615 0 0 70002
0 616 0 0 70002
0 617 0 0 70002
0 618 0 0 70002
0 619 0 0 70002
0 620 0 0 70002
0 621 0 0 70002
0 622 0 0 70002
0 623 0 0 70002
0 624 0 0 70002
0 625 0 0 70002
0 626 0 0 70002
0 627 0 0 70002
0 628 0 0 70002
0 629 0 0 70002
0 630 0 0 70002
0 631 0 0 70002
0 632 0 0 70002
0 633 0 0 70002
0 634 0 0 70002
0 635 0 0 70002
0 636 0 0 70002
0 637 0 0 70002
0 638 0 0 70002
0 639 0 0 70002
0 640 0 0 70002
0 641 0 0 70002
0 642 0 0 70002
0 643 0 0 70002
0 644 0 0 70002
0 645 0 0 70002
0 646 0 0 70002
0 647 0 0 70002
0 648 0 0 70002
0 649 0 0 70002
0 650 0 0 70002
0 651 0 0 70002
0 652 0 0 70002
0 653 0 0 70002
0 654 0 0 70002
0 655 0 0 70002
0 656 0 0 70002
0 657 0 0 70002
0 658 0 0 70002
0 659 0 0 70002
0 660 0 0 70002
0 661 0 0 70002
0 662 0 0 70002
0 663 0 0 70002
0 664 0 0 70002
0 665 0 0 70002
0 666 0 0 70002
0 667 0 0 70002
0 668 0 0 70002
0 669 0 0 70002
0 670 0 0 70002
0 671 0 0 70002
0 672 0 0 70002
0 673 0 0 70002
0 674 0 0 70002
0 675 0 0 70002
0 676 0 0 70002
0 677 0 0 70002
0 678 0 0 70002
0 679 0 0 70002
0 680 0 0 70002
0 681 0 0 70002
0 682 0 0 70002
0 683 0 0 70002
0 684 0 0 70002
0 685 0 0 70002
0 686 0 0 70002
0 687 0 0 70002
0 688 0 0 70002
0 689 0 0 70002
0 690 0 0 70002
0 691 0 0 70002
0 692 0 0 70002
0 693 0 0 70002
0 694 0 0 70002
0 695 0 0 70002
0 696 0 0 70002
0 697 0 0 70002
0 698 0 0 70002
0 699 0 0 70002
0 700 0 0 70002
0 0 0 0 80002
0 0 0 0 80002
0 0 0 0 80002
0 0 0 0 80002
0 0 0 0 80002
0 0 0 0 80002
0 0 0 0 80002
0 0 0 0 80002
0 0 0 0 80002
0 0 0 0 80002
0 0 0 0 80002
0 0 0 0 80002
0 0 0 0 80002
0 0 0 0 80002
0 0 0 0 80002
0 0 0 0 80002
0 0 0 0 80002
0 0 0 0 80002
0 0 0 0 80002
0 0 0 0 80002
0 0 0 0 80002
0 0 0 0 80002
0 0 0 0 80002
0 0 0 0 80002
0 0 0 0 80002
0 0 0 0 80002
0 0 0 0 80002
0 0 0 0 80002
0 0 0 0 80002
0 0 0 0 80002
0 0 0 0 80002
0 0 0 0 80002
0 0 0 0 80002
0 0 0 0 80002
0 0 0 0 80002
0 0 0 0 80002
0 0 0 0 80002
0 0 0 0 80002
0 0 0 0 80002
0 0 0 0 80002
0 0 0 0 80002
0 0 0 0 80002
0 0 0 0 80002
0 0 0 0 80002
0 0 0 0 80002
0 0 0 0 80002
0 0 0 0 80002
0 0 0 0 80002
0 0 0 0 80002
0 0 0 0 80002
0 0 0 0 80002
0 0 0 0 80002
0 0 0 0 80002
0 0 0 0 80002
0 0 0 0 80002
0 0 0 0 80002
0 0 0 0 80002
0 0 0 0 80002
0 0 0 0 80002
0 0 0 0 80002
0 0 0 0 80002
0 0 0 0 80002
0 0 0 0 80002
0 0 0 0 80002
0 0 0 0 80002
0 0 0 0 80002
0 0 0 0 80002
0 0 0 0 80002
0 0 0 0 80002
0 0 0 0 80002
0 0 0 0 80002
0 0 0 0 80002
0 0 0 0 80002
0 0 0 0 80002
0 0 0 0 80002
0 0 0 0 80002
0 0 0 0 80002
0 0 0 0 80002
0 0 0 0 80002
0 0 0 0 80002
0 0 0 0 80002
0 0 0 0 80002
0 0 0 0 80002
0 0 0 0 80002
0 0 0 0 80002
0 0 0 0 80002
0 0 0 0 80002
0 0 0 0 80002
0 0 0 0 80002
0 0 0 0 80002
0 0 0 0 80002
0 0 0 0 80002
0 0 0 0 80002
0 0 0 0 80002
0 0 0 0 80002
0 0 0 0 80002
0 0 0 0 80002
0 0 0 0 80002
0 0 0 0 80002
0 0 0 0 80002
0 701 0 0 80002
0 702 0 0 80002
0 703 0 0 80002
0 704 0 0 80002
0 705 0 0 80002
0 706 0 0 80002
0 707 0 0 80002
0 708 0 0 80002
0 709 0 0 80002
0 710 0 0 80002
0 711 0 0 80002
0 712 0 0 80002
0 713 0 0 80002
0 714 0 0 80002
0 715 0 0 80002
0 716 0 0 80002
0 717 0 0 80002
0 718 0 0 80002
0 719 0 0 80002
0 720 0 0 80002
0 721 0 0 80002
0 722 0 0 80002
0 723 0 0 80002
0 724 0 0 80002
0 725 0 0 80002
0 726 0 0 80002
0 727 0 0 80002
0 728 0 0 80002
0 729 0 0 80002
0 730 0 0 80002
0 731 0 0 80002
0 732 0 0 80002
0 733 0 0 80002
0 734 0 0 80002
0 735 0 0 80002
0 736 0 0 80002
0 737 0 0 80002
0 738 0 0 80002
0 739 0 0 80002
0 740 0 0 80002
0 741 0 0 80002
0 742 0 0 80002
0 743 0 0 80002
0 744 0 0 80002
0 745 0 0 80002
0 746 0 0 80002
0 747 0 0 80002
0 748 0 0 80002
0 749 0 0 80002
0 750 0 0 80002
0 751 0 0 80002
0 752 0 0 80002
0 753 0 0 80002
0 754 0 0 80002
0 755 0 0 80002
0 756 0 0 80002
0 757 0 0 80002
0 758 0 0 80002
0 759 0 0 80002
0 760 0 0 80002
0 761 0 0 80002
0 762 0 0 80002
0 763 0 0 80002
0 764 0 0 80002
0 765 0 0 80002
0 766 0 0 80002
0 767 0 0 80002
0 768 0 0 80002
0 769 0 0 80002
0 770 0 0 80002
0 771 0 0 80002
0 772 0 0 80002
0 773 0 0 80002
0 774 0 0 80002
0 775 0 0 80002
0 776 0 0 80002
0 777 0 0 80002
0 778 0 0 80002
0 779 0 0 80002
0 780 0 0 80002
0 781 0 0 80002
0 782 0 0 80002
0 783 0 0 80002
0 784 0 0 80002
0 785 0 0 80002
0 786 0 0 80002
0 787 0 0 80002
0 788 0 0 80002
0 789 0 0 80002
0 790 0 0 80002
0 791 0 0 80002
0 792 0 0 80002
0 793 0 0 80002
0 794 0 0 80002
0 795 0 0 80002
0 796 0 0 80002
0 797 0 0 80002
0 798 0 0 80002
0 799 0 0 80002
0 800 0 0 80002
0 701 0 0 80002
0 702 0 0 80002
0 703 0 0 80002
0 704 0 0 80002
0 705 0 0 80002
0 706 0 0 80002
0 707 0 0 80002
0 708 0 0 80002
0 709 0 0 80002
0 710 0 0 80002
0 711 0 0 80002
0 712 0 0 80002
0 713 0 0 80002
0 714 0 0 80002
0 715 0 0 80002
0 716 0 0 80002
0 717 0 0 80002
0 718 0 0 80002
0 719 0 0 80002
0 720 0 0 80002
0 721 0 0 80002
0 722 0 0 80002
0 723 0 0 80002
0 724 0 0 80002
0 725 0 0 80002
0 726 0 0 80002
0 727 0 0 80002
0 728 0 0 80002
0 729 0 0 80002
0 730 0 0 80002
0 731 0 0 80002
0 732 0 0 80002
0 733 0 0 80002
0 734 0 0 80002
0 735 0 0 80002
0 736 0 0 80002
0 737 0 0 80002
0 738 0 0 80002
0 739 0 0 80002
0 740 0 0 80002
0 741 0 0 80002
0 742 0 0 80002
0 743 0 0 80002
0 744 0 0 80002
0 745 0 0 80002
0 746 0 0 80002
0 747 0 0 80002
0 748 0 0 80002
0 749 0 0 80002
0 750 0 0 80002
0 751 0 0 80002
0 752 0 0 80002
0 753 0 0 80002
0 754 0 0 80002
0 755 0 0 80002
0 756 0 0 80002
0 757 0 0 80002
0 758 0 0 80002
0 759 0 0 80002
0 760 0 0 80002
0 761 0 0 80002
0 762 0 0 80002
0 763 0 0 80002
0 764 0 0 80002
0 765 0 0 80002
0 766 0 0 80002
0 767 0 0 80002
0 768 0 0 80002
0 769 0 0 80002
0 770 0 0 80002
0 771 0 0 80002
0 772 0 0 80002
0 773 0 0 80002
0 774 0 0 80002
0 775 0 0 80002
0 776 0 0 80002
0 777 0 0 80002
0 778 0 0 80002
0 779 0 0 80002
0 780 0 0 80002
0 781 0 0 80002
0 782 0 0 80002
0 783 0 0 80002
0 784 0 0 80002
0 785 0 0 80002
0 786 0 0 80002
0 787 0 0 80002
0 788 0 0 80002
0 789 0 0 80002
0 790 0 0 80002
0 791 0 0 80002
0 792 0 0 80002
0 793 0 0 80002
0 794 0 0 80002
0 795 0 0 80002
0 796 0 0 80002
0 797 0 0 80002
0 798 0 0 80002
0 799 0 0 80002
0 800 0 0 80002
0 701 0 0 80002
0 702 0 0 80002
0 703 0 0 80002
0 704 0 0 80002
0 705 0 0 80002
0 706 0 0 80002
0 707 0 0 80002
0 708 0 0 80002
0 709 0 0 80002
0 710 0 0 80002
0 711 0 0 80002
0 712 0 0 80002
0 713 0 0 80002
0 714 0 0 80002
0 715 0 0 80002
0 716 0 0 80002
0 717 0 0 80002
0 718 0 0 80002
0 719 0 0 80002
0 720 0 0 80002
0 721 0 0 80002
0 722 0 0 80002
0 723 0 0 80002
0 724 0 0 80002
0 725 0 0 80002
0 726 0 0 80002
0 727 0 0 80002
0 728 0 0 80002
0 729 0 0 80002
0 730 0 0 80002
0 731 0 0 80002
0 732 0 0 80002
0 733 0 0 80002
0 734 0 0 80002
0 735 0 0 80002
0 736 0 0 80002
0 737 0 0 80002
0 738 0 0 80002
0 739 0 0 80002
0 740 0 0 80002
0 741 0 0 80002
0 742 0 0 80002
0 743 0 0 80002
0 744 0 0 80002
0 745 0 0 80002
0 746 0 0 80002
0 747 0 0 80002
0 748 0 0 80002
0 749 0 0 80002
0 750 0 0 80002
0 751 0 0 80002
0 752 0 0 80002
0 753 0 0 80002
0 754 0 0 80002
0 755 0 0 80002
0 756 0 0 80002
0 757 0 0 80002
0 758 0 0 80002
0 759 0 0 80002
0 760 0 0 80002
0 761 0 0 80002
0 762 0 0 80002
0 763 0 0 80002
0 764 0 0 80002
0 765 0 0 80002
0 766 0 0 80002
0 767 0 0 80002
0 768 0 0 80002
0 769 0 0 80002
0 770 0 0 80002
0 771 0 0 80002
0 772 0 0 80002
0 773 0 0 80002
0 774 0 0 80002
0 775 0 0 80002
0 776 0 0 80002
0 777 0 0 80002
0 778 0 0 80002
0 779 0 0 80002
0 780 0 0 80002
0 781 0 0 80002
0 782 0 0 80002
0 783 0 0 80002
0 784 0 0 80002
0 785 0 0 80002
0 786 0 0 80002
0 787 0 0 80002
0 788 0 0 80002
0 789 0 0 80002
0 790 0 0 80002
0 791 0 0 80002
0 792 0 0 80002
0 793 0 0 80002
0 794 0 0 80002
0 795 0 0 80002
0 796 0 0 80002
0 797 0 0 80002
0 798 0 0 80002
0 799 0 0 80002
0 800 0 0 80002
0 701 0 0 80002
0 702 0 0 80002
0 703 0 0 80002
0 704 0 0 80002
0 705 0 0 80002
0 706 0 0 80002
0 707 0 0 80002
0 708 0 0 80002
0 709 0 0 80002
0 710 0 0 80002
0 711 0 0 80002
0 712 0 0 80002
0 713 0 0 80002
0 714 0 0 80002
0 715 0 0 80002
0 716 0 0 80002
0 717 0 0 80002
0 718 0 0 80002
0 719 0 0 80002
0 720 0 0 80002
0 721 0 0 80002
0 722 0 0 80002
0 723 0 0 80002
0 724 0 0 80002
0 725 0 0 80002
0 726 0 0 80002
0 727 0 0 80002
0 728 0 0 80002
0 729 0 0 80002
0 730 0 0 80002
0 731 0 0 80002
0 732 0 0 80002
0 733 0 0 80002
0 734 0 0 80002
0 735 0 0 80002
0 736 0 0 80002
0 737 0 0 80002
0 738 0 0 80002
0 739 0 0 80002
0 740 0 0 80002
0 741 0 0 80002
0 742 0 0 80002
0 743 0 0 80002
0 744 0 0 80002
0 745 0 0 80002
0 746 0 0 80002
0 747 0 0 80002
0 748 0 0 80002
0 749 0 0 80002
0 750 0 0 80002
0 751 0 0 80002
0 752 0 0 80002
0 753 0 0 80002
0 754 0 0 80002
0 755 0 0 80002
0 756 0 0 80002
0 757 0 0 80002
0 758 0 0 80002
0 759 0 0 80002
0 760 0 0 80002
0 761 0 0 80002
0 762 0 0 80002
0 763 0 0 80002
0 764 0 0 80002
0 765 0 0 80002
0 766 0 0 80002
0 767 0 0 80002
0 768 0 0 80002
0 769 0 0 80002
0 770 0 0 80002
0 771 0 0 80002
0 772 0 0 80002
0 773 0 0 80002
0 774 0 0 80002
0 775 0 0 80002
0 776 0 0 80002
0 777 0 0 80002
0 778 0 0 80002
0 779 0 0 80002
0 780 0 0 80002
0 781 0 0 80002
0 782 0 0 80002
0 783 0 0 80002
0 784 0 0 80002
0 785 0 0 80002
0 786 0 0 80002
0 787 0 0 80002
0 788 0 0 80002
0 789 0 0 80002
0 790 0 0 80002
0 791 0 0 80002
0 792 0 0 80002
0 793 0 0 80002
0 794 0 0 80002
0 795 0 0 80002
0 796 0 0 80002
0 797 0 0 80002
0 798 0 0 80002
0 799 0 0 80002
0 800 0 0 80002
0 701 0 0 80002
0 702 0 0 80002
0 703 0 0 80002
0 704 0 0 80002
0 705 0 0 80002
0 706 0 0 80002
0 707 0 0 80002
0 708 0 0 80002
0 709 0 0 80002
0 710 0 0 80002
0 711 0 0 80002
0 712 0 0 80002
0 713 0 0 80002
0 714 0 0 80002
0 715 0 0 80002
0 716 0 0 80002
0 717 0 0 80002
0 718 0 0 80002
0 719 0 0 80002
0 720 0 0 80002
0 721 0 0 80002
0 722 0 0 80002
0 723 0 0 80002
0 724 0 0 80002
0 725 0 0 80002
0 726 0 0 80002
0 727 0 0 80002
0 728 0 0 80002
0 729 0 0 80002
0 730 0 0 80002
0 731 0 0 80002
0 732 0 0 80002
0 733 0 0 80002
0 734 0 0 80002
0 735 0 0 80002
0 736 0 0 80002
0 737 0 0 80002
0 738 0 0 80002
0 739 0 0 80002
0 740 0 0 80002
0 741 0 0 80002
0 742 0 0 80002
0 743 0 0 80002
0 744 0 0 80002
0 745 0 0 80002
0 746 0 0 80002
0 747 0 0 80002
0 748 0 0 80002
0 749 0 0 80002
0 750 0 0 80002
0 751 0 0 80002
0 752 0 0 80002
0 753 0 0 80002
0 754 0 0 80002
0 755 0 0 80002
0 756 0 0 80002
0 757 0 0 80002
0 758 0 0 80002
0 759 0 0 80002
0 760 0 0 80002
0 761 0 0 80002
0 762 0 0 80002
0 763 0 0 80002
0 764 0 0 80002
0 765 0 0 80002
0 766 0 0 80002
0 767 0 0 80002
0 768 0 0 80002
0 769 0 0 80002
0 770 0 0 80002
0 771 0 0 80002
0 772 0 0 80002
0 773 0 0 80002
0 774 0 0 80002
0 775 0 0 80002
0 776 0 0 80002
0 777 0 0 80002
0 778 0 0 80002
0 779 0 0 80002
0 780 0 0 80002
0 781 0 0 80002
0 782 0 0 80002
0 783 0 0 80002
0 784 0 0 80002
0 785 0 0 80002
0 786 0 0 80002
0 787 0 0 80002
0 788 0 0 80002
0 789 0 0 80002
0 790 0 0 80002
0 791 0 0 80002
0 792 0 0 80002
0 793 0 0 80002
0 794 0 0 80002
0 795 0 0 80002
0 796 0 0 80002
0 797 0 0 80002
0 798 0 0 80002
0 799 0 0 80002
0 800 0 0 80002
0 0 0 0 60003
0 0 0 0 60003
0 0 0 0 60003
0 0 0 0 60003
0 0 0 0 60003
0 0 0 0 60003
0 0 0 0 60003
0 0 0 0 60003
0 0 0 0 60003
0 0 0 0 60003
0 0 0 0 60003
0 0 0 0 60003
0 0 0 0 60003
0 0 0 0 60003
0 0 0 0 60003
0 0 0 0 60003
0 0 0 0 60003
0 0 0 0 60003
0 0 0 0 60003
0 0 0 0 60003
0 0 0 0 60003
0 0 0 0 60003
0 0 0 0 60003
0 0 0 0 60003
0 0 0 0 60003
0 0 0 0 60003
0 0 0 0 60003
0 0 0 0 60003
0 0 0 0 60003
0 0 0 0 60003
0 0 0 0 60003
0 0 0 0 60003
0 0 0 0 60003
0 0 0 0 60003
0 0 0 0 60003
0 0 0 0 60003
0 0 0 0 60003
0 0 0 0 60003
0 0 0 0 60003
0 0 0 0 60003
0 0 0 0 60003
0 0 0 0 60003
0 0 0 0 60003
0 0 0 0 60003
0 0 0 0 60003
0 0 0 0 60003
0 0 0 0 60003
0 0 0 0 60003
0 0 0 0 60003
0 0 0 0 60003
0 0 0 0 60003
0 0 0 0 60003
0 0 0 0 60003
0 0 0 0 60003
0 0 0 0 60003
0 0 0 0 60003
0 0 0 0 60003
0 0 0 0 60003
0 0 0 0 60003
0 0 0 0 60003
0 0 0 0 60003
0 0 0 0 60003
0 0 0 0 60003
0 0 0 0 60003
0 0 0 0 60003
0 0 0 0 60003
0 0 0 0 60003
0 0 0 0 60003
0 0 0 0 60003
0 0 0 0 60003
0 0 0 0 60003
0 0 0 0 60003
0 0 0 0 60003
0 0 0 0 60003
0 0 0 0 60003
0 0 0 0 60003
0 0 0 0 60003
0 0 0 0 60003
0 0 0 0 60003
0 0 0 0 60003
0 0 0 0 60003
0 0 0 0 60003
0 0 0 0 60003
0 0 0 0 60003
0 0 0 0 60003
0 0 0 0 60003
0 0 0 0 60003
0 0 0 0 60003
0 0 0 0 60003
0 0 0 0 60003
0 0 0 0 60003
0 0 0 0 60003
0 0 0 0 60003
0 0 0 0 60003
0 0 0 0 60003
0 0 0 0 60003
0 0 0 0 60003
0 0 0 0 60003
0 0 0 0 60003
0 0 0 0 60003
0 501 0 0 60003
0 502 0 0 60003
0 503 0 0 60003
0 504 0 0 60003
0 505 0 0 60003
0 506 0 0 60003
0 507 0 0 60003
0 508 0 0 60003
0 509 0 0 60003
0 510 0 0 60003
0 511 0 0 60003
0 512 0 0 60003
0 513 0 0 60003
0 514 0 0 60003
0 515 0 0 60003
0 516 0 0 60003
0 517 0 0 60003
0 518 0 0 60003
0 519 0 0 60003
0 520 0 0 60003
0 521 0 0 60003
0 522 0 0 60003
0 523 0 0 60003
0 524 0 0 60003
0 525 0 0 60003
0 526 0 0 60003
0 527 0 0 60003
0 528 0 0 60003
0 529 0 0 60003
0 530 0 0 60003
0 531 0 0 60003
0 532 0 0 60003
0 533 0 0 60003
0 534 0 0 60003
0 535 0 0 60003
0 536 0 0 60003
0 537 0 0 60003
0 538 0 0 60003
0 539 0 0 60003
0 540 0 0 60003
0 541 0 0 60003
0 542 0 0 60003
0 543 0 0 60003
0 544 0 0 60003
0 545 0 0 60003
0 546 0 0 60003
0 547 0 0 60003
0 548 0 0 60003
0 549 0 0 60003
0 550 0 0 60003
0 551 0 0 60003
0 552 0 0 60003
0 553 0 0 60003
0 554 0 0 60003
0 555 0 0 60003
0 556 0 0 60003
0 557 0 0 60003
0 558 0 0 60003
0 559 0 0 60003
0 560 0 0 60003
0 561 0 0 60003
0 562 0 0 60003
0 563 0 0 60003
0 564 0 0 60003
0 565 0 0 60003
0 566 0 0 60003
0 567 0 0 60003
0 568 0 0 60003
0 569 0 0 60003
0 570 0 0 60003
0 571 0 0 60003
0 572 0 0 60003
0 573 0 0 60003
0 574 0 0 60003
0 575 0 0 60003
0 576 0 0 60003
0 577 0 0 60003
0 578 0 0 60003
0 579 0 0 60003
0 580 0 0 60003
0 581 0 0 60003
0 582 0 0 60003
0 583 0 0 60003
0 584 0 0 60003
0 585 0 0 60003
0 586 0 0 60003
0 587 0 0 60003
0 588 0 0 60003
0 589 0 0 60003
0 590 0 0 60003
0 591 0 0 60003
0 592 0 0 60003
0 593 0 0 60003
0 594 0 0 60003
0 595 0 0 60003
0 596 0 0 60003
0 597 0 0 60003
0 598 0 0 60003
0 599 0 0 60003
0 600 0 0 60003
0 501 0 0 60003
0 502 0 0 60003
0 503 0 0 60003
0 504 0 0 60003
0 505 0 0 60003
0 506 0 0 60003
0 507 0 0 60003
0 508 0 0 60003
0 509 0 0 60003
0 510 0 0 60003
0 511 0 0 60003
0 512 0 0 60003
0 513 0 0 60003
0 514 0 0 60003
0 515 0 0 60003
0 516 0 0 60003
0 517 0 0 60003
0 518 0 0 60003
0 519 0 0 60003
0 520 0 0 60003
0 521 0 0 60003
0 522 0 0 60003
0 523 0 0 60003
0 524 0 0 60003
0 525 0 0 60003
0 526 0 0 60003
0 527 0 0 60003
0 528 0 0 60003
0 529 0 0 60003
0 530 0 0 60003
0 531 0 0 60003
0 532 0 0 60003
0 533 0 0 60003
0 534 0 0 60003
0 535 0 0 60003
0 536 0 0 60003
0 537 0 0 60003
0 538 0 0 60003
0 539 0 0 60003
0 540 0 0 60003
0 541 0 0 60003
0 542 0 0 60003
0 543 0 0 60003
0 544 0 0 60003
0 545 0 0 60003
0 546 0 0 60003
0 547 0 0 60003
0 548 0 0 60003
0 549 0 0 60003
0 550 0 0 60003
0 551 0 0 60003
0 552 0 0 60003
0 553 0 0 60003
0 554 0 0 60003
0 555 0 0 60003
0 556 0 0 60003
0 557 0 0 60003
0 558 0 0 60003
0 559 0 0 60003
0 560 0 0 60003
0 561 0 0 60003
0 562 0 0 60003
0 563 0 0 60003
0 564 0 0 60003
0 565 0 0 60003
0 566 0 0 60003
0 567 0 0 60003
0 568 0 0 60003
0 569 0 0 60003
0 570 0 0 60003
0 571 0 0 60003
0 572 0 0 60003
0 573 0 0 60003
0 574 0 0 60003
0 575 0 0 60003
0 576 0 0 60003
0 577 0 0 60003
0 578 0 0 60003
0 579 0 0 60003
0 580 0 0 60003
0 581 0 0 60003
0 582 0 0 60003
0 583 0 0 60003
0 584 0 0 60003
0 585 0 0 60003
0 586 0 0 60003
0 587 0 0 60003
0 588 0 0 60003
0 589 0 0 60003
0 590 0 0 60003
0 591 0 0 60003
0 592 0 0 60003
0 593 0 0 60003
0 594 0 0 60003
0 595 0 0 60003
0 596 0 0 60003
0 597 0 0 60003
0 598 0 0 60003
0 599 0 0 60003
0 600 0 0 60003
0 501 0 0 60003
0 502 0 0 60003
0 503 0 0 60003
0 504 0 0 60003
0 505 0 0 60003
0 506 0 0 60003
0 507 0 0 60003
0 508 0 0 60003
0 509 0 0 60003
0 510 0 0 60003
0 511 0 0 60003
0 512 0 0 60003
0 513 0 0 60003
0 514 0 0 60003
0 515 0 0 60003
0 516 0 0 60003
0 517 0 0 60003
0 518 0 0 60003
0 519 0 0 60003
0 520 0 0 60003
0 521 0 0 60003
0 522 0 0 60003
0 523 0 0 60003
0 524 0 0 60003
0 525 0 0 60003
0 526 0 0 60003
0 527 0 0 60003
0 528 0 0 60003
0 529 0 0 60003
0 530 0 0 60003
0 531 0 0 60003
0 532 0 0 60003
0 533 0 0 60003
0 534 0 0 60003
0 535 0 0 60003
0 536 0 0 60003
0 537 0 0 60003
0 538 0 0 60003
0 539 0 0 60003
0 540 0 0 60003
0 541 0 0 60003
0 542 0 0 60003
0 543 0 0 60003
0 544 0 0 60003
0 545 0 0 60003
0 546 0 0 60003
0 547 0 0 60003
0 548 0 0 60003
0 549 0 0 60003
0 550 0 0 60003
0 551 0 0 60003
0 552 0 0 60003
0 553 0 0 60003
0 554 0 0 60003
0 555 0 0 60003
0 556 0 0 60003
0 557 0 0 60003
0 558 0 0 60003
0 559 0 0 60003
0 560 0 0 60003
0 561 0 0 60003
0 562 0 0 60003
0 563 0 0 60003
0 564 0 0 60003
0 565 0 0 60003
0 566 0 0 60003
0 567 0 0 60003
0 568 0 0 60003
0 569 0 0 60003
0 570 0 0 60003
0 571 0 0 60003
0 572 0 0 60003
0 573 0 0 60003
0 574 0 0 60003
0 575 0 0 60003
0 576 0 0 60003
0 577 0 0 60003
0 578 0 0 60003
0 579 0 0 60003
0 580 0 0 60003
0 581 0 0 60003
0 582 0 0 60003
0 583 0 0 60003
0 584 0 0 60003
0 585 0 0 60003
0 586 0 0 60003
0 587 0 0 60003
0 588 0 0 60003
0 589 0 0 60003
0 590 0 0 60003
0 591 0 0 60003
0 592 0 0 60003
0 593 0 0 60003
0 594 0 0 60003
0 595 0 0 60003
0 596 0 0 60003
0 597 0 0 60003
0 598 0 0 60003
0 599 0 0 60003
0 600 0 0 60003
0 501 0 0 60003
0 502 0 0 60003
0 503 0 0 60003
0 504 0 0 60003
0 505 0 0 60003
0 506 0 0 60003
0 507 0 0 60003
0 508 0 0 60003
0 509 0 0 60003
0 510 0 0 60003
0 511 0 0 60003
0 512 0 0 60003
0 513 0 0 60003
0 514 0 0 60003
0 515 0 0 60003
0 516 0 0 60003
0 517 0 0 60003
0 518 0 0 60003
0 519 0 0 60003
0 520 0 0 60003
0 521 0 0 60003
0 522 0 0 60003
0 523 0 0 60003
0 524 0 0 60003
0 525 0 0 60003
0 526 0 0 60003
0 527 0 0 60003
0 528 0 0 60003
0 529 0 0 60003
0 530 0 0 60003
0 531 0 0 60003
0 532 0 0 60003
0 533 0 0 60003
0 534 0 0 60003
0 535 0 0 60003
0 536 0 0 60003
0 537 0 0 60003
0 538 0 0 60003
0 539 0 0 60003
0 540 0 0 60003
0 541 0 0 60003
0 542 0 0 60003
0 543 0 0 60003
0 544 0 0 60003
0 545 0 0 60003
0 546 0 0 60003
0 547 0 0 60003
0 548 0 0 60003
0 549 0 0 60003
0 550 0 0 60003
0 551 0 0 60003
0 552 0 0 60003
0 553 0 0 60003
0 554 0 0 60003
0 555 0 0 60003
0 556 0 0 60003
0 557 0 0 60003
0 558 0 0 60003
0 559 0 0 60003
0 560 0 0 60003
0 561 0 0 60003
0 562 0 0 60003
0 563 0 0 60003
0 564 0 0 60003
0 565 0 0 60003
0 566 0 0 60003
0 567 0 0 60003
0 568 0 0 60003
0 569 0 0 60003
0 570 0 0 60003
0 571 0 0 60003
0 572 0 0 60003
0 573 0 0 60003
0 574 0 0 60003
0 575 0 0 60003
0 576 0 0 60003
0 577 0 0 60003
0 578 0 0 60003
0 579 0 0 60003
0 580 0 0 60003
0 581 0 0 60003
0 582 0 0 60003
0 583 0 0 60003
0 584 0 0 60003
0 585 0 0 60003
0 586 0 0 60003
0 587 0 0 60003
0 588 0 0 60003
0 589 0 0 60003
0 590 0 0 60003
0 591 0 0 60003
0 592 0 0 60003
0 593 0 0 60003
0 594 0 0 60003
0 595 0 0 60003
0 596 0 0 60003
0 597 0 0 60003
0 598 0 0 60003
0 599 0 0 60003
0 600 0 0 60003
0 501 0 0 60003
0 502 0 0 60003
0 503 0 0 60003
0 504 0 0 60003
0 505 0 0 60003
0 506 0 0 60003
0 507 0 0 60003
0 508 0 0 60003
0 509 0 0 60003
0 510 0 0 60003
0 511 0 0 60003
0 512 0 0 60003
0 513 0 0 60003
0 514 0 0 60003
0 515 0 0 60003
0 516 0 0 60003
0 517 0 0 60003
0 518 0 0 60003
0 519 0 0 60003
0 520 0 0 60003
0 521 0 0 60003
0 522 0 0 60003
0 523 0 0 60003
0 524 0 0 60003
0 525 0 0 60003
0 526 0 0 60003
0 527 0 0 60003
0 528 0 0 60003
0 529 0 0 60003
0 530 0 0 60003
0 531 0 0 60003
0 532 0 0 60003
0 533 0 0 60003
0 534 0 0 60003
0 535 0 0 60003
0 536 0 0 60003
0 537 0 0 60003
0 538 0 0 60003
0 539 0 0 60003
0 540 0 0 60003
0 541 0 0 60003
0 542 0 0 60003
0 543 0 0 60003
0 544 0 0 60003
0 545 0 0 60003
0 546 0 0 60003
0 547 0 0 60003
0 548 0 0 60003
0 549 0 0 60003
0 550 0 0 60003
0 551 0 0 60003
0 552 0 0 60003
0 553 0 0 60003
0 554 0 0 60003
0 555 0 0 60003
0 556 0 0 60003
0 557 0 0 60003
0 558 0 0 60003
0 559 0 0 60003
0 560 0 0 60003
0 561 0 0 60003
0 562 0 0 60003
0 563 0 0 60003
0 564 0 0 60003
0 565 0 0 60003
0 566 0 0 60003
0 567 0 0 60003
0 568 0 0 60003
0 569 0 0 60003
0 570 0 0 60003
0 571 0 0 60003
0 572 0 0 60003
0 573 0 0 60003
0 574 0 0 60003
0 575 0 0 60003
0 576 0 0 60003
0 577 0 0 60003
0 578 0 0 60003
0 579 0 0 60003
0 580 0 0 60003
0 581 0 0 60003
0 582 0 0 60003
0 583 0 0 60003
0 584 0 0 60003
0 585 0 0 60003
0 586 0 0 60003
0 587 0 0 60003
0 588 0 0 60003
0 589 0 0 60003
0 590 0 0 60003
0 591 0 0 60003
0 592 0 0 60003
0 593 0 0 60003
0 594 0 0 60003
0 595 0 0 60003
0 596 0 0 60003
0 597 0 0 60003
0 598 0 0 60003
0 599 0 0 60003
0 600 0 0 60003
0 0 0 0 30003
0 0 0 0 30003
0 0 0 0 30003
0 0 0 0 30003
0 0 0 0 30003
0 0 0 0 30003
0 0 0 0 30003
0 0 0 0 30003
0 0 0 0 30003
0 0 0 0 30003
0 0 0 0 30003
0 0 0 0 30003
0 0 0 0 30003
0 0 0 0 30003
0 0 0 0 30003
0 0 0 0 30003
0 0 0 0 30003
0 0 0 0 30003
0 0 0 0 30003
0 0 0 0 30003
0 0 0 0 30003
0 0 0 0 30003
0 0 0 0 30003
0 0 0 0 30003
0 0 0 0 30003
0 0 0 0 30003
0 0 0 0 30003
0 0 0 0 30003
0 0 0 0 30003
0 0 0 0 30003
0 0 0 0 30003
0 0 0 0 30003
0 0 0 0 30003
0 0 0 0 30003
0 0 0 0 30003
0 0 0 0 30003
0 0 0 0 30003
0 0 0 0 30003
0 0 0 0 30003
0 0 0 0 30003
0 0 0 0 30003
0 0 0 0 30003
0 0 0 0 30003
0 0 0 0 30003
0 0 0 0 30003
0 0 0 0 30003
0 0 0 0 30003
0 0 0 0 30003
0 0 0 0 30003
0 0 0 0 30003
0 0 0 0 30003
0 0 0 0 30003
0 0 0 0 30003
0 0 0 0 30003
0 0 0 0 30003
0 0 0 0 30003
0 0 0 0 30003
0 0 0 0 30003
0 0 0 0 30003
0 0 0 0 30003
0 0 0 0 30003
0 0 0 0 30003
0 0 0 0 30003
0 0 0 0 30003
0 0 0 0 30003
0 0 0 0 30003
0 0 0 0 30003
0 0 0 0 30003
0 0 0 0 30003
0 0 0 0 30003
0 0 0 0 30003
0 0 0 0 30003
0 0 0 0 30003
0 0 0 0 30003
0 0 0 0 30003
0 0 0 0 30003
0 0 0 0 30003
0 0 0 0 30003
0 0 0 0 30003
0 0 0 0 30003
0 0 0 0 30003
0 0 0 0 30003
0 0 0 0 30003
0 0 0 0 30003
0 0 0 0 30003
0 0 0 0 30003
0 0 0 0 30003
0 0 0 0 30003
0 0 0 0 30003
0 0 0 0 30003
0 0 0 0 30003
0 0 0 0 30003
0 0 0 0 30003
0 0 0 0 30003
0 0 0 0 30003
0 0 0 0 30003
0 0 0 0 30003
0 0 0 0 30003
0 0 0 0 30003
0 0 0 0 30003
0 201 0 0 30003
0 202 0 0 30003
0 203 0 0 30003
0 204 0 0 30003
0 205 0 0 30003
0 206 0 0 30003
0 207 0 0 30003
0 208 0 0 30003
0 209 0 0 30003
0 210 0 0 30003
0 211 0 0 30003
0 212 0 0 30003
0 213 0 0 30003
0 214 0 0 30003
0 215 0 0 30003
0 216 0 0 30003
0 217 0 0 30003
0 218 0 0 30003
0 219 0 0 30003
0 220 0 0 30003
0 221 0 0 30003
0 222 0 0 30003
0 223 0 0 30003
0 224 0 0 30003
0 225 0 0 30003
0 226 0 0 30003
0 227 0 0 30003
0 228 0 0 30003
0 229 0 0 30003
0 230 0 0 30003
0 231 0 0 30003
0 232 0 0 30003
0 233 0 0 30003
0 234 0 0 30003
0 235 0 0 30003
0 236 0 0 30003
0 237 0 0 30003
0 238 0 0 30003
0 239 0 0 30003
0 240 0 0 30003
0 241 0 0 30003
0 242 0 0 30003
0 243 0 0 30003
0 244 0 0 30003
0 245 0 0 30003
0 246 0 0 30003
0 247 0 0 30003
0 248 0 0 30003
0 249 0 0 30003
0 250 0 0 30003
0 251 0 0 30003
0 252 0 0 30003
0 253 0 0 30003
0 254 0 0 30003
0 255 0 0 30003
0 256 0 0 30003
0 257 0 0 30003
0 258 0 0 30003
0 259 0 0 30003
0 260 0 0 30003
0 261 0 0 30003
0 262 0 0 30003
0 263 0 0 30003
0 264 0 0 30003
0 265 0 0 30003
0 266 0 0 30003
0 267 0 0 30003
0 268 0 0 30003
0 269 0 0 30003
0 270 0 0 30003
0 271 0 0 30003
0 272 0 0 30003
0 273 0 0 30003
0 274 0 0 30003
0 275 0 0 30003
0 276 0 0 30003
0 277 0 0 30003
0 278 0 0 30003
0 279 0 0 30003
0 280 0 0 30003
0 281 0 0 30003
0 282 0 0 30003
0 283 0 0 30003
0 284 0 0 30003
0 285 0 0 30003
0 286 0 0 30003
0 287 0 0 30003
0 288 0 0 30003
0 289 0 0 30003
0 290 0 0 30003
0 291 0 0 30003
0 292 0 0 30003
0 293 0 0 30003
0 294 0 0 30003
0 295 0 0 30003
0 296 0 0 30003
0 297 0 0 30003
0 298 0 0 30003
0 299 0 0 30003
0 300 0 0 30003
0 201 0 0 30003
0 202 0 0 30003
0 203 0 0 30003
0 204 0 0 30003
0 205 0 0 30003
0 206 0 0 30003
0 207 0 0 30003
0 208 0 0 30003
0 209 0 0 30003
0 210 0 0 30003
0 211 0 0 30003
0 212 0 0 30003
0 213 0 0 30003
0 214 0 0 30003
0 215 0 0 30003
0 216 0 0 30003
0 217 0 0 30003
0 218 0 0 30003
0 219 0 0 30003
0 220 0 0 30003
0 221 0 0 30003
0 222 0 0 30003
0 223 0 0 30003
0 224 0 0 30003
0 225 0 0 30003
0 226 0 0 30003
0 227 0 0 30003
0 228 0 0 30003
0 229 0 0 30003
0 230 0 0 30003
0 231 0 0 30003
0 232 0 0 30003
0 233 0 0 30003
0 234 0 0 30003
0 235 0 0 30003
0 236 0 0 30003
0 237 0 0 30003
0 238 0 0 30003
0 239 0 0 30003
0 240 0 0 30003
0 241 0 0 30003
0 242 0 0 30003
0 243 0 0 30003
0 244 0 0 30003
0 245 0 0 30003
0 246 0 0 30003
0 247 0 0 30003
0 248 0 0 30003
0 249 0 0 30003
0 250 0 0 30003
0 251 0 0 30003
0 252 0 0 30003
0 253 0 0 30003
0 254 0 0 30003
0 255 0 0 30003
0 256 0 0 30003
0 257 0 0 30003
0 258 0 0 30003
0 259 0 0 30003
0 260 0 0 30003
0 261 0 0 30003
0 262 0 0 30003
0 263 0 0 30003
0 264 0 0 30003
0 265 0 0 30003
0 266 0 0 30003
0 267 0 0 30003
0 268 0 0 30003
0 269 0 0 30003
0 270 0 0 30003
0 271 0 0 30003
0 272 0 0 30003
0 273 0 0 30003
0 274 0 0 30003
0 275 0 0 30003
0 276 0 0 30003
0 277 0 0 30003
0 278 0 0 30003
0 279 0 0 30003
0 280 0 0 30003
0 281 0 0 30003
0 282 0 0 30003
0 283 0 0 30003
0 284 0 0 30003
0 285 0 0 30003
0 286 0 0 30003
0 287 0 0 30003
0 288 0 0 30003
0 289 0 0 30003
0 290 0 0 30003
0 291 0 0 30003
0 292 0 0 30003
0 293 0 0 30003
0 294 0 0 30003
0 295 0 0 30003
0 296 0 0 30003
0 297 0 0 30003
0 298 0 0 30003
0 299 0 0 30003
0 300 0 0 30003
0 201 0 0 30003
0 202 0 0 30003
0 203 0 0 30003
0 204 0 0 30003
0 205 0 0 30003
0 206 0 0 30003
0 207 0 0 30003
0 208 0 0 30003
0 209 0 0 30003
0 210 0 0 30003
0 211 0 0 30003
0 212 0 0 30003
0 213 0 0 30003
0 214 0 0 30003
0 215 0 0 30003
0 216 0 0 30003
0 217 0 0 30003
0 218 0 0 30003
0 219 0 0 30003
0 220 0 0 30003
0 221 0 0 30003
0 222 0 0 30003
0 223 0 0 30003
0 224 0 0 30003
0 225 0 0 30003
0 226 0 0 30003
0 227 0 0 30003
0 228 0 0 30003
0 229 0 0 30003
0 230 0 0 30003
0 231 0 0 30003
0 232 0 0 30003
0 233 0 0 30003
0 234 0 0 30003
0 235 0 0 30003
0 236 0 0 30003
0 237 0 0 30003
0 238 0 0 30003
0 239 0 0 30003
0 240 0 0 30003
0 241 0 0 30003
0 242 0 0 30003
0 243 0 0 30003
0 244 0 0 30003
0 245 0 0 30003
0 246 0 0 30003
0 247 0 0 30003
0 248 0 0 30003
0 249 0 0 30003
0 250 0 0 30003
0 251 0 0 30003
0 252 0 0 30003
0 253 0 0 30003
0 254 0 0 30003
0 255 0 0 30003
0 256 0 0 30003
0 257 0 0 30003
0 258 0 0 30003
0 259 0 0 30003
0 260 0 0 30003
0 261 0 0 30003
0 262 0 0 30003
0 263 0 0 30003
0 264 0 0 30003
0 265 0 0 30003
0 266 0 0 30003
0 267 0 0 30003
0 268 0 0 30003
0 269 0 0 30003
0 270 0 0 30003
0 271 0 0 30003
0 272 0 0 30003
0 273 0 0 30003
0 274 0 0 30003
0 275 0 0 30003
0 276 0 0 30003
0 277 0 0 30003
0 278 0 0 30003
0 279 0 0 30003
0 280 0 0 30003
0 281 0 0 30003
0 282 0 0 30003
0 283 0 0 30003
0 284 0 0 30003
0 285 0 0 30003
0 286 0 0 30003
0 287 0 0 30003
0 288 0 0 30003
0 289 0 0 30003
0 290 0 0 30003
0 291 0 0 30003
0 292 0 0 30003
0 293 0 0 30003
0 294 0 0 30003
0 295 0 0 30003
0 296 0 0 30003
0 297 0 0 30003
0 298 0 0 30003
0 299 0 0 30003
0 300 0 0 30003
0 201 0 0 30003
0 202 0 0 30003
0 203 0 0 30003
0 204 0 0 30003
0 205 0 0 30003
0 206 0 0 30003
0 207 0 0 30003
0 208 0 0 30003
0 209 0 0 30003
0 210 0 0 30003
0 211 0 0 30003
0 212 0 0 30003
0 213 0 0 30003
0 214 0 0 30003
0 215 0 0 30003
0 216 0 0 30003
0 217 0 0 30003
0 218 0 0 30003
0 219 0 0 30003
0 220 0 0 30003
0 221 0 0 30003
0 222 0 0 30003
0 223 0 0 30003
0 224 0 0 30003
0 225 0 0 30003
0 226 0 0 30003
0 227 0 0 30003
0 228 0 0 30003
0 229 0 0 30003
0 230 0 0 30003
0 231 0 0 30003
0 232 0 0 30003
0 233 0 0 30003
0 234 0 0 30003
0 235 0 0 30003
0 236 0 0 30003
0 237 0 0 30003
0 238 0 0 30003
0 239 0 0 30003
0 240 0 0 30003
0 241 0 0 30003
0 242 0 0 30003
0 243 0 0 30003
0 244 0 0 30003
0 245 0 0 30003
0 246 0 0 30003
0 247 0 0 30003
0 248 0 0 30003
0 249 0 0 30003
0 250 0 0 30003
0 251 0 0 30003
0 252 0 0 30003
0 253 0 0 30003
0 254 0 0 30003
0 255 0 0 30003
0 256 0 0 30003
0 257 0 0 30003
0 258 0 0 30003
0 259 0 0 30003
0 260 0 0 30003
0 261 0 0 30003
0 262 0 0 30003
0 263 0 0 30003
0 264 0 0 30003
0 265 0 0 30003
0 266 0 0 30003
0 267 0 0 30003
0 268 0 0 30003
0 269 0 0 30003
0 270 0 0 30003
0 271 0 0 30003
0 272 0 0 30003
0 273 0 0 30003
0 274 0 0 30003
0 275 0 0 30003
0 276 0 0 30003
0 277 0 0 30003
0 278 0 0 30003
0 279 0 0 30003
0 280 0 0 30003
0 281 0 0 30003
0 282 0 0 30003
0 283 0 0 30003
0 284 0 0 30003
0 285 0 0 30003
0 286 0 0 30003
0 287 0 0 30003
0 288 0 0 30003
0 289 0 0 30003
0 290 0 0 30003
0 291 0 0 30003
0 292 0 0 30003
0 293 0 0 30003
0 294 0 0 30003
0 295 0 0 30003
0 296 0 0 30003
0 297 0 0 30003
0 298 0 0 30003
0 299 0 0 30003
0 300 0 0 30003
0 201 0 0 30003
0 202 0 0 30003
0 203 0 0 30003
0 204 0 0 30003
0 205 0 0 30003
0 206 0 0 30003
0 207 0 0 30003
0 208 0 0 30003
0 209 0 0 30003
0 210 0 0 30003
0 211 0 0 30003
0 212 0 0 30003
0 213 0 0 30003
0 214 0 0 30003
0 215 0 0 30003
0 216 0 0 30003
0 217 0 0 30003
0 218 0 0 30003
0 219 0 0 30003
0 220 0 0 30003
0 221 0 0 30003
0 222 0 0 30003
0 223 0 0 30003
0 224 0 0 30003
0 225 0 0 30003
0 226 0 0 30003
0 227 0 0 30003
0 228 0 0 30003
0 229 0 0 30003
0 230 0 0 30003
0 231 0 0 30003
0 232 0 0 30003
0 233 0 0 30003
0 234 0 0 30003
0 235 0 0 30003
0 236 0 0 30003
0 237 0 0 30003
0 238 0 0 30003
0 239 0 0 30003
0 240 0 0 30003
0 241 0 0 30003
0 242 0 0 30003
0 243 0 0 30003
0 244 0 0 30003
0 245 0 0 30003
0 246 0 0 30003
0 247 0 0 30003
0 248 0 0 30003
0 249 0 0 30003
0 250 0 0 30003
0 251 0 0 30003
0 252 0 0 30003
0 253 0 0 30003
0 254 0 0 30003
0 255 0 0 30003
0 256 0 0 30003
0 257 0 0 30003
0 258 0 0 30003
0 259 0 0 30003
0 260 0 0 30003
0 261 0 0 30003
0 262 0 0 30003
0 263 0 0 30003
0 264 0 0 30003
0 265 0 0 30003
0 266 0 0 30003
0 267 0 0 30003
0 268 0 0 30003
0 269 0 0 30003
0 270 0 0 30003
0 271 0 0 30003
0 272 0 0 30003
0 273 0 0 30003
0 274 0 0 30003
0 275 0 0 30003
0 276 0 0 30003
0 277 0 0 30003
0 278 0 0 30003
0 279 0 0 30003
0 280 0 0 30003
0 281 0 0 30003
0 282 0 0 30003
0 283 0 0 30003
0 284 0 0 30003
0 285 0 0 30003
0 286 0 0 30003
0 287 0 0 30003
0 288 0 0 30003
0 289 0 0 30003
0 290 0 0 30003
0 291 0 0 30003
0 292 0 0 30003
0 293 0 0 30003
0 294 0 0 30003
0 295 0 0 30003
0 296 0 0 30003
0 297 0 0 30003
0 298 0 0 30003
0 299 0 0 30003
0 300 0 0 30003
0 0 0 0 40003
0 0 0 0 40003
0 0 0 0 40003
0 0 0 0 40003
0 0 0 0 40003
0 0 0 0 40003
0 0 0 0 40003
0 0 0 0 40003
0 0 0 0 40003
0 0 0 0 40003
0 0 0 0 40003
0 0 0 0 40003
0 0 0 0 40003
0 0 0 0 40003
0 0 0 0 40003
0 0 0 0 40003
0 0 0 0 40003
0 0 0 0 40003
0 0 0 0 40003
0 0 0 0 40003
0 0 0 0 40003
0 0 0 0 40003
0 0 0 0 40003
0 0 0 0 40003
0 0 0 0 40003
0 0 0 0 40003
0 0 0 0 40003
0 0 0 0 40003
0 0 0 0 40003
0 0 0 0 40003
0 0 0 0 40003
0 0 0 0 40003
0 0 0 0 40003
0 0 0 0 40003
0 0 0 0 40003
0 0 0 0 40003
0 0 0 0 40003
0 0 0 0 40003
0 0 0 0 40003
0 0 0 0 40003
0 0 0 0 40003
0 0 0 0 40003
0 0 0 0 40003
0 0 0 0 40003
0 0 0 0 40003
0 0 0 0 40003
0 0 0 0 40003
0 0 0 0 40003
0 0 0 0 40003
0 0 0 0 40003
0 0 0 0 40003
0 0 0 0 40003
0 0 0 0 40003
0 0 0 0 40003
0 0 0 0 40003
0 0 0 0 40003
0 0 0 0 40003
0 0 0 0 40003
0 0 0 0 40003
0 0 0 0 40003
0 0 0 0 40003
0 0 0 0 40003
0 0 0 0 40003
0 0 0 0 40003
0 0 0 0 40003
0 0 0 0 40003
0 0 0 0 40003
0 0 0 0 40003
0 0 0 0 40003
0 0 0 0 40003
0 0 0 0 40003
0 0 0 0 40003
0 0 0 0 40003
0 0 0 0 40003
0 0 0 0 40003
0 0 0 0 40003
0 0 0 0 40003
0 0 0 0 40003
0 0 0 0 40003
0 0 0 0 40003
0 0 0 0 40003
0 0 0 0 40003
0 0 0 0 40003
0 0 0 0 40003
0 0 0 0 40003
0 0 0 0 40003
0 0 0 0 40003
0 0 0 0 40003
0 0 0 0 40003
0 0 0 0 40003
0 0 0 0 40003
0 0 0 0 40003
0 0 0 0 40003
0 0 0 0 40003
0 0 0 0 40003
0 0 0 0 40003
0 0 0 0 40003
0 0 0 0 40003
0 0 0 0 40003
0 0 0 0 40003
0 301 0 0 40003
0 302 0 0 40003
0 303 0 0 40003
0 304 0 0 40003
0 305 0 0 40003
0 306 0 0 40003
0 307 0 0 40003
0 308 0 0 40003
0 309 0 0 40003
0 310 0 0 40003
0 311 0 0 40003
0 312 0 0 40003
0 313 0 0 40003
0 314 0 0 40003
0 315 0 0 40003
0 316 0 0 40003
0 317 0 0 40003
0 318 0 0 40003
0 319 0 0 40003
0 320 0 0 40003
0 321 0 0 40003
0 322 0 0 40003
0 323 0 0 40003
0 324 0 0 40003
0 325 0 0 40003
0 326 0 0 40003
0 327 0 0 40003
0 328 0 0 40003
0 329 0 0 40003
0 330 0 0 40003
0 331 0 0 40003
0 332 0 0 40003
0 333 0 0 40003
0 334 0 0 40003
0 335 0 0 40003
0 336 0 0 40003
0 337 0 0 40003
0 338 0 0 40003
0 339 0 0 40003
0 340 0 0 40003
0 341 0 0 40003
0 342 0 0 40003
0 343 0 0 40003
0 344 0 0 40003
0 345 0 0 40003
0 346 0 0 40003
0 347 0 0 40003
0 348 0 0 40003
0 349 0 0 40003
0 350 0 0 40003
0 351 0 0 40003
0 352 0 0 40003
0 353 0 0 40003
0 354 0 0 40003
0 355 0 0 40003
0 356 0 0 40003
0 357 0 0 40003
0 358 0 0 40003
0 359 0 0 40003
0 360 0 0 40003
0 361 0 0 40003
0 362 0 0 40003
0 363 0 0 40003
0 364 0 0 40003
0 365 0 0 40003
0 366 0 0 40003
0 367 0 0 40003
0 368 0 0 40003
0 369 0 0 40003
0 370 0 0 40003
0 371 0 0 40003
0 372 0 0 40003
0 373 0 0 40003
0 374 0 0 40003
0 375 0 0 40003
0 376 0 0 40003
0 377 0 0 40003
0 378 0 0 40003
0 379 0 0 40003
0 380 0 0 40003
0 381 0 0 40003
0 382 0 0 40003
0 383 0 0 40003
0 384 0 0 40003
0 385 0 0 40003
0 386 0 0 40003
0 387 0 0 40003
0 388 0 0 40003
0 389 0 0 40003
0 390 0 0 40003
0 391 0 0 40003
0 392 0 0 40003
0 393 0 0 40003
0 394 0 0 40003
0 395 0 0 40003
0 396 0 0 40003
0 397 0 0 40003
0 398 0 0 40003
0 399 0 0 40003
0 400 0 0 40003
0 301 0 0 40003
0 302 0 0 40003
0 303 0 0 40003
0 304 0 0 40003
0 305 0 0 40003
0 306 0 0 40003
0 307 0 0 40003
0 308 0 0 40003
0 309 0 0 40003
0 310 0 0 40003
0 311 0 0 40003
0 312 0 0 40003
0 313 0 0 40003
0 314 0 0 40003
0 315 0 0 40003
0 316 0 0 40003
0 317 0 0 40003
0 318 0 0 40003
0 319 0 0 40003
0 320 0 0 40003
0 321 0 0 40003
0 322 0 0 40003
0 323 0 0 40003
0 324 0 0 40003
0 325 0 0 40003
0 326 0 0 40003
0 327 0 0 40003
0 328 0 0 40003
0 329 0 0 40003
0 330 0 0 40003
0 331 0 0 40003
0 332 0 0 40003
0 333 0 0 40003
0 334 0 0 40003
0 335 0 0 40003
0 336 0 0 40003
0 337 0 0 40003
0 338 0 0 40003
0 339 0 0 40003
0 340 0 0 40003
0 341 0 0 40003
0 342 0 0 40003
0 343 0 0 40003
0 344 0 0 40003
0 345 0 0 40003
0 346 0 0 40003
0 347 0 0 40003
0 348 0 0 40003
0 349 0 0 40003
0 350 0 0 40003
0 351 0 0 40003
0 352 0 0 40003
0 353 0 0 40003
0 354 0 0 40003
0 355 0 0 40003
0 356 0 0 40003
0 357 0 0 40003
0 358 0 0 40003
0 359 0 0 40003
0 360 0 0 40003
0 361 0 0 40003
0 362 0 0 40003
0 363 0 0 40003
0 364 0 0 40003
0 365 0 0 40003
0 366 0 0 40003
0 367 0 0 40003
0 368 0 0 40003
0 369 0 0 40003
0 370 0 0 40003
0 371 0 0 40003
0 372 0 0 40003
0 373 0 0 40003
0 374 0 0 40003
0 375 0 0 40003
0 376 0 0 40003
0 377 0 0 40003
0 378 0 0 40003
0 379 0 0 40003
0 380 0 0 40003
0 381 0 0 40003
0 382 0 0 40003
0 383 0 0 40003
0 384 0 0 40003
0 385 0 0 40003
0 386 0 0 40003
0 387 0 0 40003
0 388 0 0 40003
0 389 0 0 40003
0 390 0 0 40003
0 391 0 0 40003
0 392 0 0 40003
0 393 0 0 40003
0 394 0 0 40003
0 395 0 0 40003
0 396 0 0 40003
0 397 0 0 40003
0 398 0 0 40003
0 399 0 0 40003
0 400 0 0 40003
0 301 0 0 40003
0 302 0 0 40003
0 303 0 0 40003
0 304 0 0 40003
0 305 0 0 40003
0 306 0 0 40003
0 307 0 0 40003
0 308 0 0 40003
0 309 0 0 40003
0 310 0 0 40003
0 311 0 0 40003
0 312 0 0 40003
0 313 0 0 40003
0 314 0 0 40003
0 315 0 0 40003
0 316 0 0 40003
0 317 0 0 40003
0 318 0 0 40003
0 319 0 0 40003
0 320 0 0 40003
0 321 0 0 40003
0 322 0 0 40003
0 323 0 0 40003
0 324 0 0 40003
0 325 0 0 40003
0 326 0 0 40003
0 327 0 0 40003
0 328 0 0 40003
0 329 0 0 40003
0 330 0 0 40003
0 331 0 0 40003
0 332 0 0 40003
0 333 0 0 40003
0 334 0 0 40003
0 335 0 0 40003
0 336 0 0 40003
0 337 0 0 40003
0 338 0 0 40003
0 339 0 0 40003
0 340 0 0 40003
0 341 0 0 40003
0 342 0 0 40003
0 343 0 0 40003
0 344 0 0 40003
0 345 0 0 40003
0 346 0 0 40003
0 347 0 0 40003
0 348 0 0 40003
0 349 0 0 40003
0 350 0 0 40003
0 351 0 0 40003
0 352 0 0 40003
0 353 0 0 40003
0 354 0 0 40003
0 355 0 0 40003
0 356 0 0 40003
0 357 0 0 40003
0 358 0 0 40003
0 359 0 0 40003
0 360 0 0 40003
0 361 0 0 40003
0 362 0 0 40003
0 363 0 0 40003
0 364 0 0 40003
0 365 0 0 40003
0 366 0 0 40003
0 367 0 0 40003
0 368 0 0 40003
0 369 0 0 40003
0 370 0 0 40003
0 371 0 0 40003
0 372 0 0 40003
0 373 0 0 40003
0 374 0 0 40003
0 375 0 0 40003
0 376 0 0 40003
0 377 0 0 40003
0 378 0 0 40003
0 379 0 0 40003
0 380 0 0 40003
0 381 0 0 40003
0 382 0 0 40003
0 383 0 0 40003
0 384 0 0 40003
0 385 0 0 40003
0 386 0 0 40003
0 387 0 0 40003
0 388 0 0 40003
0 389 0 0 40003
0 390 0 0 40003
0 391 0 0 40003
0 392 0 0 40003
0 393 0 0 40003
0 394 0 0 40003
0 395 0 0 40003
0 396 0 0 40003
0 397 0 0 40003
0 398 0 0 40003
0 399 0 0 40003
0 400 0 0 40003
0 301 0 0 40003
0 302 0 0 40003
0 303 0 0 40003
0 304 0 0 40003
0 305 0 0 40003
0 306 0 0 40003
0 307 0 0 40003
0 308 0 0 40003
0 309 0 0 40003
0 310 0 0 40003
0 311 0 0 40003
0 312 0 0 40003
0 313 0 0 40003
0 314 0 0 40003
0 315 0 0 40003
0 316 0 0 40003
0 317 0 0 40003
0 318 0 0 40003
0 319 0 0 40003
0 320 0 0 40003
0 321 0 0 40003
0 322 0 0 40003
0 323 0 0 40003
0 324 0 0 40003
0 325 0 0 40003
0 326 0 0 40003
0 327 0 0 40003
0 328 0 0 40003
0 329 0 0 40003
0 330 0 0 40003
0 331 0 0 40003
0 332 0 0 40003
0 333 0 0 40003
0 334 0 0 40003
0 335 0 0 40003
0 336 0 0 40003
0 337 0 0 40003
0 338 0 0 40003
0 339 0 0 40003
0 340 0 0 40003
0 341 0 0 40003
0 342 0 0 40003
0 343 0 0 40003
0 344 0 0 40003
0 345 0 0 40003
0 346 0 0 40003
0 347 0 0 40003
0 348 0 0 40003
0 349 0 0 40003
0 350 0 0 40003
0 351 0 0 40003
0 352 0 0 40003
0 353 0 0 40003
0 354 0 0 40003
0 355 0 0 40003
0 356 0 0 40003
0 357 0 0 40003
0 358 0 0 40003
0 359 0 0 40003
0 360 0 0 40003
0 361 0 0 40003
0 362 0 0 40003
0 363 0 0 40003
0 364 0 0 40003
0 365 0 0 40003
0 366 0 0 40003
0 367 0 0 40003
0 368 0 0 40003
0 369 0 0 40003
0 370 0 0 40003
0 371 0 0 40003
0 372 0 0 40003
0 373 0 0 40003
0 374 0 0 40003
0 375 0 0 40003
0 376 0 0 40003
0 377 0 0 40003
0 378 0 0 40003
0 379 0 0 40003
0 380 0 0 40003
0 381 0 0 40003
0 382 0 0 40003
0 383 0 0 40003
0 384 0 0 40003
0 385 0 0 40003
0 386 0 0 40003
0 387 0 0 40003
0 388 0 0 40003
0 389 0 0 40003
0 390 0 0 40003
0 391 0 0 40003
0 392 0 0 40003
0 393 0 0 40003
0 394 0 0 40003
0 395 0 0 40003
0 396 0 0 40003
0 397 0 0 40003
0 398 0 0 40003
0 399 0 0 40003
0 400 0 0 40003
0 301 0 0 40003
0 302 0 0 40003
0 303 0 0 40003
0 304 0 0 40003
0 305 0 0 40003
0 306 0 0 40003
0 307 0 0 40003
0 308 0 0 40003
0 309 0 0 40003
0 310 0 0 40003
0 311 0 0 40003
0 312 0 0 40003
0 313 0 0 40003
0 314 0 0 40003
0 315 0 0 40003
0 316 0 0 40003
0 317 0 0 40003
0 318 0 0 40003
0 319 0 0 40003
0 320 0 0 40003
0 321 0 0 40003
0 322 0 0 40003
0 323 0 0 40003
0 324 0 0 40003
0 325 0 0 40003
0 326 0 0 40003
0 327 0 0 40003
0 328 0 0 40003
0 329 0 0 40003
0 330 0 0 40003
0 331 0 0 40003
0 332 0 0 40003
0 333 0 0 40003
0 334 0 0 40003
0 335 0 0 40003
0 336 0 0 40003
0 337 0 0 40003
0 338 0 0 40003
0 339 0 0 40003
0 340 0 0 40003
0 341 0 0 40003
0 342 0 0 40003
0 343 0 0 40003
0 344 0 0 40003
0 345 0 0 40003
0 346 0 0 40003
0 347 0 0 40003
0 348 0 0 40003
0 349 0 0 40003
0 350 0 0 40003
0 351 0 0 40003
0 352 0 0 40003
0 353 0 0 40003
0 354 0 0 40003
0 355 0 0 40003
0 356 0 0 40003
0 357 0 0 40003
0 358 0 0 40003
0 359 0 0 40003
0 360 0 0 40003
0 361 0 0 40003
0 362 0 0 40003
0 363 0 0 40003
0 364 0 0 40003
0 365 0 0 40003
0 366 0 0 40003
0 367 0 0 40003
0 368 0 0 40003
0 369 0 0 40003
0 370 0 0 40003
0 371 0 0 40003
0 372 0 0 40003
0 373 0 0 40003
0 374 0 0 40003
0 375 0 0 40003
0 376 0 0 40003
0 377 0 0 40003
0 378 0 0 40003
0 379 0 0 40003
0 380 0 0 40003
0 381 0 0 40003
0 382 0 0 40003
0 383 0 0 40003
0 384 0 0 40003
0 385 0 0 40003
0 386 0 0 40003
0 387 0 0 40003
0 388 0 0 40003
0 389 0 0 40003
0 390 0 0 40003
0 391 0 0 40003
0 392 0 0 40003
0 393 0 0 40003
0 394 0 0 40003
0 395 0 0 40003
0 396 0 0 40003
0 397 0 0 40003
0 398 0 0 40003
0 399 0 0 40003
0 400 0 0 40003
0 0 0 0 70003
0 0 0 0 70003
0 0 0 0 70003
0 0 0 0 70003
0 0 0 0 70003
0 0 0 0 70003
0 0 0 0 70003
0 0 0 0 70003
0 0 0 0 70003
0 0 0 0 70003
0 0 0 0 70003
0 0 0 0 70003
0 0 0 0 70003
0 0 0 0 70003
0 0 0 0 70003
0 0 0 0 70003
0 0 0 0 70003
0 0 0 0 70003
0 0 0 0 70003
0 0 0 0 70003
0 0 0 0 70003
0 0 0 0 70003
0 0 0 0 70003
0 0 0 0 70003
0 0 0 0 70003
0 0 0 0 70003
0 0 0 0 70003
0 0 0 0 70003
0 0 0 0 70003
0 0 0 0 70003
0 0 0 0 70003
0 0 0 0 70003
0 0 0 0 70003
0 0 0 0 70003
0 0 0 0 70003
0 0 0 0 70003
0 0 0 0 70003
0 0 0 0 70003
0 0 0 0 70003
0 0 0 0 70003
0 0 0 0 70003
0 0 0 0 70003
0 0 0 0 70003
0 0 0 0 70003
0 0 0 0 70003
0 0 0 0 70003
0 0 0 0 70003
0 0 0 0 70003
0 0 0 0 70003
0 0 0 0 70003
0 0 0 0 70003
0 0 0 0 70003
0 0 0 0 70003
0 0 0 0 70003
0 0 0 0 70003
0 0 0 0 70003
0 0 0 0 70003
0 0 0 0 70003
0 0 0 0 70003
0 0 0 0 70003
0 0 0 0 70003
0 0 0 0 70003
0 0 0 0 70003
0 0 0 0 70003
0 0 0 0 70003
0 0 0 0 70003
0 0 0 0 70003
0 0 0 0 70003
0 0 0 0 70003
0 0 0 0 70003
0 0 0 0 70003
0 0 0 0 70003
0 0 0 0 70003
0 0 0 0 70003
0 0 0 0 70003
0 0 0 0 70003
0 0 0 0 70003
0 0 0 0 70003
0 0 0 0 70003
0 0 0 0 70003
0 0 0 0 70003
0 0 0 0 70003
0 0 0 0 70003
0 0 0 0 70003
0 0 0 0 70003
0 0 0 0 70003
0 0 0 0 70003
0 0 0 0 70003
0 0 0 0 70003
0 0 0 0 70003
0 0 0 0 70003
0 0 0 0 70003
0 0 0 0 70003
0 0 0 0 70003
0 0 0 0 70003
0 0 0 0 70003
0 0 0 0 70003
0 0 0 0 70003
0 0 0 0 70003
0 0 0 0 70003
0 601 0 0 70003
0 602 0 0 70003
0 603 0 0 70003
0 604 0 0 70003
0 605 0 0 70003
0 606 0 0 70003
0 607 0 0 70003
0 608 0 0 70003
0 609 0 0 70003
0 610 0 0 70003
0 611 0 0 70003
0 612 0 0 70003
0 613 0 0 70003
0 614 0 0 70003
0 615 0 0 70003
0 616 0 0 70003
0 617 0 0 70003
0 618 0 0 70003
0 619 0 0 70003
0 620 0 0 70003
0 621 0 0 70003
0 622 0 0 70003
0 623 0 0 70003
0 624 0 0 70003
0 625 0 0 70003
0 626 0 0 70003
0 627 0 0 70003
0 628 0 0 70003
0 629 0 0 70003
0 630 0 0 70003
0 631 0 0 70003
0 632 0 0 70003
0 633 0 0 70003
0 634 0 0 70003
0 635 0 0 70003
0 636 0 0 70003
0 637 0 0 70003
0 638 0 0 70003
0 639 0 0 70003
0 640 0 0 70003
0 641 0 0 70003
0 642 0 0 70003
0 643 0 0 70003
0 644 0 0 70003
0 645 0 0 70003
0 646 0 0 70003
0 647 0 0 70003
0 648 0 0 70003
0 649 0 0 70003
0 650 0 0 70003
0 651 0 0 70003
0 652 0 0 70003
0 653 0 0 70003
0 654 0 0 70003
0 655 0 0 70003
0 656 0 0 70003
0 657 0 0 70003
0 658 0 0 70003
0 659 0 0 70003
0 660 0 0 70003
0 661 0 0 70003
0 662 0 0 70003
0 663 0 0 70003
0 664 0 0 70003
0 665 0 0 70003
0 666 0 0 70003
0 667 0 0 70003
0 668 0 0 70003
0 669 0 0 70003
0 670 0 0 70003
0 671 0 0 70003
0 672 0 0 70003
0 673 0 0 70003
0 674 0 0 70003
0 675 0 0 70003
0 676 0 0 70003
0 677 0 0 70003
0 678 0 0 70003
0 679 0 0 70003
0 680 0 0 70003
0 681 0 0 70003
0 682 0 0 70003
0 683 0 0 70003
0 684 0 0 70003
0 685 0 0 70003
0 686 0 0 70003
0 687 0 0 70003
0 688 0 0 70003
0 689 0 0 70003
0 690 0 0 70003
0 691 0 0 70003
0 692 0 0 70003
0 693 0 0 70003
0 694 0 0 70003
0 695 0 0 70003
0 696 0 0 70003
0 697 0 0 70003
0 698 0 0 70003
0 699 0 0 70003
0 700 0 0 70003
0 601 0 0 70003
0 602 0 0 70003
0 603 0 0 70003
0 604 0 0 70003
0 605 0 0 70003
0 606 0 0 70003
0 607 0 0 70003
0 608 0 0 70003
0 609 0 0 70003
0 610 0 0 70003
0 611 0 0 70003
0 612 0 0 70003
0 613 0 0 70003
0 614 0 0 70003
0 615 0 0 70003
0 616 0 0 70003
0 617 0 0 70003
0 618 0 0 70003
0 619 0 0 70003
0 620 0 0 70003
0 621 0 0 70003
0 622 0 0 70003
0 623 0 0 70003
0 624 0 0 70003
0 625 0 0 70003
0 626 0 0 70003
0 627 0 0 70003
0 628 0 0 70003
0 629 0 0 70003
0 630 0 0 70003
0 631 0 0 70003
0 632 0 0 70003
0 633 0 0 70003
0 634 0 0 70003
0 635 0 0 70003
0 636 0 0 70003
0 637 0 0 70003
0 638 0 0 70003
0 639 0 0 70003
0 640 0 0 70003
0 641 0 0 70003
0 642 0 0 70003
0 643 0 0 70003
0 644 0 0 70003
0 645 0 0 70003
0 646 0 0 70003
0 647 0 0 70003
0 648 0 0 70003
0 649 0 0 70003
0 650 0 0 70003
0 651 0 0 70003
0 652 0 0 70003
0 653 0 0 70003
0 654 0 0 70003
0 655 0 0 70003
0 656 0 0 70003
0 657 0 0 70003
0 658 0 0 70003
0 659 0 0 70003
0 660 0 0 70003
0 661 0 0 70003
0 662 0 0 70003
0 663 0 0 70003
0 664 0 0 70003
0 665 0 0 70003
0 666 0 0 70003
0 667 0 0 70003
0 668 0 0 70003
0 669 0 0 70003
0 670 0 0 70003
0 671 0 0 70003
0 672 0 0 70003
0 673 0 0 70003
0 674 0 0 70003
0 675 0 0 70003
0 676 0 0 70003
0 677 0 0 70003
0 678 0 0 70003
0 679 0 0 70003
0 680 0 0 70003
0 681 0 0 70003
0 682 0 0 70003
0 683 0 0 70003
0 684 0 0 70003
0 685 0 0 70003
0 686 0 0 70003
0 687 0 0 70003
0 688 0 0 70003
0 689 0 0 70003
0 690 0 0 70003
0 691 0 0 70003
0 692 0 0 70003
0 693 0 0 70003
0 694 0 0 70003
0 695 0 0 70003
0 696 0 0 70003
0 697 0 0 70003
0 698 0 0 70003
0 699 0 0 70003
0 700 0 0 70003
0 601 0 0 70003
0 602 0 0 70003
0 603 0 0 70003
0 604 0 0 70003
0 605 0 0 70003
0 606 0 0 70003
0 607 0 0 70003
0 608 0 0 70003
0 609 0 0 70003
0 610 0 0 70003
0 611 0 0 70003
0 612 0 0 70003
0 613 0 0 70003
0 614 0 0 70003
0 615 0 0 70003
0 616 0 0 70003
0 617 0 0 70003
0 618 0 0 70003
0 619 0 0 70003
0 620 0 0 70003
0 621 0 0 70003
0 622 0 0 70003
0 623 0 0 70003
0 624 0 0 70003
0 625 0 0 70003
0 626 0 0 70003
0 627 0 0 70003
0 628 0 0 70003
0 629 0 0 70003
0 630 0 0 70003
0 631 0 0 70003
0 632 0 0 70003
0 633 0 0 70003
0 634 0 0 70003
0 635 0 0 70003
0 636 0 0 70003
0 637 0 0 70003
0 638 0 0 70003
0 639 0 0 70003
0 640 0 0 70003
0 641 0 0 70003
0 642 0 0 70003
0 643 0 0 70003
0 644 0 0 70003
0 645 0 0 70003
0 646 0 0 70003
0 647 0 0 70003
0 648 0 0 70003
0 649 0 0 70003
0 650 0 0 70003
0 651 0 0 70003
0 652 0 0 70003
0 653 0 0 70003
0 654 0 0 70003
0 655 0 0 70003
0 656 0 0 70003
0 657 0 0 70003
0 658 0 0 70003
0 659 0 0 70003
0 660 0 0 70003
0 661 0 0 70003
0 662 0 0 70003
0 663 0 0 70003
0 664 0 0 70003
0 665 0 0 70003
0 666 0 0 70003
0 667 0 0 70003
0 668 0 0 70003
0 669 0 0 70003
0 670 0 0 70003
0 671 0 0 70003
0 672 0 0 70003
0 673 0 0 70003
0 674 0 0 70003
0 675 0 0 70003
0 676 0 0 70003
0 677 0 0 70003
0 678 0 0 70003
0 679 0 0 70003
0 680 0 0 70003
0 681 0 0 70003
0 682 0 0 70003
0 683 0 0 70003
0 684 0 0 70003
0 685 0 0 70003
0 686 0 0 70003
0 687 0 0 70003
0 688 0 0 70003
0 689 0 0 70003
0 690 0 0 70003
0 691 0 0 70003
0 692 0 0 70003
0 693 0 0 70003
0 694 0 0 70003
0 695 0 0 70003
0 696 0 0 70003
0 697 0 0 70003
0 698 0 0 70003
0 699 0 0 70003
0 700 0 0 70003
0 601 0 0 70003
0 602 0 0 70003
0 603 0 0 70003
0 604 0 0 70003
0 605 0 0 70003
0 606 0 0 70003
0 607 0 0 70003
0 608 0 0 70003
0 609 0 0 70003
0 610 0 0 70003
0 611 0 0 70003
0 612 0 0 70003
0 613 0 0 70003
0 614 0 0 70003
0 615 0 0 70003
0 616 0 0 70003
0 617 0 0 70003
0 618 0 0 70003
0 619 0 0 70003
0 620 0 0 70003
0 621 0 0 70003
0 622 0 0 70003
0 623 0 0 70003
0 624 0 0 70003
0 625 0 0 70003
0 626 0 0 70003
0 627 0 0 70003
0 628 0 0 70003
0 629 0 0 70003
0 630 0 0 70003
0 631 0 0 70003
0 632 0 0 70003
0 633 0 0 70003
0 634 0 0 70003
0 635 0 0 70003
0 636 0 0 70003
0 637 0 0 70003
0 638 0 0 70003
0 639 0 0 70003
0 640 0 0 70003
0 641 0 0 70003
0 642 0 0 70003
0 643 0 0 70003
0 644 0 0 70003
0 645 0 0 70003
0 646 0 0 70003
0 647 0 0 70003
0 648 0 0 70003
0 649 0 0 70003
0 650 0 0 70003
0 651 0 0 70003
0 652 0 0 70003
0 653 0 0 70003
0 654 0 0 70003
0 655 0 0 70003
0 656 0 0 70003
0 657 0 0 70003
0 658 0 0 70003
0 659 0 0 70003
0 660 0 0 70003
0 661 0 0 70003
0 662 0 0 70003
0 663 0 0 70003
0 664 0 0 70003
0 665 0 0 70003
0 666 0 0 70003
0 667 0 0 70003
0 668 0 0 70003
0 669 0 0 70003
0 670 0 0 70003
0 671 0 0 70003
0 672 0 0 70003
0 673 0 0 70003
0 674 0 0 70003
0 675 0 0 70003
0 676 0 0 70003
0 677 0 0 70003
0 678 0 0 70003
0 679 0 0 70003
0 680 0 0 70003
0 681 0 0 70003
0 682 0 0 70003
0 683 0 0 70003
0 684 0 0 70003
0 685 0 0 70003
0 686 0 0 70003
0 687 0 0 70003
0 688 0 0 70003
0 689 0 0 70003
0 690 0 0 70003
0 691 0 0 70003
0 692 0 0 70003
0 693 0 0 70003
0 694 0 0 70003
0 695 0 0 70003
0 696 0 0 70003
0 697 0 0 70003
0 698 0 0 70003
0 699 0 0 70003
0 700 0 0 70003
0 601 0 0 70003
0 602 0 0 70003
0 603 0 0 70003
0 604 0 0 70003
0 605 0 0 70003
0 606 0 0 70003
0 607 0 0 70003
0 608 0 0 70003
0 609 0 0 70003
0 610 0 0 70003
0 611 0 0 70003
0 612 0 0 70003
0 613 0 0 70003
0 614 0 0 70003
0 615 0 0 70003
0 616 0 0 70003
0 617 0 0 70003
0 618 0 0 70003
0 619 0 0 70003
0 620 0 0 70003
0 621 0 0 70003
0 622 0 0 70003
0 623 0 0 70003
0 624 0 0 70003
0 625 0 0 70003
0 626 0 0 70003
0 627 0 0 70003
0 628 0 0 70003
0 629 0 0 70003
0 630 0 0 70003
0 631 0 0 70003
0 632 0 0 70003
0 633 0 0 70003
0 634 0 0 70003
0 635 0 0 70003
0 636 0 0 70003
0 637 0 0 70003
0 638 0 0 70003
0 639 0 0 70003
0 640 0 0 70003
0 641 0 0 70003
0 642 0 0 70003
0 643 0 0 70003
0 644 0 0 70003
0 645 0 0 70003
0 646 0 0 70003
0 647 0 0 70003
0 648 0 0 70003
0 649 0 0 70003
0 650 0 0 70003
0 651 0 0 70003
0 652 0 0 70003
0 653 0 0 70003
0 654 0 0 70003
0 655 0 0 70003
0 656 0 0 70003
0 657 0 0 70003
0 658 0 0 70003
0 659 0 0 70003
0 660 0 0 70003
0 661 0 0 70003
0 662 0 0 70003
0 663 0 0 70003
0 664 0 0 70003
0 665 0 0 70003
0 666 0 0 70003
0 667 0 0 70003
0 668 0 0 70003
0 669 0 0 70003
0 670 0 0 70003
0 671 0 0 70003
0 672 0 0 70003
0 673 0 0 70003
0 674 0 0 70003
0 675 0 0 70003
0 676 0 0 70003
0 677 0 0 70003
0 678 0 0 70003
0 679 0 0 70003
0 680 0 0 70003
0 681 0 0 70003
0 682 0 0 70003
0 683 0 0 70003
0 684 0 0 70003
0 685 0 0 70003
0 686 0 0 70003
0 687 0 0 70003
0 688 0 0 70003
0 689 0 0 70003
0 690 0 0 70003
0 691 0 0 70003
0 692 0 0 70003
0 693 0 0 70003
0 694 0 0 70003
0 695 0 0 70003
0 696 0 0 70003
0 697 0 0 70003
0 698 0 0 70003
0 699 0 0 70003
0 700 0 0 70003
0 0 0 0 20003
0 0 0 0 20003
0 0 0 0 20003
0 0 0 0 20003
0 0 0 0 20003
0 0 0 0 20003
0 0 0 0 20003
0 0 0 0 20003
0 0 0 0 20003
0 0 0 0 20003
0 0 0 0 20003
0 0 0 0 20003
0 0 0 0 20003
0 0 0 0 20003
0 0 0 0 20003
0 0 0 0 20003
0 0 0 0 20003
0 0 0 0 20003
0 0 0 0 20003
0 0 0 0 20003
0 0 0 0 20003
0 0 0 0 20003
0 0 0 0 20003
0 0 0 0 20003
0 0 0 0 20003
0 0 0 0 20003
0 0 0 0 20003
0 0 0 0 20003
0 0 0 0 20003
0 0 0 0 20003
0 0 0 0 20003
0 0 0 0 20003
0 0 0 0 20003
0 0 0 0 20003
0 0 0 0 20003
0 0 0 0 20003
0 0 0 0 20003
0 0 0 0 20003
0 0 0 0 20003
0 0 0 0 20003
0 0 0 0 20003
0 0 0 0 20003
0 0 0 0 20003
0 0 0 0 20003
0 0 0 0 20003
0 0 0 0 20003
0 0 0 0 20003
0 0 0 0 20003
0 0 0 0 20003
0 0 0 0 20003
0 0 0 0 20003
0 0 0 0 20003
0 0 0 0 20003
0 0 0 0 20003
0 0 0 0 20003
0 0 0 0 20003
0 0 0 0 20003
0 0 0 0 20003
0 0 0 0 20003
0 0 0 0 20003
0 0 0 0 20003
0 0 0 0 20003
0 0 0 0 20003
0 0 0 0 20003
0 0 0 0 20003
0 0 0 0 20003
0 0 0 0 20003
0 0 0 0 20003
0 0 0 0 20003
0 0 0 0 20003
0 0 0 0 20003
0 0 0 0 20003
0 0 0 0 20003
0 0 0 0 20003
0 0 0 0 20003
0 0 0 0 20003
0 0 0 0 20003
0 0 0 0 20003
0 0 0 0 20003
0 0 0 0 20003
0 0 0 0 20003
0 0 0 0 20003
0 0 0 0 20003
0 0 0 0 20003
0 0 0 0 20003
0 0 0 0 20003
0 0 0 0 20003
0 0 0 0 20003
0 0 0 0 20003
0 0 0 0 20003
0 0 0 0 20003
0 0 0 0 20003
0 0 0 0 20003
0 0 0 0 20003
0 0 0 0 20003
0 0 0 0 20003
0 0 0 0 20003
0 0 0 0 20003
0 0 0 0 20003
0 0 0 0 20003
0 101 0 0 20003
0 102 0 0 20003
0 103 0 0 20003
0 104 0 0 20003
0 105 0 0 20003
0 106 0 0 20003
0 107 0 0 20003
0 108 0 0 20003
0 109 0 0 20003
0 110 0 0 20003
0 111 0 0 20003
0 112 0 0 20003
0 113 0 0 20003
0 114 0 0 20003
0 115 0 0 20003
0 116 0 0 20003
0 117 0 0 20003
0 118 0 0 20003
0 119 0 0 20003
0 120 0 0 20003
0 121 0 0 20003
0 122 0 0 20003
0 123 0 0 20003
0 124 0 0 20003
0 125 0 0 20003
0 126 0 0 20003
0 127 0 0 20003
0 128 0 0 20003
0 129 0 0 20003
0 130 0 0 20003
0 131 0 0 20003
0 132 0 0 20003
0 133 0 0 20003
0 134 0 0 20003
0 135 0 0 20003
0 136 0 0 20003
0 137 0 0 20003
0 138 0 0 20003
0 139 0 0 20003
0 140 0 0 20003
0 141 0 0 20003
0 142 0 0 20003
0 143 0 0 20003
0 144 0 0 20003
0 145 0 0 20003
0 146 0 0 20003
0 147 0 0 20003
0 148 0 0 20003
0 149 0 0 20003
0 150 0 0 20003
0 151 0 0 20003
0 152 0 0 20003
0 153 0 0 20003
0 154 0 0 20003
0 155 0 0 20003
0 156 0 0 20003
0 157 0 0 20003
0 158 0 0 20003
0 159 0 0 20003
0 160 0 0 20003
0 161 0 0 20003
0 162 0 0 20003
0 163 0 0 20003
0 164 0 0 20003
0 165 0 0 20003
0 166 0 0 20003
0 167 0 0 20003
0 168 0 0 20003
0 169 0 0 20003
0 170 0 0 20003
0 171 0 0 20003
0 172 0 0 20003
0 173 0 0 20003
0 174 0 0 20003
0 175 0 0 20003
0 176 0 0 20003
0 177 0 0 20003
0 178 0 0 20003
0 179 0 0 20003
0 180 0 0 20003
0 181 0 0 20003
0 182 0 0 20003
0 183 0 0 20003
0 184 0 0 20003
0 185 0 0 20003
0 186 0 0 20003
0 187 0 0 20003
0 188 0 0 20003
0 189 0 0 20003
0 190 0 0 20003
0 191 0 0 20003
0 192 0 0 20003
0 193 0 0 20003
0 194 0 0 20003
0 195 0 0 20003
0 196 0 0 20003
0 197 0 0 20003
0 198 0 0 20003
0 199 0 0 20003
0 200 0 0 20003
0 101 0 0 20003
0 102 0 0 20003
0 103 0 0 20003
0 104 0 0 20003
0 105 0 0 20003
0 106 0 0 20003
0 107 0 0 20003
0 108 0 0 20003
0 109 0 0 20003
0 110 0 0 20003
0 111 0 0 20003
0 112 0 0 20003
0 113 0 0 20003
0 114 0 0 20003
0 115 0 0 20003
0 116 0 0 20003
0 117 0 0 20003
0 118 0 0 20003
0 119 0 0 20003
0 120 0 0 20003
0 121 0 0 20003
0 122 0 0 20003
0 123 0 0 20003
0 124 0 0 20003
0 125 0 0 20003
0 126 0 0 20003
0 127 0 0 20003
0 128 0 0 20003
0 129 0 0 20003
0 130 0 0 20003
0 131 0 0 20003
0 132 0 0 20003
0 133 0 0 20003
0 134 0 0 20003
0 135 0 0 20003
0 136 0 0 20003
0 137 0 0 20003
0 138 0 0 20003
0 139 0 0 20003
0 140 0 0 20003
0 141 0 0 20003
0 142 0 0 20003
0 143 0 0 20003
0 144 0 0 20003
0 145 0 0 20003
0 146 0 0 20003
0 147 0 0 20003
0 148 0 0 20003
0 149 0 0 20003
0 150 0 0 20003
0 151 0 0 20003
0 152 0 0 20003
0 153 0 0 20003
0 154 0 0 20003
0 155 0 0 20003
0 156 0 0 20003
0 157 0 0 20003
0 158 0 0 20003
0 159 0 0 20003
0 160 0 0 20003
0 161 0 0 20003
0 162 0 0 20003
0 163 0 0 20003
0 164 0 0 20003
0 165 0 0 20003
0 166 0 0 20003
0 167 0 0 20003
0 168 0 0 20003
0 169 0 0 20003
0 170 0 0 20003
0 171 0 0 20003
0 172 0 0 20003
0 173 0 0 20003
0 174 0 0 20003
0 175 0 0 20003
0 176 0 0 20003
0 177 0 0 20003
0 178 0 0 20003
0 179 0 0 20003
0 180 0 0 20003
0 181 0 0 20003
0 182 0 0 20003
0 183 0 0 20003
0 184 0 0 20003
0 185 0 0 20003
0 186 0 0 20003
0 187 0 0 20003
0 188 0 0 20003
0 189 0 0 20003
0 190 0 0 20003
0 191 0 0 20003
0 192 0 0 20003
0 193 0 0 20003
0 194 0 0 20003
0 195 0 0 20003
0 196 0 0 20003
0 197 0 0 20003
0 198 0 0 20003
0 199 0 0 20003
0 200 0 0 20003
0 101 0 0 20003
0 102 0 0 20003
0 103 0 0 20003
0 104 0 0 20003
0 105 0 0 20003
0 106 0 0 20003
0 107 0 0 20003
0 108 0 0 20003
0 109 0 0 20003
0 110 0 0 20003
0 111 0 0 20003
0 112 0 0 20003
0 113 0 0 20003
0 114 0 0 20003
0 115 0 0 20003
0 116 0 0 20003
0 117 0 0 20003
0 118 0 0 20003
0 119 0 0 20003
0 120 0 0 20003
0 121 0 0 20003
0 122 0 0 20003
0 123 0 0 20003
0 124 0 0 20003
0 125 0 0 20003
0 126 0 0 20003
0 127 0 0 20003
0 128 0 0 20003
0 129 0 0 20003
0 130 0 0 20003
0 131 0 0 20003
0 132 0 0 20003
0 133 0 0 20003
0 134 0 0 20003
0 135 0 0 20003
0 136 0 0 20003
0 137 0 0 20003
0 138 0 0 20003
0 139 0 0 20003
0 140 0 0 20003
0 141 0 0 20003
0 142 0 0 20003
0 143 0 0 20003
0 144 0 0 20003
0 145 0 0 20003
0 146 0 0 20003
0 147 0 0 20003
0 148 0 0 20003
0 149 0 0 20003
0 150 0 0 20003
0 151 0 0 20003
0 152 0 0 20003
0 153 0 0 20003
0 154 0 0 20003
0 155 0 0 20003
0 156 0 0 20003
0 157 0 0 20003
0 158 0 0 20003
0 159 0 0 20003
0 160 0 0 20003
0 161 0 0 20003
0 162 0 0 20003
0 163 0 0 20003
0 164 0 0 20003
0 165 0 0 20003
0 166 0 0 20003
0 167 0 0 20003
0 168 0 0 20003
0 169 0 0 20003
0 170 0 0 20003
0 171 0 0 20003
0 172 0 0 20003
0 173 0 0 20003
0 174 0 0 20003
0 175 0 0 20003
0 176 0 0 20003
0 177 0 0 20003
0 178 0 0 20003
0 179 0 0 20003
0 180 0 0 20003
0 181 0 0 20003
0 182 0 0 20003
0 183 0 0 20003
0 184 0 0 20003
0 185 0 0 20003
0 186 0 0 20003
0 187 0 0 20003
0 188 0 0 20003
0 189 0 0 20003
0 190 0 0 20003
0 191 0 0 20003
0 192 0 0 20003
0 193 0 0 20003
0 194 0 0 20003
0 195 0 0 20003
0 196 0 0 20003
0 197 0 0 20003
0 198 0 0 20003
0 199 0 0 20003
0 200 0 0 20003
0 101 0 0 20003
0 102 0 0 20003
0 103 0 0 20003
0 104 0 0 20003
0 105 0 0 20003
0 106 0 0 20003
0 107 0 0 20003
0 108 0 0 20003
0 109 0 0 20003
0 110 0 0 20003
0 111 0 0 20003
0 112 0 0 20003
0 113 0 0 20003
0 114 0 0 20003
0 115 0 0 20003
0 116 0 0 20003
0 117 0 0 20003
0 118 0 0 20003
0 119 0 0 20003
0 120 0 0 20003
0 121 0 0 20003
0 122 0 0 20003
0 123 0 0 20003
0 124 0 0 20003
0 125 0 0 20003
0 126 0 0 20003
0 127 0 0 20003
0 128 0 0 20003
0 129 0 0 20003
0 130 0 0 20003
0 131 0 0 20003
0 132 0 0 20003
0 133 0 0 20003
0 134 0 0 20003
0 135 0 0 20003
0 136 0 0 20003
0 137 0 0 20003
0 138 0 0 20003
0 139 0 0 20003
0 140 0 0 20003
0 141 0 0 20003
0 142 0 0 20003
0 143 0 0 20003
0 144 0 0 20003
0 145 0 0 20003
0 146 0 0 20003
0 147 0 0 20003
0 148 0 0 20003
0 149 0 0 20003
0 150 0 0 20003
0 151 0 0 20003
0 152 0 0 20003
0 153 0 0 20003
0 154 0 0 20003
0 155 0 0 20003
0 156 0 0 20003
0 157 0 0 20003
0 158 0 0 20003
0 159 0 0 20003
0 160 0 0 20003
0 161 0 0 20003
0 162 0 0 20003
0 163 0 0 20003
0 164 0 0 20003
0 165 0 0 20003
0 166 0 0 20003
0 167 0 0 20003
0 168 0 0 20003
0 169 0 0 20003
0 170 0 0 20003
0 171 0 0 20003
0 172 0 0 20003
0 173 0 0 20003
0 174 0 0 20003
0 175 0 0 20003
0 176 0 0 20003
0 177 0 0 20003
0 178 0 0 20003
0 179 0 0 20003
0 180 0 0 20003
0 181 0 0 20003
0 182 0 0 20003
0 183 0 0 20003
0 184 0 0 20003
0 185 0 0 20003
0 186 0 0 20003
0 187 0 0 20003
0 188 0 0 20003
0 189 0 0 20003
0 190 0 0 20003
0 191 0 0 20003
0 192 0 0 20003
0 193 0 0 20003
0 194 0 0 20003
0 195 0 0 20003
0 196 0 0 20003
0 197 0 0 20003
0 198 0 0 20003
0 199 0 0 20003
0 200 0 0 20003
0 101 0 0 20003
0 102 0 0 20003
0 103 0 0 20003
0 104 0 0 20003
0 105 0 0 20003
0 106 0 0 20003
0 107 0 0 20003
0 108 0 0 20003
0 109 0 0 20003
0 110 0 0 20003
0 111 0 0 20003
0 112 0 0 20003
0 113 0 0 20003
0 114 0 0 20003
0 115 0 0 20003
0 116 0 0 20003
0 117 0 0 20003
0 118 0 0 20003
0 119 0 0 20003
0 120 0 0 20003
0 121 0 0 20003
0 122 0 0 20003
0 123 0 0 20003
0 124 0 0 20003
0 125 0 0 20003
0 126 0 0 20003
0 127 0 0 20003
0 128 0 0 20003
0 129 0 0 20003
0 130 0 0 20003
0 131 0 0 20003
0 132 0 0 20003
0 133 0 0 20003
0 134 0 0 20003
0 135 0 0 20003
0 136 0 0 20003
0 137 0 0 20003
0 138 0 0 20003
0 139 0 0 20003
0 140 0 0 20003
0 141 0 0 20003
0 142 0 0 20003
0 143 0 0 20003
0 144 0 0 20003
0 145 0 0 20003
0 146 0 0 20003
0 147 0 0 20003
0 148 0 0 20003
0 149 0 0 20003
0 150 0 0 20003
0 151 0 0 20003
0 152 0 0 20003
0 153 0 0 20003
0 154 0 0 20003
0 155 0 0 20003
0 156 0 0 20003
0 157 0 0 20003
0 158 0 0 20003
0 159 0 0 20003
0 160 0 0 20003
0 161 0 0 20003
0 162 0 0 20003
0 163 0 0 20003
0 164 0 0 20003
0 165 0 0 20003
0 166 0 0 20003
0 167 0 0 20003
0 168 0 0 20003
0 169 0 0 20003
0 170 0 0 20003
0 171 0 0 20003
0 172 0 0 20003
0 173 0 0 20003
0 174 0 0 20003
0 175 0 0 20003
0 176 0 0 20003
0 177 0 0 20003
0 178 0 0 20003
0 179 0 0 20003
0 180 0 0 20003
0 181 0 0 20003
0 182 0 0 20003
0 183 0 0 20003
0 184 0 0 20003
0 185 0 0 20003
0 186 0 0 20003
0 187 0 0 20003
0 188 0 0 20003
0 189 0 0 20003
0 190 0 0 20003
0 191 0 0 20003
0 192 0 0 20003
0 193 0 0 20003
0 194 0 0 20003
0 195 0 0 20003
0 196 0 0 20003
0 197 0 0 20003
0 198 0 0 20003
0 199 0 0 20003
0 200 0 0 20003
0 0 0 0 50003
0 0 0 0 50003
0 0 0 0 50003
0 0 0 0 50003
0 0 0 0 50003
0 0 0 0 50003
0 0 0 0 50003
0 0 0 0 50003
0 0 0 0 50003
0 0 0 0 50003
0 0 0 0 50003
0 0 0 0 50003
0 0 0 0 50003
0 0 0 0 50003
0 0 0 0 50003
0 0 0 0 50003
0 0 0 0 50003
0 0 0 0 50003
0 0 0 0 50003
0 0 0 0 50003
0 0 0 0 50003
0 0 0 0 50003
0 0 0 0 50003
0 0 0 0 50003
0 0 0 0 50003
0 0 0 0 50003
0 0 0 0 50003
0 0 0 0 50003
0 0 0 0 50003
0 0 0 0 50003
0 0 0 0 50003
0 0 0 0 50003
0 0 0 0 50003
0 0 0 0 50003
0 0 0 0 50003
0 0 0 0 50003
0 0 0 0 50003
0 0 0 0 50003
0 0 0 0 50003
0 0 0 0 50003
0 0 0 0 50003
0 0 0 0 50003
0 0 0 0 50003
0 0 0 0 50003
0 0 0 0 50003
0 0 0 0 50003
0 0 0 0 50003
0 0 0 0 50003
0 0 0 0 50003
0 0 0 0 50003
0 0 0 0 50003
0 0 0 0 50003
0 0 0 0 50003
0 0 0 0 50003
0 0 0 0 50003
0 0 0 0 50003
0 0 0 0 50003
0 0 0 0 50003
0 0 0 0 50003
0 0 0 0 50003
0 0 0 0 50003
0 0 0 0 50003
0 0 0 0 50003
0 0 0 0 50003
0 0 0 0 50003
0 0 0 0 50003
0 0 0 0 50003
0 0 0 0 50003
0 0 0 0 50003
0 0 0 0 50003
0 0 0 0 50003
0 0 0 0 50003
0 0 0 0 50003
0 0 0 0 50003
0 0 0 0 50003
0 0 0 0 50003
0 0 0 0 50003
0 0 0 0 50003
0 0 0 0 50003
0 0 0 0 50003
0 0 0 0 50003
0 0 0 0 50003
0 0 0 0 50003
0 0 0 0 50003
0 0 0 0 50003
0 0 0 0 50003
0 0 0 0 50003
0 0 0 0 50003
0 0 0 0 50003
0 0 0 0 50003
0 0 0 0 50003
0 0 0 0 50003
0 0 0 0 50003
0 0 0 0 50003
0 0 0 0 50003
0 0 0 0 50003
0 0 0 0 50003
0 0 0 0 50003
0 0 0 0 50003
0 0 0 0 50003
0 401 0 0 50003
0 402 0 0 50003
0 403 0 0 50003
0 404 0 0 50003
0 405 0 0 50003
0 406 0 0 50003
0 407 0 0 50003
0 408 0 0 50003
0 409 0 0 50003
0 410 0 0 50003
0 411 0 0 50003
0 412 0 0 50003
0 413 0 0 50003
0 414 0 0 50003
0 415 0 0 50003
0 416 0 0 50003
0 417 0 0 50003
0 418 0 0 50003
0 419 0 0 50003
0 420 0 0 50003
0 421 0 0 50003
0 422 0 0 50003
0 423 0 0 50003
0 424 0 0 50003
0 425 0 0 50003
0 426 0 0 50003
0 427 0 0 50003
0 428 0 0 50003
0 429 0 0 50003
0 430 0 0 50003
0 431 0 0 50003
0 432 0 0 50003
0 433 0 0 50003
0 434 0 0 50003
0 435 0 0 50003
0 436 0 0 50003
0 437 0 0 50003
0 438 0 0 50003
0 439 0 0 50003
0 440 0 0 50003
0 441 0 0 50003
0 442 0 0 50003
0 443 0 0 50003
0 444 0 0 50003
0 445 0 0 50003
0 446 0 0 50003
0 447 0 0 50003
0 448 0 0 50003
0 449 0 0 50003
0 450 0 0 50003
0 451 0 0 50003
0 452 0 0 50003
0 453 0 0 50003
0 454 0 0 50003
0 455 0 0 50003
0 456 0 0 50003
0 457 0 0 50003
0 458 0 0 50003
0 459 0 0 50003
0 460 0 0 50003
0 461 0 0 50003
0 462 0 0 50003
0 463 0 0 50003
0 464 0 0 50003
0 465 0 0 50003
0 466 0 0 50003
0 467 0 0 50003
0 468 0 0 50003
0 469 0 0 50003
0 470 0 0 50003
0 471 0 0 50003
0 472 0 0 50003
0 473 0 0 50003
0 474 0 0 50003
0 475 0 0 50003
0 476 0 0 50003
0 477 0 0 50003
0 478 0 0 50003
0 479 0 0 50003
0 480 0 0 50003
0 481 0 0 50003
0 482 0 0 50003
0 483 0 0 50003
0 484 0 0 50003
0 485 0 0 50003
0 486 0 0 50003
0 487 0 0 50003
0 488 0 0 50003
0 489 0 0 50003
0 490 0 0 50003
0 491 0 0 50003
0 492 0 0 50003
0 493 0 0 50003
0 494 0 0 50003
0 495 0 0 50003
0 496 0 0 50003
0 497 0 0 50003
0 498 0 0 50003
0 499 0 0 50003
0 500 0 0 50003
0 401 0 0 50003
0 402 0 0 50003
0 403 0 0 50003
0 404 0 0 50003
0 405 0 0 50003
0 406 0 0 50003
0 407 0 0 50003
0 408 0 0 50003
0 409 0 0 50003
0 410 0 0 50003
0 411 0 0 50003
0 412 0 0 50003
0 413 0 0 50003
0 414 0 0 50003
0 415 0 0 50003
0 416 0 0 50003
0 417 0 0 50003
0 418 0 0 50003
0 419 0 0 50003
0 420 0 0 50003
0 421 0 0 50003
0 422 0 0 50003
0 423 0 0 50003
0 424 0 0 50003
0 425 0 0 50003
0 426 0 0 50003
0 427 0 0 50003
0 428 0 0 50003
0 429 0 0 50003
0 430 0 0 50003
0 431 0 0 50003
0 432 0 0 50003
0 433 0 0 50003
0 434 0 0 50003
0 435 0 0 50003
0 436 0 0 50003
0 437 0 0 50003
0 438 0 0 50003
0 439 0 0 50003
0 440 0 0 50003
0 441 0 0 50003
0 442 0 0 50003
0 443 0 0 50003
0 444 0 0 50003
0 445 0 0 50003
0 446 0 0 50003
0 447 0 0 50003
0 448 0 0 50003
0 449 0 0 50003
0 450 0 0 50003
0 451 0 0 50003
0 452 0 0 50003
0 453 0 0 50003
0 454 0 0 50003
0 455 0 0 50003
0 456 0 0 50003
0 457 0 0 50003
0 458 0 0 50003
0 459 0 0 50003
0 460 0 0 50003
0 461 0 0 50003
0 462 0 0 50003
0 463 0 0 50003
0 464 0 0 50003
0 465 0 0 50003
0 466 0 0 50003
0 467 0 0 50003
0 468 0 0 50003
0 469 0 0 50003
0 470 0 0 50003
0 471 0 0 50003
0 472 0 0 50003
0 473 0 0 50003
0 474 0 0 50003
0 475 0 0 50003
0 476 0 0 50003
0 477 0 0 50003
0 478 0 0 50003
0 479 0 0 50003
0 480 0 0 50003
0 481 0 0 50003
0 482 0 0 50003
0 483 0 0 50003
0 484 0 0 50003
0 485 0 0 50003
0 486 0 0 50003
0 487 0 0 50003
0 488 0 0 50003
0 489 0 0 50003
0 490 0 0 50003
0 491 0 0 50003
0 492 0 0 50003
0 493 0 0 50003
0 494 0 0 50003
0 495 0 0 50003
0 496 0 0 50003
0 497 0 0 50003
0 498 0 0 50003
0 499 0 0 50003
0 500 0 0 50003
0 401 0 0 50003
0 402 0 0 50003
0 403 0 0 50003
0 404 0 0 50003
0 405 0 0 50003
0 406 0 0 50003
0 407 0 0 50003
0 408 0 0 50003
0 409 0 0 50003
0 410 0 0 50003
0 411 0 0 50003
0 412 0 0 50003
0 413 0 0 50003
0 414 0 0 50003
0 415 0 0 50003
0 416 0 0 50003
0 417 0 0 50003
0 418 0 0 50003
0 419 0 0 50003
0 420 0 0 50003
0 421 0 0 50003
0 422 0 0 50003
0 423 0 0 50003
0 424 0 0 50003
0 425 0 0 50003
0 426 0 0 50003
0 427 0 0 50003
0 428 0 0 50003
0 429 0 0 50003
0 430 0 0 50003
0 431 0 0 50003
0 432 0 0 50003
0 433 0 0 50003
0 434 0 0 50003
0 435 0 0 50003
0 436 0 0 50003
0 437 0 0 50003
0 438 0 0 50003
0 439 0 0 50003
0 440 0 0 50003
0 441 0 0 50003
0 442 0 0 50003
0 443 0 0 50003
0 444 0 0 50003
0 445 0 0 50003
0 446 0 0 50003
0 447 0 0 50003
0 448 0 0 50003
0 449 0 0 50003
0 450 0 0 50003
0 451 0 0 50003
0 452 0 0 50003
0 453 0 0 50003
0 454 0 0 50003
0 455 0 0 50003
0 456 0 0 50003
0 457 0 0 50003
0 458 0 0 50003
0 459 0 0 50003
0 460 0 0 50003
0 461 0 0 50003
0 462 0 0 50003
0 463 0 0 50003
0 464 0 0 50003
0 465 0 0 50003
0 466 0 0 50003
0 467 0 0 50003
0 468 0 0 50003
0 469 0 0 50003
0 470 0 0 50003
0 471 0 0 50003
0 472 0 0 50003
0 473 0 0 50003
0 474 0 0 50003
0 475 0 0 50003
0 476 0 0 50003
0 477 0 0 50003
0 478 0 0 50003
0 479 0 0 50003
0 480 0 0 50003
0 481 0 0 50003
0 482 0 0 50003
0 483 0 0 50003
0 484 0 0 50003
0 485 0 0 50003
0 486 0 0 50003
0 487 0 0 50003
0 488 0 0 50003
0 489 0 0 50003
0 490 0 0 50003
0 491 0 0 50003
0 492 0 0 50003
0 493 0 0 50003
0 494 0 0 50003
0 495 0 0 50003
0 496 0 0 50003
0 497 0 0 50003
0 498 0 0 50003
0 499 0 0 50003
0 500 0 0 50003
0 401 0 0 50003
0 402 0 0 50003
0 403 0 0 50003
0 404 0 0 50003
0 405 0 0 50003
0 406 0 0 50003
0 407 0 0 50003
0 408 0 0 50003
0 409 0 0 50003
0 410 0 0 50003
0 411 0 0 50003
0 412 0 0 50003
0 413 0 0 50003
0 414 0 0 50003
0 415 0 0 50003
0 416 0 0 50003
0 417 0 0 50003
0 418 0 0 50003
0 419 0 0 50003
0 420 0 0 50003
0 421 0 0 50003
0 422 0 0 50003
0 423 0 0 50003
0 424 0 0 50003
0 425 0 0 50003
0 426 0 0 50003
0 427 0 0 50003
0 428 0 0 50003
0 429 0 0 50003
0 430 0 0 50003
0 431 0 0 50003
0 432 0 0 50003
0 433 0 0 50003
0 434 0 0 50003
0 435 0 0 50003
0 436 0 0 50003
0 437 0 0 50003
0 438 0 0 50003
0 439 0 0 50003
0 440 0 0 50003
0 441 0 0 50003
0 442 0 0 50003
0 443 0 0 50003
0 444 0 0 50003
0 445 0 0 50003
0 446 0 0 50003
0 447 0 0 50003
0 448 0 0 50003
0 449 0 0 50003
0 450 0 0 50003
0 451 0 0 50003
0 452 0 0 50003
0 453 0 0 50003
0 454 0 0 50003
0 455 0 0 50003
0 456 0 0 50003
0 457 0 0 50003
0 458 0 0 50003
0 459 0 0 50003
0 460 0 0 50003
0 461 0 0 50003
0 462 0 0 50003
0 463 0 0 50003
0 464 0 0 50003
0 465 0 0 50003
0 466 0 0 50003
0 467 0 0 50003
0 468 0 0 50003
0 469 0 0 50003
0 470 0 0 50003
0 471 0 0 50003
0 472 0 0 50003
0 473 0 0 50003
0 474 0 0 50003
0 475 0 0 50003
0 476 0 0 50003
0 477 0 0 50003
0 478 0 0 50003
0 479 0 0 50003
0 480 0 0 50003
0 481 0 0 50003
0 482 0 0 50003
0 483 0 0 50003
0 484 0 0 50003
0 485 0 0 50003
0 486 0 0 50003
0 487 0 0 50003
0 488 0 0 50003
0 489 0 0 50003
0 490 0 0 50003
0 491 0 0 50003
0 492 0 0 50003
0 493 0 0 50003
0 494 0 0 50003
0 495 0 0 50003
0 496 0 0 50003
0 497 0 0 50003
0 498 0 0 50003
0 499 0 0 50003
0 500 0 0 50003
0 401 0 0 50003
0 402 0 0 50003
0 403 0 0 50003
0 404 0 0 50003
0 405 0 0 50003
0 406 0 0 50003
0 407 0 0 50003
0 408 0 0 50003
0 409 0 0 50003
0 410 0 0 50003
0 411 0 0 50003
0 412 0 0 50003
0 413 0 0 50003
0 414 0 0 50003
0 415 0 0 50003
0 416 0 0 50003
0 417 0 0 50003
0 418 0 0 50003
0 419 0 0 50003
0 420 0 0 50003
0 421 0 0 50003
0 422 0 0 50003
0 423 0 0 50003
0 424 0 0 50003
0 425 0 0 50003
0 426 0 0 50003
0 427 0 0 50003
0 428 0 0 50003
0 429 0 0 50003
0 430 0 0 50003
0 431 0 0 50003
0 432 0 0 50003
0 433 0 0 50003
0 434 0 0 50003
0 435 0 0 50003
0 436 0 0 50003
0 437 0 0 50003
0 438 0 0 50003
0 439 0 0 50003
0 440 0 0 50003
0 441 0 0 50003
0 442 0 0 50003
0 443 0 0 50003
0 444 0 0 50003
0 445 0 0 50003
0 446 0 0 50003
0 447 0 0 50003
0 448 0 0 50003
0 449 0 0 50003
0 450 0 0 50003
0 451 0 0 50003
0 452 0 0 50003
0 453 0 0 50003
0 454 0 0 50003
0 455 0 0 50003
0 456 0 0 50003
0 457 0 0 50003
0 458 0 0 50003
0 459 0 0 50003
0 460 0 0 50003
0 461 0 0 50003
0 462 0 0 50003
0 463 0 0 50003
0 464 0 0 50003
0 465 0 0 50003
0 466 0 0 50003
0 467 0 0 50003
0 468 0 0 50003
0 469 0 0 50003
0 470 0 0 50003
0 471 0 0 50003
0 472 0 0 50003
0 473 0 0 50003
0 474 0 0 50003
0 475 0 0 50003
0 476 0 0 50003
0 477 0 0 50003
0 478 0 0 50003
0 479 0 0 50003
0 480 0 0 50003
0 481 0 0 50003
0 482 0 0 50003
0 483 0 0 50003
0 484 0 0 50003
0 485 0 0 50003
0 486 0 0 50003
0 487 0 0 50003
0 488 0 0 50003
0 489 0 0 50003
0 490 0 0 50003
0 491 0 0 50003
0 492 0 0 50003
0 493 0 0 50003
0 494 0 0 50003
0 495 0 0 50003
0 496 0 0 50003
0 497 0 0 50003
0 498 0 0 50003
0 499 0 0 50003
0 500 0 0 50003
0 0 0 0 80003
0 0 0 0 80003
0 0 0 0 80003
0 0 0 0 80003
0 0 0 0 80003
0 0 0 0 80003
0 0 0 0 80003
0 0 0 0 80003
0 0 0 0 80003
0 0 0 0 80003
0 0 0 0 80003
0 0 0 0 80003
0 0 0 0 80003
0 0 0 0 80003
0 0 0 0 80003
0 0 0 0 80003
0 0 0 0 80003
0 0 0 0 80003
0 0 0 0 80003
0 0 0 0 80003
0 0 0 0 80003
0 0 0 0 80003
0 0 0 0 80003
0 0 0 0 80003
0 0 0 0 80003
0 0 0 0 80003
0 0 0 0 80003
0 0 0 0 80003
0 0 0 0 80003
0 0 0 0 80003
0 0 0 0 80003
0 0 0 0 80003
0 0 0 0 80003
0 0 0 0 80003
0 0 0 0 80003
0 0 0 0 80003
0 0 0 0 80003
0 0 0 0 80003
0 0 0 0 80003
0 0 0 0 80003
0 0 0 0 80003
0 0 0 0 80003
0 0 0 0 80003
0 0 0 0 80003
0 0 0 0 80003
0 0 0 0 80003
0 0 0 0 80003
0 0 0 0 80003
0 0 0 0 80003
0 0 0 0 80003
0 0 0 0 80003
0 0 0 0 80003
0 0 0 0 80003
0 0 0 0 80003
0 0 0 0 80003
0 0 0 0 80003
0 0 0 0 80003
0 0 0 0 80003
0 0 0 0 80003
0 0 0 0 80003
0 0 0 0 80003
0 0 0 0 80003
0 0 0 0 80003
0 0 0 0 80003
0 0 0 0 80003
0 0 0 0 80003
0 0 0 0 80003
0 0 0 0 80003
0 0 0 0 80003
0 0 0 0 80003
0 0 0 0 80003
0 0 0 0 80003
0 0 0 0 80003
0 0 0 0 80003
0 0 0 0 80003
0 0 0 0 80003
0 0 0 0 80003
0 0 0 0 80003
0 0 0 0 80003
0 0 0 0 80003
0 0 0 0 80003
0 0 0 0 80003
0 0 0 0 80003
0 0 0 0 80003
0 0 0 0 80003
0 0 0 0 80003
0 0 0 0 80003
0 0 0 0 80003
0 0 0 0 80003
0 0 0 0 80003
0 0 0 0 80003
0 0 0 0 80003
0 0 0 0 80003
0 0 0 0 80003
0 0 0 0 80003
0 0 0 0 80003
0 0 0 0 80003
0 0 0 0 80003
0 0 0 0 80003
0 0 0 0 80003
0 701 0 0 80003
0 702 0 0 80003
0 703 0 0 80003
0 704 0 0 80003
0 705 0 0 80003
0 706 0 0 80003
0 707 0 0 80003
0 708 0 0 80003
0 709 0 0 80003
0 710 0 0 80003
0 711 0 0 80003
0 712 0 0 80003
0 713 0 0 80003
0 714 0 0 80003
0 715 0 0 80003
0 716 0 0 80003
0 717 0 0 80003
0 718 0 0 80003
0 719 0 0 80003
0 720 0 0 80003
0 721 0 0 80003
0 722 0 0 80003
0 723 0 0 80003
0 724 0 0 80003
0 725 0 0 80003
0 726 0 0 80003
0 727 0 0 80003
0 728 0 0 80003
0 729 0 0 80003
0 730 0 0 80003
0 731 0 0 80003
0 732 0 0 80003
0 733 0 0 80003
0 734 0 0 80003
0 735 0 0 80003
0 736 0 0 80003
0 737 0 0 80003
0 738 0 0 80003
0 739 0 0 80003
0 740 0 0 80003
0 741 0 0 80003
0 742 0 0 80003
0 743 0 0 80003
0 744 0 0 80003
0 745 0 0 80003
0 746 0 0 80003
0 747 0 0 80003
0 748 0 0 80003
0 749 0 0 80003
0 750 0 0 80003
0 751 0 0 80003
0 752 0 0 80003
0 753 0 0 80003
0 754 0 0 80003
0 755 0 0 80003
0 756 0 0 80003
0 757 0 0 80003
0 758 0 0 80003
0 759 0 0 80003
0 760 0 0 80003
0 761 0 0 80003
0 762 0 0 80003
0 763 0 0 80003
0 764 0 0 80003
0 765 0 0 80003
0 766 0 0 80003
0 767 0 0 80003
0 768 0 0 80003
0 769 0 0 80003
0 770 0 0 80003
0 771 0 0 80003
0 772 0 0 80003
0 773 0 0 80003
0 774 0 0 80003
0 775 0 0 80003
0 776 0 0 80003
0 777 0 0 80003
0 778 0 0 80003
0 779 0 0 80003
0 780 0 0 80003
0 781 0 0 80003
0 782 0 0 80003
0 783 0 0 80003
0 784 0 0 80003
0 785 0 0 80003
0 786 0 0 80003
0 787 0 0 80003
0 788 0 0 80003
0 789 0 0 80003
0 790 0 0 80003
0 791 0 0 80003
0 792 0 0 80003
0 793 0 0 80003
0 794 0 0 80003
0 795 0 0 80003
0 796 0 0 80003
0 797 0 0 80003
0 798 0 0 80003
0 799 0 0 80003
0 800 0 0 80003
0 701 0 0 80003
0 702 0 0 80003
0 703 0 0 80003
0 704 0 0 80003
0 705 0 0 80003
0 706 0 0 80003
0 707 0 0 80003
0 708 0 0 80003
0 709 0 0 80003
0 710 0 0 80003
0 711 0 0 80003
0 712 0 0 80003
0 713 0 0 80003
0 714 0 0 80003
0 715 0 0 80003
0 716 0 0 80003
0 717 0 0 80003
0 718 0 0 80003
0 719 0 0 80003
0 720 0 0 80003
0 721 0 0 80003
0 722 0 0 80003
0 723 0 0 80003
0 724 0 0 80003
0 725 0 0 80003
0 726 0 0 80003
0 727 0 0 80003
0 728 0 0 80003
0 729 0 0 80003
0 730 0 0 80003
0 731 0 0 80003
0 732 0 0 80003
0 733 0 0 80003
0 734 0 0 80003
0 735 0 0 80003
0 736 0 0 80003
0 737 0 0 80003
0 738 0 0 80003
0 739 0 0 80003
0 740 0 0 80003
0 741 0 0 80003
0 742 0 0 80003
0 743 0 0 80003
0 744 0 0 80003
0 745 0 0 80003
0 746 0 0 80003
0 747 0 0 80003
0 748 0 0 80003
0 749 0 0 80003
0 750 0 0 80003
0 751 0 0 80003
0 752 0 0 80003
0 753 0 0 80003
0 754 0 0 80003
0 755 0 0 80003
0 756 0 0 80003
0 757 0 0 80003
0 758 0 0 80003
0 759 0 0 80003
0 760 0 0 80003
0 761 0 0 80003
0 762 0 0 80003
0 763 0 0 80003
0 764 0 0 80003
0 765 0 0 80003
0 766 0 0 80003
0 767 0 0 80003
0 768 0 0 80003
0 769 0 0 80003
0 770 0 0 80003
0 771 0 0 80003
0 772 0 0 80003
0 773 0 0 80003
0 774 0 0 80003
0 775 0 0 80003
0 776 0 0 80003
0 777 0 0 80003
0 778 0 0 80003
0 779 0 0 80003
0 780 0 0 80003
0 781 0 0 80003
0 782 0 0 80003
0 783 0 0 80003
0 784 0 0 80003
0 785 0 0 80003
0 786 0 0 80003
0 787 0 0 80003
0 788 0 0 80003
0 789 0 0 80003
0 790 0 0 80003
0 791 0 0 80003
0 792 0 0 80003
0 793 0 0 80003
0 794 0 0 80003
0 795 0 0 80003
0 796 0 0 80003
0 797 0 0 80003
0 798 0 0 80003
0 799 0 0 80003
0 800 0 0 80003
0 701 0 0 80003
0 702 0 0 80003
0 703 0 0 80003
0 704 0 0 80003
0 705 0 0 80003
0 706 0 0 80003
0 707 0 0 80003
0 708 0 0 80003
0 709 0 0 80003
0 710 0 0 80003
0 711 0 0 80003
0 712 0 0 80003
0 713 0 0 80003
0 714 0 0 80003
0 715 0 0 80003
0 716 0 0 80003
0 717 0 0 80003
0 718 0 0 80003
0 719 0 0 80003
0 720 0 0 80003
0 721 0 0 80003
0 722 0 0 80003
0 723 0 0 80003
0 724 0 0 80003
0 725 0 0 80003
0 726 0 0 80003
0 727 0 0 80003
0 728 0 0 80003
0 729 0 0 80003
0 730 0 0 80003
0 731 0 0 80003
0 732 0 0 80003
0 733 0 0 80003
0 734 0 0 80003
0 735 0 0 80003
0 736 0 0 80003
0 737 0 0 80003
0 738 0 0 80003
0 739 0 0 80003
0 740 0 0 80003
0 741 0 0 80003
0 742 0 0 80003
0 743 0 0 80003
0 744 0 0 80003
0 745 0 0 80003
0 746 0 0 80003
0 747 0 0 80003
0 748 0 0 80003
0 749 0 0 80003
0 750 0 0 80003
0 751 0 0 80003
0 752 0 0 80003
0 753 0 0 80003
0 754 0 0 80003
0 755 0 0 80003
0 756 0 0 80003
0 757 0 0 80003
0 758 0 0 80003
0 759 0 0 80003
0 760 0 0 80003
0 761 0 0 80003
0 762 0 0 80003
0 763 0 0 80003
0 764 0 0 80003
0 765 0 0 80003
0 766 0 0 80003
0 767 0 0 80003
0 768 0 0 80003
0 769 0 0 80003
0 770 0 0 80003
0 771 0 0 80003
0 772 0 0 80003
0 773 0 0 80003
0 774 0 0 80003
0 775 0 0 80003
0 776 0 0 80003
0 777 0 0 80003
0 778 0 0 80003
0 779 0 0 80003
0 780 0 0 80003
0 781 0 0 80003
0 782 0 0 80003
0 783 0 0 80003
0 784 0 0 80003
0 785 0 0 80003
0 786 0 0 80003
0 787 0 0 80003
0 788 0 0 80003
0 789 0 0 80003
0 790 0 0 80003
0 791 0 0 80003
0 792 0 0 80003
0 793 0 0 80003
0 794 0 0 80003
0 795 0 0 80003
0 796 0 0 80003
0 797 0 0 80003
0 798 0 0 80003
0 799 0 0 80003
0 800 0 0 80003
0 701 0 0 80003
0 702 0 0 80003
0 703 0 0 80003
0 704 0 0 80003
0 705 0 0 80003
0 706 0 0 80003
0 707 0 0 80003
0 708 0 0 80003
0 709 0 0 80003
0 710 0 0 80003
0 711 0 0 80003
0 712 0 0 80003
0 713 0 0 80003
0 714 0 0 80003
0 715 0 0 80003
0 716 0 0 80003
0 717 0 0 80003
0 718 0 0 80003
0 719 0 0 80003
0 720 0 0 80003
0 721 0 0 80003
0 722 0 0 80003
0 723 0 0 80003
0 724 0 0 80003
0 725 0 0 80003
0 726 0 0 80003
0 727 0 0 80003
0 728 0 0 80003
0 729 0 0 80003
0 730 0 0 80003
0 731 0 0 80003
0 732 0 0 80003
0 733 0 0 80003
0 734 0 0 80003
0 735 0 0 80003
0 736 0 0 80003
0 737 0 0 80003
0 738 0 0 80003
0 739 0 0 80003
0 740 0 0 80003
0 741 0 0 80003
0 742 0 0 80003
0 743 0 0 80003
0 744 0 0 80003
0 745 0 0 80003
0 746 0 0 80003
0 747 0 0 80003
0 748 0 0 80003
0 749 0 0 80003
0 750 0 0 80003
0 751 0 0 80003
0 752 0 0 80003
0 753 0 0 80003
0 754 0 0 80003
0 755 0 0 80003
0 756 0 0 80003
0 757 0 0 80003
0 758 0 0 80003
0 759 0 0 80003
0 760 0 0 80003
0 761 0 0 80003
0 762 0 0 80003
0 763 0 0 80003
0 764 0 0 80003
0 765 0 0 80003
0 766 0 0 80003
0 767 0 0 80003
0 768 0 0 80003
0 769 0 0 80003
0 770 0 0 80003
0 771 0 0 80003
0 772 0 0 80003
0 773 0 0 80003
0 774 0 0 80003
0 775 0 0 80003
0 776 0 0 80003
0 777 0 0 80003
0 778 0 0 80003
0 779 0 0 80003
0 780 0 0 80003
0 781 0 0 80003
0 782 0 0 80003
0 783 0 0 80003
0 784 0 0 80003
0 785 0 0 80003
0 786 0 0 80003
0 787 0 0 80003
0 788 0 0 80003
0 789 0 0 80003
0 790 0 0 80003
0 791 0 0 80003
0 792 0 0 80003
0 793 0 0 80003
0 794 0 0 80003
0 795 0 0 80003
0 796 0 0 80003
0 797 0 0 80003
0 798 0 0 80003
0 799 0 0 80003
0 800 0 0 80003
0 701 0 0 80003
0 702 0 0 80003
0 703 0 0 80003
0 704 0 0 80003
0 705 0 0 80003
0 706 0 0 80003
0 707 0 0 80003
0 708 0 0 80003
0 709 0 0 80003
0 710 0 0 80003
0 711 0 0 80003
0 712 0 0 80003
0 713 0 0 80003
0 714 0 0 80003
0 715 0 0 80003
0 716 0 0 80003
0 717 0 0 80003
0 718 0 0 80003
0 719 0 0 80003
0 720 0 0 80003
0 721 0 0 80003
0 722 0 0 80003
0 723 0 0 80003
0 724 0 0 80003
0 725 0 0 80003
0 726 0 0 80003
0 727 0 0 80003
0 728 0 0 80003
0 729 0 0 80003
0 730 0 0 80003
0 731 0 0 80003
0 732 0 0 80003
0 733 0 0 80003
0 734 0 0 80003
0 735 0 0 80003
0 736 0 0 80003
0 737 0 0 80003
0 738 0 0 80003
0 739 0 0 80003
0 740 0 0 80003
0 741 0 0 80003
0 742 0 0 80003
0 743 0 0 80003
0 744 0 0 80003
0 745 0 0 80003
0 746 0 0 80003
0 747 0 0 80003
0 748 0 0 80003
0 749 0 0 80003
0 750 0 0 80003
0 751 0 0 80003
0 752 0 0 80003
0 753 0 0 80003
0 754 0 0 80003
0 755 0 0 80003
0 756 0 0 80003
0 757 0 0 80003
0 758 0 0 80003
0 759 0 0 80003
0 760 0 0 80003
0 761 0 0 80003
0 762 0 0 80003
0 763 0 0 80003
0 764 0 0 80003
0 765 0 0 80003
0 766 0 0 80003
0 767 0 0 80003
0 768 0 0 80003
0 769 0 0 80003
0 770 0 0 80003
0 771 0 0 80003
0 772 0 0 80003
0 773 0 0 80003
0 774 0 0 80003
0 775 0 0 80003
0 776 0 0 80003
0 777 0 0 80003
0 778 0 0 80003
0 779 0 0 80003
0 780 0 0 80003
0 781 0 0 80003
0 782 0 0 80003
0 783 0 0 80003
0 784 0 0 80003
0 785 0 0 80003
0 786 0 0 80003
0 787 0 0 80003
0 788 0 0 80003
0 789 0 0 80003
0 790 0 0 80003
0 791 0 0 80003
0 792 0 0 80003
0 793 0 0 80003
0 794 0 0 80003
0 795 0 0 80003
0 796 0 0 80003
0 797 0 0 80003
0 798 0 0 80003
0 799 0 0 80003
0 800 0 0 80003
0 0 0 0 10003
0 0 0 0 10003
0 0 0 0 10003
0 0 0 0 10003
0 0 0 0 10003
0 0 0 0 10003
0 0 0 0 10003
0 0 0 0 10003
0 0 0 0 10003
0 0 0 0 10003
0 0 0 0 10003
0 0 0 0 10003
0 0 0 0 10003
0 0 0 0 10003
0 0 0 0 10003
0 0 0 0 10003
0 0 0 0 10003
0 0 0 0 10003
0 0 0 0 10003
0 0 0 0 10003
0 0 0 0 10003
0 0 0 0 10003
0 0 0 0 10003
0 0 0 0 10003
0 0 0 0 10003
0 0 0 0 10003
0 0 0 0 10003
0 0 0 0 10003
0 0 0 0 10003
0 0 0 0 10003
0 0 0 0 10003
0 0 0 0 10003
0 0 0 0 10003
0 0 0 0 10003
0 0 0 0 10003
0 0 0 0 10003
0 0 0 0 10003
0 0 0 0 10003
0 0 0 0 10003
0 0 0 0 10003
0 0 0 0 10003
0 0 0 0 10003
0 0 0 0 10003
0 0 0 0 10003
0 0 0 0 10003
0 0 0 0 10003
0 0 0 0 10003
0 0 0 0 10003
0 0 0 0 10003
0 0 0 0 10003
0 0 0 0 10003
0 0 0 0 10003
0 0 0 0 10003
0 0 0 0 10003
0 0 0 0 10003
0 0 0 0 10003
0 0 0 0 10003
0 0 0 0 10003
0 0 0 0 10003
0 0 0 0 10003
0 0 0 0 10003
0 0 0 0 10003
0 0 0 0 10003
0 0 0 0 10003
0 0 0 0 10003
0 0 0 0 10003
0 0 0 0 10003
0 0 0 0 10003
0 0 0 0 10003
0 0 0 0 10003
0 0 0 0 10003
0 0 0 0 10003
0 0 0 0 10003
0 0 0 0 10003
0 0 0 0 10003
0 0 0 0 10003
0 0 0 0 10003
0 0 0 0 10003
0 0 0 0 10003
0 0 0 0 10003
0 0 0 0 10003
0 0 0 0 10003
0 0 0 0 10003
0 0 0 0 10003
0 0 0 0 10003
0 0 0 0 10003
0 0 0 0 10003
0 0 0 0 10003
0 0 0 0 10003
0 0 0 0 10003
0 0 0 0 10003
0 0 0 0 10003
0 0 0 0 10003
0 0 0 0 10003
0 0 0 0 10003
0 0 0 0 10003
0 0 0 0 10003
0 0 0 0 10003
0 0 0 0 10003
0 0 0 0 10003
0 1 0 0 10003
0 2 0 0 10003
0 3 0 0 10003
0 4 0 0 10003
0 5 0 0 10003
0 6 0 0 10003
0 7 0 0 10003
0 8 0 0 10003
0 9 0 0 10003
0 10 0 0 10003
0 11 0 0 10003
0 12 0 0 10003
0 13 0 0 10003
0 14 0 0 10003
0 15 0 0 10003
0 16 0 0 10003
0 17 0 0 10003
0 18 0 0 10003
0 19 0 0 10003
0 20 0 0 10003
0 21 0 0 10003
0 22 0 0 10003
0 23 0 0 10003
0 24 0 0 10003
0 25 0 0 10003
0 26 0 0 10003
0 27 0 0 10003
0 28 0 0 10003
0 29 0 0 10003
0 30 0 0 10003
0 31 0 0 10003
0 32 0 0 10003
0 33 0 0 10003
0 34 0 0 10003
0 35 0 0 10003
0 36 0 0 10003
0 37 0 0 10003
0 38 0 0 10003
0 39 0 0 10003
0 40 0 0 10003
0 41 0 0 10003
0 42 0 0 10003
0 43 0 0 10003
0 44 0 0 10003
0 45 0 0 10003
0 46 0 0 10003
0 47 0 0 10003
0 48 0 0 10003
0 49 0 0 10003
0 50 0 0 10003
0 51 0 0 10003
0 52 0 0 10003
0 53 0 0 10003
0 54 0 0 10003
0 55 0 0 10003
0 56 0 0 10003
0 57 0 0 10003
0 58 0 0 10003
0 59 0 0 10003
0 60 0 0 10003
0 61 0 0 10003
0 62 0 0 10003
0 63 0 0 10003
0 64 0 0 10003
0 65 0 0 10003
0 66 0 0 10003
0 67 0 0 10003
0 68 0 0 10003
0 69 0 0 10003
0 70 0 0 10003
0 71 0 0 10003
0 72 0 0 10003
0 73 0 0 10003
0 74 0 0 10003
0 75 0 0 10003
0 76 0 0 10003
0 77 0 0 10003
0 78 0 0 10003
0 79 0 0 10003
0 80 0 0 10003
0 81 0 0 10003
0 82 0 0 10003
0 83 0 0 10003
0 84 0 0 10003
0 85 0 0 10003
0 86 0 0 10003
0 87 0 0 10003
0 88 0 0 10003
0 89 0 0 10003
0 90 0 0 10003
0 91 0 0 10003
0 92 0 0 10003
0 93 0 0 10003
0 94 0 0 10003
0 95 0 0 10003
0 96 0 0 10003
0 97 0 0 10003
0 98 0 0 10003
0 99 0 0 10003
0 100 0 0 10003
0 1 0 0 10003
0 2 0 0 10003
0 3 0 0 10003
0 4 0 0 10003
0 5 0 0 10003
0 6 0 0 10003
0 7 0 0 10003
0 8 0 0 10003
0 9 0 0 10003
0 10 0 0 10003
0 11 0 0 10003
0 12 0 0 10003
0 13 0 0 10003
0 14 0 0 10003
0 15 0 0 10003
0 16 0 0 10003
0 17 0 0 10003
0 18 0 0 10003
0 19 0 0 10003
0 20 0 0 10003
0 21 0 0 10003
0 22 0 0 10003
0 23 0 0 10003
0 24 0 0 10003
0 25 0 0 10003
0 26 0 0 10003
0 27 0 0 10003
0 28 0 0 10003
0 29 0 0 10003
0 30 0 0 10003
0 31 0 0 10003
0 32 0 0 10003
0 33 0 0 10003
0 34 0 0 10003
0 35 0 0 10003
0 36 0 0 10003
0 37 0 0 10003
0 38 0 0 10003
0 39 0 0 10003
0 40 0 0 10003
0 41 0 0 10003
0 42 0 0 10003
0 43 0 0 10003
0 44 0 0 10003
0 45 0 0 10003
0 46 0 0 10003
0 47 0 0 10003
0 48 0 0 10003
0 49 0 0 10003
0 50 0 0 10003
0 51 0 0 10003
0 52 0 0 10003
0 53 0 0 10003
0 54 0 0 10003
0 55 0 0 10003
0 56 0 0 10003
0 57 0 0 10003
0 58 0 0 10003
0 59 0 0 10003
0 60 0 0 10003
0 61 0 0 10003
0 62 0 0 10003
0 63 0 0 10003
0 64 0 0 10003
0 65 0 0 10003
0 66 0 0 10003
0 67 0 0 10003
0 68 0 0 10003
0 69 0 0 10003
0 70 0 0 10003
0 71 0 0 10003
0 72 0 0 10003
0 73 0 0 10003
0 74 0 0 10003
0 75 0 0 10003
0 76 0 0 10003
0 77 0 0 10003
0 78 0 0 10003
0 79 0 0 10003
0 80 0 0 10003
0 81 0 0 10003
0 82 0 0 10003
0 83 0 0 10003
0 84 0 0 10003
0 85 0 0 10003
0 86 0 0 10003
0 87 0 0 10003
0 88 0 0 10003
0 89 0 0 10003
0 90 0 0 10003
0 91 0 0 10003
0 92 0 0 10003
0 93 0 0 10003
0 94 0 0 10003
0 95 0 0 10003
0 96 0 0 10003
0 97 0 0 10003
0 98 0 0 10003
0 99 0 0 10003
0 100 0 0 10003
0 1 0 0 10003
0 2 0 0 10003
0 3 0 0 10003
0 4 0 0 10003
0 5 0 0 10003
0 6 0 0 10003
0 7 0 0 10003
0 8 0 0 10003
0 9 0 0 10003
0 10 0 0 10003
0 11 0 0 10003
0 12 0 0 10003
0 13 0 0 10003
0 14 0 0 10003
0 15 0 0 10003
0 16 0 0 10003
0 17 0 0 10003
0 18 0 0 10003
0 19 0 0 10003
0 20 0 0 10003
0 21 0 0 10003
0 22 0 0 10003
0 23 0 0 10003
0 24 0 0 10003
0 25 0 0 10003
0 26 0 0 10003
0 27 0 0 10003
0 28 0 0 10003
0 29 0 0 10003
0 30 0 0 10003
0 31 0 0 10003
0 32 0 0 10003
0 33 0 0 10003
0 34 0 0 10003
0 35 0 0 10003
0 36 0 0 10003
0 37 0 0 10003
0 38 0 0 10003
0 39 0 0 10003
0 40 0 0 10003
0 41 0 0 10003
0 42 0 0 10003
0 43 0 0 10003
0 44 0 0 10003
0 45 0 0 10003
0 46 0 0 10003
0 47 0 0 10003
0 48 0 0 10003
0 49 0 0 10003
0 50 0 0 10003
0 51 0 0 10003
0 52 0 0 10003
0 53 0 0 10003
0 54 0 0 10003
0 55 0 0 10003
0 56 0 0 10003
0 57 0 0 10003
0 58 0 0 10003
0 59 0 0 10003
0 60 0 0 10003
0 61 0 0 10003
0 62 0 0 10003
0 63 0 0 10003
0 64 0 0 10003
0 65 0 0 10003
0 66 0 0 10003
0 67 0 0 10003
0 68 0 0 10003
0 69 0 0 10003
0 70 0 0 10003
0 71 0 0 10003
0 72 0 0 10003
0 73 0 0 10003
0 74 0 0 10003
0 75 0 0 10003
0 76 0 0 10003
0 77 0 0 10003
0 78 0 0 10003
0 79 0 0 10003
0 80 0 0 10003
0 81 0 0 10003
0 82 0 0 10003
0 83 0 0 10003
0 84 0 0 10003
0 85 0 0 10003
0 86 0 0 10003
0 87 0 0 10003
0 88 0 0 10003
0 89 0 0 10003
0 90 0 0 10003
0 91 0 0 10003
0 92 0 0 10003
0 93 0 0 10003
0 94 0 0 10003
0 95 0 0 10003
0 96 0 0 10003
0 97 0 0 10003
0 98 0 0 10003
0 99 0 0 10003
0 100 0 0 10003
0 1 0 0 10003
0 2 0 0 10003
0 3 0 0 10003
0 4 0 0 10003
0 5 0 0 10003
0 6 0 0 10003
0 7 0 0 10003
0 8 0 0 10003
0 9 0 0 10003
0 10 0 0 10003
0 11 0 0 10003
0 12 0 0 10003
0 13 0 0 10003
0 14 0 0 10003
0 15 0 0 10003
0 16 0 0 10003
0 17 0 0 10003
0 18 0 0 10003
0 19 0 0 10003
0 20 0 0 10003
0 21 0 0 10003
0 22 0 0 10003
0 23 0 0 10003
0 24 0 0 10003
0 25 0 0 10003
0 26 0 0 10003
0 27 0 0 10003
0 28 0 0 10003
0 29 0 0 10003
0 30 0 0 10003
0 31 0 0 10003
0 32 0 0 10003
0 33 0 0 10003
0 34 0 0 10003
0 35 0 0 10003
0 36 0 0 10003
0 37 0 0 10003
0 38 0 0 10003
0 39 0 0 10003
0 40 0 0 10003
0 41 0 0 10003
0 42 0 0 10003
0 43 0 0 10003
0 44 0 0 10003
0 45 0 0 10003
0 46 0 0 10003
0 47 0 0 10003
0 48 0 0 10003
0 49 0 0 10003
0 50 0 0 10003
0 51 0 0 10003
0 52 0 0 10003
0 53 0 0 10003
0 54 0 0 10003
0 55 0 0 10003
0 56 0 0 10003
0 57 0 0 10003
0 58 0 0 10003
0 59 0 0 10003
0 60 0 0 10003
0 61 0 0 10003
0 62 0 0 10003
0 63 0 0 10003
0 64 0 0 10003
0 65 0 0 10003
0 66 0 0 10003
0 67 0 0 10003
0 68 0 0 10003
0 69 0 0 10003
0 70 0 0 10003
0 71 0 0 10003
0 72 0 0 10003
0 73 0 0 10003
0 74 0 0 10003
0 75 0 0 10003
0 76 0 0 10003
0 77 0 0 10003
0 78 0 0 10003
0 79 0 0 10003
0 80 0 0 10003
0 81 0 0 10003
0 82 0 0 10003
0 83 0 0 10003
0 84 0 0 10003
0 85 0 0 10003
0 86 0 0 10003
0 87 0 0 10003
0 88 0 0 10003
0 89 0 0 10003
0 90 0 0 10003
0 91 0 0 10003
0 92 0 0 10003
0 93 0 0 10003
0 94 0 0 10003
0 95 0 0 10003
0 96 0 0 10003
0 97 0 0 10003
0 98 0 0 10003
0 99 0 0 10003
0 100 0 0 10003
0 1 0 0 10003
0 2 0 0 10003
0 3 0 0 10003
0 4 0 0 10003
0 5 0 0 10003
0 6 0 0 10003
0 7 0 0 10003
0 8 0 0 10003
0 9 0 0 10003
0 10 0 0 10003
0 11 0 0 10003
0 12 0 0 10003
0 13 0 0 10003
0 14 0 0 10003
0 15 0 0 10003
0 16 0 0 10003
0 17 0 0 10003
0 18 0 0 10003
0 19 0 0 10003
0 20 0 0 10003
0 21 0 0 10003
0 22 0 0 10003
0 23 0 0 10003
0 24 0 0 10003
0 25 0 0 10003
0 26 0 0 10003
0 27 0 0 10003
0 28 0 0 10003
0 29 0 0 10003
0 30 0 0 10003
0 31 0 0 10003
0 32 0 0 10003
0 33 0 0 10003
0 34 0 0 10003
0 35 0 0 10003
0 36 0 0 10003
0 37 0 0 10003
0 38 0 0 10003
0 39 0 0 10003
0 40 0 0 10003
0 41 0 0 10003
0 42 0 0 10003
0 43 0 0 10003
0 44 0 0 10003
0 45 0 0 10003
0 46 0 0 10003
0 47 0 0 10003
0 48 0 0 10003
0 49 0 0 10003
0 50 0 0 10003
0 51 0 0 10003
0 52 0 0 10003
0 53 0 0 10003
0 54 0 0 10003
0 55 0 0 10003
0 56 0 0 10003
0 57 0 0 10003
0 58 0 0 10003
0 59 0 0 10003
0 60 0 0 10003
0 61 0 0 10003
0 62 0 0 10003
0 63 0 0 10003
0 64 0 0 10003
0 65 0 0 10003
0 66 0 0 10003
0 67 0 0 10003
0 68 0 0 10003
0 69 0 0 10003
0 70 0 0 10003
0 71 0 0 10003
0 72 0 0 10003
0 73 0 0 10003
0 74 0 0 10003
0 75 0 0 10003
0 76 0 0 10003
0 77 0 0 10003
0 78 0 0 10003
0 79 0 0 10003
0 80 0 0 10003
0 81 0 0 10003
0 82 0 0 10003
0 83 0 0 10003
0 84 0 0 10003
0 85 0 0 10003
0 86 0 0 10003
0 87 0 0 10003
0 88 0 0 10003
0 89 0 0 10003
0 90 0 0 10003
0 91 0 0 10003
0 92 0 0 10003
0 93 0 0 10003
0 94 0 0 10003
0 95 0 0 10003
0 96 0 0 10003
0 97 0 0 10003
0 98 0 0 10003
0 99 0 0 10003
0 100 0 0 10003
