0 32250 0 0 0
0 0 0 0 0
0 0 0 0 0
0 0 0 0 0
0 0 0 0 0
0 0 0 0 0
0 0 0 0 0
0 0 0 0 0
0 0 0 0 0
0 0 0 0 0
0 0 0 0 0
0 0 0 0 0
0 0 0 0 0
0 0 0 0 0
0 0 0 0 0
0 0 0 0 0
0 0 0 0 0
0 0 0 0 0
0 0 0 0 0
0 0 0 0 0
0 0 0 0 0
0 0 0 0 0
0 0 0 0 0
0 0 0 0 0
0 0 0 0 0
0 0 0 0 0
0 0 0 0 0
0 0 0 0 0
0 0 0 0 0
0 0 0 0 0
0 0 0 0 0
0 0 0 0 0
0 0 0 0 0
0 0 0 0 0
0 0 0 0 0
0 0 0 0 0
0 0 0 0 0
0 0 0 0 0
0 0 0 0 0
0 0 0 0 0
0 0 0 0 0
0 0 0 0 0
0 0 0 0 0
0 0 0 0 0
0 0 0 0 0
0 0 0 0 0
0 0 0 0 0
0 0 0 0 0
0 0 0 0 0
0 0 0 0 0
0 0 0 0 0
0 0 0 0 0
0 0 0 0 0
0 0 0 0 0
0 0 0 0 0
0 0 0 0 0
0 0 0 0 0
0 0 0 0 0
0 0 0 0 0
0 0 0 0 0
0 0 0 0 0
0 0 0 0 0
0 0 0 0 0
0 0 0 0 0
0 0 0 0 0
0 0 0 0 0
0 0 0 0 0
0 0 0 0 0
0 0 0 0 0
0 0 0 0 0
0 0 0 0 0
0 0 0 0 0
0 0 0 0 0
0 0 0 0 0
0 0 0 0 0
0 0 0 0 0
0 0 0 0 0
0 0 0 0 0
0 0 0 0 0
0 0 0 0 0
0 0 0 0 0
0 0 0 0 0
0 0 0 0 0
0 0 0 0 0
0 0 0 0 0
0 0 0 0 0
0 0 0 0 0
0 0 0 0 0
0 0 0 0 0
0 0 0 0 0
0 0 0 0 0
0 0 0 0 0
0 0 0 0 0
0 0 0 0 0
0 0 0 0 0
0 0 0 0 0
0 0 0 0 0
0 0 0 0 0
0 0 0 0 0
0 0 0 0 0
0 0 0 0 0
0 0 0 0 0
0 0 0 0 0
0 0 0 0 0
0 0 0 0 0
0 0 0 0 0
0 0 0 0 0
0 0 0 0 0
0 0 0 0 0
0 0 0 0 0
0 0 0 0 0
0 0 0 0 0
0 0 0 0 0
0 0 0 0 0
0 0 0 0 0
0 0 0 0 0
0 0 0 0 0
0 0 0 0 0
0 0 0 0 0
0 0 0 0 0
0 0 0 0 0
0 0 0 0 0
0 0 0 0 0
0 0 0 0 0
0 0 0 0 0
0 0 0 0 0
0 0 0 0 0
0 0 0 0 0
0 0 0 0 0
0 0 0 0 0
0 0 0 0 0
0 0 0 0 0
0 0 0 0 0
0 0 0 0 0
0 0 0 0 0
0 0 0 0 0
0 0 0 0 0
0 0 0 0 0
0 0 0 0 0
0 0 0 0 0
0 0 0 0 0
0 0 0 0 0
0 0 0 0 0
0 0 0 0 0
0 0 0 0 0
0 0 0 0 0
0 0 0 0 0
0 0 0 0 0
0 0 0 0 0
0 0 0 0 0
0 0 0 0 0
0 0 0 0 0
0 0 0 0 10000
0 0 0 0 10000
0 0 0 0 10000
0 0 0 0 10000
0 0 0 0 10000
0 0 0 0 10000
0 0 0 0 10000
0 0 0 0 10000
0 0 0 0 10000
0 0 0 0 10000
0 0 0 0 10000
0 0 0 0 10000
0 0 0 0 10000
0 0 0 0 10000
0 0 0 0 10000
0 0 0 0 10000
0 0 0 0 10000
0 0 0 0 10000
0 0 0 0 10000
0 0 0 0 10000
0 0 0 0 10000
0 0 0 0 10000
0 0 0 0 10000
0 0 0 0 10000
0 0 0 0 10000
0 0 0 0 10000
0 0 0 0 10000
0 0 0 0 10000
0 0 0 0 10000
0 0 0 0 10000
0 0 0 0 10000
0 0 0 0 10000
0 0 0 0 10000
0 0 0 0 10000
0 0 0 0 10000
0 0 0 0 10000
0 0 0 0 10000
0 0 0 0 10000
0 0 0 0 10000
0 0 0 0 10000
0 0 0 0 10000
0 0 0 0 10000
0 0 0 0 10000
0 0 0 0 10000
0 0 0 0 10000
0 0 0 0 10000
0 0 0 0 10000
0 0 0 0 10000
0 0 0 0 10000
0 0 0 0 10000
0 0 0 0 10000
0 0 0 0 10000
0 0 0 0 10000
0 0 0 0 10000
0 0 0 0 10000
0 0 0 0 10000
0 0 0 0 10000
0 0 0 0 10000
0 0 0 0 10000
0 0 0 0 10000
0 0 0 0 10000
0 0 0 0 10000
0 0 0 0 10000
0 0 0 0 10000
0 0 0 0 10000
0 0 0 0 10000
0 0 0 0 10000
0 0 0 0 10000
0 0 0 0 10000
0 0 0 0 10000
0 0 0 0 10000
0 0 0 0 10000
0 0 0 0 10000
0 0 0 0 10000
0 0 0 0 10000
0 0 0 0 10000
0 0 0 0 10000
0 0 0 0 10000
0 0 0 0 10000
0 0 0 0 10000
0 0 0 0 10000
0 0 0 0 10000
0 0 0 0 10000
0 0 0 0 10000
0 0 0 0 10000
0 0 0 0 10000
0 0 0 0 10000
0 0 0 0 10000
0 0 0 0 10000
0 0 0 0 10000
0 0 0 0 10000
0 0 0 0 10000
0 0 0 0 10000
0 0 0 0 10000
0 0 0 0 10000
0 0 0 0 10000
0 0 0 0 10000
0 0 0 0 10000
0 0 0 0 10000
0 0 0 0 10000
0 0 0 0 10000
0 0 0 0 10000
0 0 0 0 10000
0 0 0 0 10000
0 0 0 0 10000
0 0 0 0 10000
0 0 0 0 10000
0 0 0 0 10000
0 0 0 0 10000
0 0 0 0 10000
0 0 0 0 10000
0 0 0 0 10000
0 0 0 0 10000
0 0 0 0 10000
0 0 0 0 10000
0 0 0 0 10000
0 0 0 0 10000
0 0 0 0 10000
0 0 0 0 10000
0 0 0 0 10000
0 0 0 0 10000
0 0 0 0 10000
0 0 0 0 10000
0 0 0 0 10000
0 0 0 0 10000
0 0 0 0 10000
0 0 0 0 10000
0 0 0 0 10000
0 0 0 0 10000
0 0 0 0 10000
0 0 0 0 10000
0 0 0 0 10000
0 0 0 0 10000
0 0 0 0 10000
0 0 0 0 10000
0 0 0 0 10000
0 0 0 0 10000
0 0 0 0 10000
0 0 0 0 10000
0 0 0 0 10000
0 0 0 0 10000
0 0 0 0 10000
0 0 0 0 10000
0 0 0 0 10000
0 0 0 0 10000
0 0 0 0 10000
0 0 0 0 10000
0 0 0 0 10000
0 0 0 0 10000
0 0 0 0 10000
0 0 0 0 10000
0 0 0 0 10000
0 0 0 0 10000
0 0 0 0 10000
0 0 0 0 10000
0 0 0 0 10000
0 0 0 0 10000
0 0 0 0 10000
0 0 0 0 10000
0 0 0 0 10000
0 0 0 0 10000
0 0 0 0 10000
0 0 0 0 10000
0 0 0 0 10000
0 0 0 0 10000
0 0 0 0 10000
0 0 0 0 10000
0 0 0 0 10000
0 0 0 0 10000
0 0 0 0 10000
0 0 0 0 10000
0 0 0 0 10000
0 0 0 0 10000
0 0 0 0 10000
0 0 0 0 10000
0 0 0 0 10000
0 0 0 0 10000
0 0 0 0 10000
0 0 0 0 10000
0 0 0 0 10000
0 0 0 0 10000
0 0 0 0 10000
0 0 0 0 10000
0 0 0 0 10000
0 0 0 0 10000
0 0 0 0 10000
0 0 0 0 10000
0 0 0 0 10000
0 0 0 0 10000
0 0 0 0 10000
0 0 0 0 10000
0 0 0 0 10000
0 0 0 0 10000
0 0 0 0 10000
0 0 0 0 10000
0 0 0 0 10000
0 0 0 0 10000
0 0 0 0 10000
0 0 0 0 10000
0 255 0 0 10000
0 255 0 0 10000
0 255 0 0 10000
0 255 0 0 10000
0 255 0 0 10000
0 255 0 0 10000
0 255 0 0 10000
0 255 0 0 10000
0 255 0 0 10000
0 255 0 0 10000
0 255 0 0 10000
0 255 0 0 10000
0 255 0 0 10000
0 255 0 0 10000
0 255 0 0 10000
0 255 0 0 10000
0 255 0 0 10000
0 255 0 0 10000
0 255 0 0 10000
0 255 0 0 10000
0 255 0 0 10000
0 255 0 0 10000
0 255 0 0 10000
0 255 0 0 10000
0 255 0 0 10000
0 255 0 0 10000
0 255 0 0 10000
0 255 0 0 10000
0 255 0 0 10000
0 255 0 0 10000
0 255 0 0 10000
0 255 0 0 10000
0 255 0 0 10000
0 255 0 0 10000
0 255 0 0 10000
0 255 0 0 10000
0 255 0 0 10000
0 255 0 0 10000
0 255 0 0 10000
0 255 0 0 10000
0 255 0 0 10000
0 255 0 0 10000
0 255 0 0 10000
0 255 0 0 10000
0 255 0 0 10000
0 255 0 0 10000
0 255 0 0 10000
0 255 0 0 10000
0 255 0 0 10000
0 255 0 0 10000
0 255 0 0 10000
0 255 0 0 10000
0 255 0 0 10000
0 255 0 0 10000
0 255 0 0 10000
0 255 0 0 10000
0 255 0 0 10000
0 255 0 0 10000
0 255 0 0 10000
0 255 0 0 10000
0 255 0 0 10000
0 255 0 0 10000
0 255 0 0 10000
0 255 0 0 10000
0 255 0 0 10000
0 255 0 0 10000
0 255 0 0 10000
0 255 0 0 10000
0 255 0 0 10000
0 255 0 0 10000
0 255 0 0 10000
0 255 0 0 10000
0 255 0 0 10000
0 255 0 0 10000
0 255 0 0 10000
0 255 0 0 10000
0 255 0 0 10000
0 255 0 0 10000
0 255 0 0 10000
0 255 0 0 10000
0 255 0 0 10000
0 255 0 0 10000
0 255 0 0 10000
0 255 0 0 10000
0 255 0 0 10000
0 255 0 0 10000
0 255 0 0 10000
0 255 0 0 10000
0 255 0 0 10000
0 255 0 0 10000
0 255 0 0 10000
0 255 0 0 10000
0 255 0 0 10000
0 255 0 0 10000
0 255 0 0 10000
0 255 0 0 10000
0 255 0 0 10000
0 255 0 0 10000
0 255 0 0 10000
0 255 0 0 10000
0 255 0 0 10000
0 255 0 0 10000
0 255 0 0 10000
0 255 0 0 10000
0 255 0 0 10000
0 255 0 0 10000
0 255 0 0 10000
0 255 0 0 10000
0 255 0 0 10000
0 255 0 0 10000
0 255 0 0 10000
0 255 0 0 10000
0 255 0 0 10000
0 255 0 0 10000
0 255 0 0 10000
0 255 0 0 10000
0 255 0 0 10000
0 255 0 0 10000
0 255 0 0 10000
0 255 0 0 10000
0 255 0 0 10000
0 255 0 0 10000
0 255 0 0 10000
0 255 0 0 10000
0 255 0 0 10000
0 255 0 0 10000
0 255 0 0 10000
0 255 0 0 10000
0 255 0 0 10000
0 255 0 0 10000
0 255 0 0 10000
0 255 0 0 10000
0 255 0 0 10000
0 255 0 0 10000
0 255 0 0 10000
0 255 0 0 10000
0 255 0 0 10000
0 255 0 0 10000
0 255 0 0 10000
0 255 0 0 10000
0 255 0 0 10000
0 255 0 0 10000
0 255 0 0 10000
0 255 0 0 10000
0 255 0 0 10000
0 255 0 0 10000
0 255 0 0 10000
0 255 0 0 10000
0 255 0 0 10000
0 255 0 0 10000
0 0 0 0 10000
0 0 0 0 10000
0 0 0 0 10000
0 0 0 0 10000
0 0 0 0 10000
0 0 0 0 10000
0 0 0 0 10000
0 0 0 0 10000
0 0 0 0 10000
0 0 0 0 10000
0 0 0 0 10000
0 0 0 0 10000
0 0 0 0 10000
0 0 0 0 10000
0 0 0 0 10000
0 0 0 0 10000
0 0 0 0 10000
0 0 0 0 10000
0 0 0 0 10000
0 0 0 0 10000
0 0 0 0 10000
0 0 0 0 10000
0 0 0 0 10000
0 0 0 0 10000
0 0 0 0 10000
0 0 0 0 10000
0 0 0 0 10000
0 0 0 0 10000
0 0 0 0 10000
0 0 0 0 10000
0 0 0 0 10000
0 0 0 0 10000
0 0 0 0 10000
0 0 0 0 10000
0 0 0 0 10000
0 0 0 0 10000
0 0 0 0 10000
0 0 0 0 10000
0 0 0 0 10000
0 0 0 0 10000
0 0 0 0 10000
0 0 0 0 10000
0 0 0 0 10000
0 0 0 0 10000
0 0 0 0 10000
0 0 0 0 10000
0 0 0 0 10000
0 0 0 0 10000
0 0 0 0 10000
0 0 0 0 10000
0 0 0 0 10000
0 0 0 0 10000
0 0 0 0 10000
0 0 0 0 10000
0 0 0 0 10000
0 0 0 0 10000
0 0 0 0 10000
0 0 0 0 10000
0 0 0 0 10000
0 0 0 0 10000
0 0 0 0 10000
0 0 0 0 10000
0 0 0 0 10000
0 0 0 0 10000
0 0 0 0 10000
0 0 0 0 10000
0 0 0 0 10000
0 0 0 0 10000
0 0 0 0 10000
0 0 0 0 10000
0 0 0 0 10000
0 0 0 0 10000
0 0 0 0 10000
0 0 0 0 10000
0 0 0 0 10000
0 0 0 0 10000
0 0 0 0 10000
0 0 0 0 10000
0 0 0 0 10000
0 0 0 0 10000
0 0 0 0 10000
0 0 0 0 10000
0 0 0 0 10000
0 0 0 0 10000
0 0 0 0 10000
0 0 0 0 10000
0 0 0 0 10000
0 0 0 0 10000
0 0 0 0 10000
0 0 0 0 10000
0 0 0 0 10000
0 0 0 0 10000
0 0 0 0 10000
0 0 0 0 10000
0 0 0 0 10000
0 0 0 0 10000
0 0 0 0 10000
0 0 0 0 10000
0 0 0 0 10000
0 0 0 0 10000
0 0 0 0 10000
0 0 0 0 10000
0 0 0 0 10000
0 0 0 0 10000
0 0 0 0 10000
0 0 0 0 10000
0 0 0 0 10000
0 0 0 0 10000
0 0 0 0 10000
0 0 0 0 10000
0 0 0 0 10000
0 0 0 0 10000
0 0 0 0 10000
0 0 0 0 10000
0 0 0 0 10000
0 0 0 0 10000
0 0 0 0 10000
0 0 0 0 10000
0 0 0 0 10000
0 0 0 0 10000
0 0 0 0 10000
0 0 0 0 10000
0 0 0 0 10000
0 0 0 0 10000
0 0 0 0 10000
0 0 0 0 10000
0 0 0 0 10000
0 0 0 0 10000
0 0 0 0 10000
0 0 0 0 10000
0 0 0 0 10000
0 0 0 0 10000
0 0 0 0 10000
0 0 0 0 10000
0 0 0 0 10000
0 0 0 0 10000
0 0 0 0 10000
0 0 0 0 10000
0 0 0 0 10000
0 0 0 0 10000
0 0 0 0 10000
0 0 0 0 10000
0 0 0 0 10000
0 0 0 0 10000
0 0 0 0 10000
0 0 0 0 10000
0 0 0 0 10000
0 0 0 0 10000
0 0 0 0 10000
0 0 0 0 10000
0 128 0 0 10000
0 128 0 0 10000
0 128 0 0 10000
0 128 0 0 10000
0 128 0 0 10000
0 128 0 0 10000
0 128 0 0 10000
0 128 0 0 10000
0 128 0 0 10000
0 128 0 0 10000
0 128 0 0 10000
0 128 0 0 10000
0 128 0 0 10000
0 128 0 0 10000
0 128 0 0 10000
0 128 0 0 10000
0 128 0 0 10000
0 128 0 0 10000
0 128 0 0 10000
0 128 0 0 10000
0 128 0 0 10000
0 128 0 0 10000
0 128 0 0 10000
0 128 0 0 10000
0 128 0 0 10000
0 128 0 0 10000
0 128 0 0 10000
0 128 0 0 10000
0 128 0 0 10000
0 128 0 0 10000
0 128 0 0 10000
0 128 0 0 10000
0 128 0 0 10000
0 128 0 0 10000
0 128 0 0 10000
0 128 0 0 10000
0 128 0 0 10000
0 128 0 0 10000
0 128 0 0 10000
0 128 0 0 10000
0 128 0 0 10000
0 128 0 0 10000
0 128 0 0 10000
0 128 0 0 10000
0 128 0 0 10000
0 128 0 0 10000
0 128 0 0 10000
0 128 0 0 10000
0 128 0 0 10000
0 128 0 0 10000
0 128 0 0 10000
0 128 0 0 10000
0 128 0 0 10000
0 128 0 0 10000
0 128 0 0 10000
0 128 0 0 10000
0 128 0 0 10000
0 128 0 0 10000
0 128 0 0 10000
0 128 0 0 10000
0 128 0 0 10000
0 128 0 0 10000
0 128 0 0 10000
0 128 0 0 10000
0 128 0 0 10000
0 128 0 0 10000
0 128 0 0 10000
0 128 0 0 10000
0 128 0 0 10000
0 128 0 0 10000
0 128 0 0 10000
0 128 0 0 10000
0 128 0 0 10000
0 128 0 0 10000
0 128 0 0 10000
0 128 0 0 10000
0 128 0 0 10000
0 128 0 0 10000
0 128 0 0 10000
0 128 0 0 10000
0 128 0 0 10000
0 128 0 0 10000
0 128 0 0 10000
0 128 0 0 10000
0 128 0 0 10000
0 128 0 0 10000
0 128 0 0 10000
0 128 0 0 10000
0 128 0 0 10000
0 128 0 0 10000
0 128 0 0 10000
0 128 0 0 10000
0 128 0 0 10000
0 128 0 0 10000
0 128 0 0 10000
0 128 0 0 10000
0 128 0 0 10000
0 128 0 0 10000
0 128 0 0 10000
0 128 0 0 10000
0 128 0 0 10000
0 128 0 0 10000
0 128 0 0 10000
0 129 0 0 10000
0 130 0 0 10000
0 132 0 0 10000
0 133 0 0 10000
0 135 0 0 10000
0 138 0 0 10000
0 141 0 0 10000
0 144 0 0 10000
0 147 0 0 10000
0 151 0 0 10000
0 154 0 0 10000
0 159 0 0 10000
0 163 0 0 10000
0 168 0 0 10000
0 173 0 0 10000
0 178 0 0 10000
0 184 0 0 10000
0 189 0 0 10000
0 195 0 0 10000
0 201 0 0 10000
0 206 0 0 10000
0 212 0 0 10000
0 218 0 0 10000
0 224 0 0 10000
0 229 0 0 10000
0 234 0 0 10000
0 239 0 0 10000
0 243 0 0 10000
0 247 0 0 10000
0 250 0 0 10000
0 253 0 0 10000
0 255 0 0 10000
0 255 0 0 10000
0 255 0 0 10000
0 254 0 0 10000
0 252 0 0 10000
0 248 0 0 10000
0 243 0 0 10000
0 237 0 0 10000
0 230 0 0 10000
0 221 0 0 10000
0 211 0 0 10000
0 199 0 0 10000
0 187 0 0 10000
0 173 0 0 10000
0 159 0 0 10000
0 143 0 0 10000
0 128 0 0 10000
0 111 0 0 10000
0 95 0 0 10000
0 79 0 0 10000
0 64 0 0 10000
0 49 0 0 10000
0 36 0 0 10000
0 24 0 0 10000
0 14 0 0 10000
0 7 0 0 10000
0 2 0 0 10000
0 0 0 0 10000
0 0 0 0 10000
0 4 0 0 10000
0 11 0 0 10000
0 22 0 0 10000
0 35 0 0 10000
0 51 0 0 10000
0 69 0 0 10000
0 90 0 0 10000
0 111 0 0 10000
0 134 0 0 10000
0 157 0 0 10000
0 179 0 0 10000
0 200 0 0 10000
0 218 0 0 10000
0 233 0 0 10000
0 245 0 0 10000
0 253 0 0 10000
0 255 0 0 10000
0 253 0 0 10000
0 246 0 0 10000
0 233 0 0 10000
0 216 0 0 10000
0 195 0 0 10000
0 171 0 0 10000
0 144 0 0 10000
0 116 0 0 10000
0 89 0 0 10000
0 63 0 0 10000
0 40 0 0 10000
0 21 0 0 10000
0 8 0 0 10000
0 1 0 0 10000
0 0 0 0 10000
0 7 0 0 10000
0 21 0 0 10000
0 41 0 0 10000
0 66 0 0 10000
0 96 0 0 10000
0 127 0 0 10000
0 159 0 0 10000
0 190 0 0 10000
0 216 0 0 10000
0 237 0 0 10000
0 250 0 0 10000
0 255 0 0 10000
0 252 0 0 10000
0 239 0 0 10000
0 217 0 0 10000
0 189 0 0 10000
0 156 0 0 10000
0 120 0 0 10000
0 85 0 0 10000
0 53 0 0 10000
0 26 0 0 10000
0 8 0 0 10000
0 0 0 0 10000
0 3 0 0 10000
0 16 0 0 10000
0 40 0 0 10000
0 72 0 0 10000
0 109 0 0 10000
0 148 0 0 10000
0 186 0 0 10000
0 218 0 0 10000
0 242 0 0 10000
0 254 0 0 10000
0 254 0 0 10000
0 240 0 0 10000
0 215 0 0 10000
0 180 0 0 10000
0 140 0 0 10000
0 97 0 0 10000
0 58 0 0 10000
0 26 0 0 10000
0 6 0 0 10000
0 0 0 0 10000
0 8 0 0 10000
0 31 0 0 10000
0 66 0 0 10000
0 108 0 0 10000
0 154 0 0 10000
0 196 0 0 10000
0 230 0 0 10000
0 250 0 0 10000
0 255 0 0 10000
0 243 0 0 10000
0 215 0 0 10000
0 174 0 0 10000
0 128 0 0 10000
0 80 0 0 10000
0 39 0 0 10000
0 11 0 0 10000
0 0 0 0 10000
0 7 0 0 10000
0 33 0 0 10000
0 73 0 0 10000
0 122 0 0 10000
0 172 0 0 10000
0 215 0 0 10000
0 245 0 0 10000
0 255 0 0 10000
0 245 0 0 10000
0 216 0 0 10000
0 171 0 0 10000
0 118 0 0 10000
0 67 0 0 10000
0 26 0 0 10000
0 3 0 0 10000
0 2 0 0 10000
0 23 0 0 10000
0 64 0 0 10000
0 116 0 0 10000
0 171 0 0 10000
0 218 0 0 10000
0 248 0 0 10000
0 255 0 0 10000
0 237 0 0 10000
0 197 0 0 10000
0 144 0 0 10000
0 86 0 0 10000
0 37 0 0 10000
0 6 0 0 10000
0 1 0 0 10000
0 22 0 0 10000
0 65 0 0 10000
0 123 0 0 10000
0 181 0 0 10000
0 228 0 0 10000
0 253 0 0 10000
0 250 0 0 10000
0 219 0 0 10000
0 167 0 0 10000
0 106 0 0 10000
0 49 0 0 10000
0 11 0 0 10000
0 0 0 0 10000
0 20 0 0 10000
0 66 0 0 10000
0 127 0 0 10000
0 189 0 0 10000
0 236 0 0 10000
0 255 0 0 10000
0 242 0 0 10000
0 199 0 0 10000
0 138 0 0 10000
0 73 0 0 10000
0 23 0 0 10000
0 0 0 0 10000
0 12 0 0 10000
0 55 0 0 10000
0 118 0 0 10000
0 185 0 0 10000
0 235 0 0 10000
0 255 0 0 10000
0 239 0 0 10000
0 191 0 0 10000
0 124 0 0 10000
0 57 0 0 10000
0 12 0 0 10000
0 0 0 0 10000
0 27 0 0 10000
0 85 0 0 10000
0 156 0 0 10000
0 218 0 0 10000
0 252 0 0 10000
0 248 0 0 10000
0 205 0 0 10000
0 137 0 0 10000
0 66 0 0 10000
0 14 0 0 10000
0 0 0 0 10000
0 28 0 0 10000
0 89 0 0 10000
0 163 0 0 10000
0 226 0 0 10000
0 255 0 0 10000
0 240 0 0 10000
0 186 0 0 10000
0 111 0 0 10000
0 42 0 0 10000
0 3 0 0 10000
0 8 0 0 10000
0 57 0 0 10000
0 132 0 0 10000
0 205 0 0 10000
0 250 0 0 10000
0 249 0 0 10000
0 203 0 0 10000
0 127 0 0 10000
0 52 0 0 10000
0 6 0 0 10000
0 6 0 0 10000
0 54 0 0 10000
0 132 0 0 10000
0 207 0 0 10000
0 251 0 0 10000
0 246 0 0 10000
0 192 0 0 10000
0 111 0 0 10000
0 37 0 0 10000
0 1 0 0 10000
0 17 0 0 10000
0 80 0 0 10000
0 163 0 0 10000
0 232 0 0 10000
0 255 0 0 10000
0 224 0 0 10000
0 150 0 0 10000
0 66 0 0 10000
0 9 0 0 10000
0 5 0 0 10000
0 56 0 0 10000
0 140 0 0 10000
0 218 0 0 10000
0 255 0 0 10000
0 233 0 0 10000
0 162 0 0 10000
0 74 0 0 10000
0 12 0 0 10000
0 4 0 0 10000
0 55 0 0 10000
0 142 0 0 10000
0 221 0 0 10000
0 255 0 0 10000
0 227 0 0 10000
0 148 0 0 10000
0 60 0 0 10000
0 5 0 0 10000
0 12 0 0 10000
0 78 0 0 10000
0 169 0 0 10000
0 240 0 0 10000
0 252 0 0 10000
0 199 0 0 10000
0 109 0 0 10000
0 28 0 0 10000
0 0 0 0 10000
0 40 0 0 10000
0 127 0 0 10000
0 215 0 0 10000
0 255 0 0 10000
0 225 0 0 10000
0 141 0 0 10000
0 49 0 0 10000
0 1 0 0 10000
0 24 0 0 10000
0 106 0 0 10000
0 200 0 0 10000
0 253 0 0 10000
0 234 0 0 10000
0 152 0 0 10000
0 56 0 0 10000
0 2 0 0 10000
0 22 0 0 10000
0 104 0 0 10000
0 201 0 0 10000
0 254 0 0 10000
0 230 0 0 10000
0 144 0 0 10000
0 47 0 0 10000
0 0 0 0 10000
0 32 0 0 10000
0 124 0 0 10000
0 218 0 0 10000
0 255 0 0 10000
0 212 0 0 10000
0 114 0 0 10000
0 25 0 0 10000
0 2 0 0 10000
0 60 0 0 10000
0 163 0 0 10000
0 243 0 0 10000
0 246 0 0 10000
0 171 0 0 10000
0 66 0 0 10000
0 3 0 0 10000
0 23 0 0 10000
0 115 0 0 10000
0 215 0 0 10000
0 255 0 0 10000
0 207 0 0 10000
0 104 0 0 10000
0 16 0 0 10000
0 7 0 0 10000
0 83 0 0 10000
0 190 0 0 10000
0 253 0 0 10000
0 226 0 0 10000
0 128 0 0 10000
0 29 0 0 10000
0 2 0 0 10000
0 67 0 0 10000
0 177 0 0 10000
0 250 0 0 10000
0 232 0 0 10000
0 136 0 0 10000
0 33 0 0 10000
0 1 0 0 10000
0 66 0 0 10000
0 178 0 0 10000
0 251 0 0 10000
0 229 0 0 10000
0 128 0 0 10000
0 26 0 0 10000
0 4 0 0 10000
0 79 0 0 10000
0 193 0 0 10000
0 255 0 0 10000
0 215 0 0 10000
0 105 0 0 10000
0 13 0 0 10000
0 14 0 0 10000
0 108 0 0 10000
0 218 0 0 10000
0 254 0 0 10000
0 185 0 0 10000
0 68 0 0 10000
0 1 0 0 10000
0 40 0 0 10000
0 153 0 0 10000
0 245 0 0 10000
0 237 0 0 10000
0 135 0 0 10000
0 26 0 0 10000
0 6 0 0 10000
0 91 0 0 10000
0 208 0 0 10000
0 255 0 0 10000
0 189 0 0 10000
0 69 0 0 10000
0 0 0 0 10000
0 46 0 0 10000
0 165 0 0 10000
0 250 0 0 10000
0 224 0 0 10000
0 110 0 0 10000
0 11 0 0 10000
0 20 0 0 10000
0 128 0 0 10000
0 128 0 0 10000
0 128 0 0 10000
0 128 0 0 10000
0 128 0 0 10000
0 128 0 0 10000
0 128 0 0 10000
0 128 0 0 10000
0 128 0 0 10000
0 128 0 0 10000
0 128 0 0 10000
0 128 0 0 10000
0 128 0 0 10000
0 128 0 0 10000
0 128 0 0 10000
0 128 0 0 10000
0 128 0 0 10000
0 128 0 0 10000
0 128 0 0 10000
0 128 0 0 10000
0 128 0 0 10000
0 128 0 0 10000
0 128 0 0 10000
0 128 0 0 10000
0 128 0 0 10000
0 128 0 0 10000
0 128 0 0 10000
0 128 0 0 10000
0 128 0 0 10000
0 128 0 0 10000
0 128 0 0 10000
0 128 0 0 10000
0 128 0 0 10000
0 128 0 0 10000
0 128 0 0 10000
0 128 0 0 10000
0 128 0 0 10000
0 128 0 0 10000
0 128 0 0 10000
0 128 0 0 10000
0 128 0 0 10000
0 128 0 0 10000
0 128 0 0 10000
0 128 0 0 10000
0 128 0 0 10000
0 128 0 0 10000
0 128 0 0 10000
0 128 0 0 10000
0 128 0 0 10000
0 128 0 0 10000
0 128 0 0 10000
0 128 0 0 10000
0 128 0 0 10000
0 128 0 0 10000
0 128 0 0 10000
0 128 0 0 10000
0 128 0 0 10000
0 128 0 0 10000
0 128 0 0 10000
0 128 0 0 10000
0 128 0 0 10000
0 128 0 0 10000
0 128 0 0 10000
0 128 0 0 10000
0 128 0 0 10000
0 128 0 0 10000
0 128 0 0 10000
0 128 0 0 10000
0 128 0 0 10000
0 128 0 0 10000
0 128 0 0 10000
0 128 0 0 10000
0 128 0 0 10000
0 128 0 0 10000
0 128 0 0 10000
0 128 0 0 10000
0 128 0 0 10000
0 128 0 0 10000
0 128 0 0 10000
0 128 0 0 10000
0 128 0 0 10000
0 128 0 0 10000
0 128 0 0 10000
0 128 0 0 10000
0 128 0 0 10000
0 128 0 0 10000
0 128 0 0 10000
0 128 0 0 10000
0 128 0 0 10000
0 128 0 0 10000
0 128 0 0 10000
0 128 0 0 10000
0 128 0 0 10000
0 128 0 0 10000
0 128 0 0 10000
0 128 0 0 10000
0 128 0 0 10000
0 128 0 0 10000
0 128 0 0 10000
0 128 0 0 10000
0 128 0 0 10000
0 128 0 0 10000
0 128 0 0 10000
0 128 0 0 10000
0 129 0 0 10000
0 129 0 0 10000
0 129 0 0 10000
0 130 0 0 10000
0 130 0 0 10000
0 130 0 0 10000
0 129 0 0 10000
0 129 0 0 10000
0 128 0 0 10000
0 127 0 0 10000
0 126 0 0 10000
0 125 0 0 10000
0 124 0 0 10000
0 123 0 0 10000
0 122 0 0 10000
0 121 0 0 10000
0 121 0 0 10000
0 122 0 0 10000
0 123 0 0 10000
0 124 0 0 10000
0 126 0 0 10000
0 128 0 0 10000
0 130 0 0 10000
0 132 0 0 10000
0 134 0 0 10000
0 135 0 0 10000
0 137 0 0 10000
0 137 0 0 10000
0 138 0 0 10000
0 137 0 0 10000
0 136 0 0 10000
0 134 0 0 10000
0 132 0 0 10000
0 129 0 0 10000
0 126 0 0 10000
0 123 0 0 10000
0 120 0 0 10000
0 117 0 0 10000
0 115 0 0 10000
0 114 0 0 10000
0 113 0 0 10000
0 114 0 0 10000
0 115 0 0 10000
0 117 0 0 10000
0 120 0 0 10000
0 124 0 0 10000
0 127 0 0 10000
0 132 0 0 10000
0 136 0 0 10000
0 139 0 0 10000
0 142 0 0 10000
0 144 0 0 10000
0 145 0 0 10000
0 145 0 0 10000
0 144 0 0 10000
0 142 0 0 10000
0 139 0 0 10000
0 135 0 0 10000
0 130 0 0 10000
0 125 0 0 10000
0 120 0 0 10000
0 115 0 0 10000
0 111 0 0 10000
0 108 0 0 10000
0 106 0 0 10000
0 105 0 0 10000
0 106 0 0 10000
0 108 0 0 10000
0 112 0 0 10000
0 116 0 0 10000
0 122 0 0 10000
0 127 0 0 10000
0 134 0 0 10000
0 139 0 0 10000
0 145 0 0 10000
0 149 0 0 10000
0 152 0 0 10000
0 153 0 0 10000
0 153 0 0 10000
0 152 0 0 10000
0 148 0 0 10000
0 143 0 0 10000
0 138 0 0 10000
0 131 0 0 10000
0 124 0 0 10000
0 117 0 0 10000
0 111 0 0 10000
0 105 0 0 10000
0 101 0 0 10000
0 98 0 0 10000
0 97 0 0 10000
0 99 0 0 10000
0 102 0 0 10000
0 106 0 0 10000
0 112 0 0 10000
0 120 0 0 10000
0 127 0 0 10000
0 136 0 0 10000
0 143 0 0 10000
0 150 0 0 10000
0 156 0 0 10000
0 159 0 0 10000
0 161 0 0 10000
0 161 0 0 10000
0 159 0 0 10000
0 154 0 0 10000
0 148 0 0 10000
0 141 0 0 10000
0 132 0 0 10000
0 123 0 0 10000
0 114 0 0 10000
0 106 0 0 10000
0 99 0 0 10000
0 94 0 0 10000
0 90 0 0 10000
0 89 0 0 10000
0 91 0 0 10000
0 95 0 0 10000
0 101 0 0 10000
0 109 0 0 10000
0 118 0 0 10000
0 127 0 0 10000
0 138 0 0 10000
0 147 0 0 10000
0 156 0 0 10000
0 162 0 0 10000
0 167 0 0 10000
0 169 0 0 10000
0 169 0 0 10000
0 166 0 0 10000
0 161 0 0 10000
0 153 0 0 10000
0 144 0 0 10000
0 133 0 0 10000
0 122 0 0 10000
0 111 0 0 10000
0 101 0 0 10000
0 93 0 0 10000
0 86 0 0 10000
0 83 0 0 10000
0 82 0 0 10000
0 83 0 0 10000
0 88 0 0 10000
0 95 0 0 10000
0 105 0 0 10000
0 116 0 0 10000
0 127 0 0 10000
0 140 0 0 10000
0 151 0 0 10000
0 161 0 0 10000
0 169 0 0 10000
0 175 0 0 10000
0 177 0 0 10000
0 177 0 0 10000
0 173 0 0 10000
0 167 0 0 10000
0 158 0 0 10000
0 146 0 0 10000
0 134 0 0 10000
0 121 0 0 10000
0 108 0 0 10000
0 96 0 0 10000
0 87 0 0 10000
0 79 0 0 10000
0 75 0 0 10000
0 74 0 0 10000
0 76 0 0 10000
0 81 0 0 10000
0 90 0 0 10000
0 101 0 0 10000
0 114 0 0 10000
0 127 0 0 10000
0 142 0 0 10000
0 155 0 0 10000
0 166 0 0 10000
0 176 0 0 10000
0 182 0 0 10000
0 185 0 0 10000
0 185 0 0 10000
0 180 0 0 10000
0 173 0 0 10000
0 162 0 0 10000
0 149 0 0 10000
0 135 0 0 10000
0 120 0 0 10000
0 105 0 0 10000
0 92 0 0 10000
0 80 0 0 10000
0 72 0 0 10000
0 67 0 0 10000
0 66 0 0 10000
0 68 0 0 10000
0 75 0 0 10000
0 84 0 0 10000
0 97 0 0 10000
0 112 0 0 10000
0 127 0 0 10000
0 143 0 0 10000
0 159 0 0 10000
0 172 0 0 10000
0 183 0 0 10000
0 190 0 0 10000
0 193 0 0 10000
0 193 0 0 10000
0 188 0 0 10000
0 179 0 0 10000
0 167 0 0 10000
0 152 0 0 10000
0 136 0 0 10000
0 119 0 0 10000
0 102 0 0 10000
0 87 0 0 10000
0 74 0 0 10000
0 65 0 0 10000
0 59 0 0 10000
0 58 0 0 10000
0 61 0 0 10000
0 68 0 0 10000
0 79 0 0 10000
0 93 0 0 10000
0 110 0 0 10000
0 127 0 0 10000
0 145 0 0 10000
0 162 0 0 10000
0 177 0 0 10000
0 189 0 0 10000
0 197 0 0 10000
0 201 0 0 10000
0 200 0 0 10000
0 195 0 0 10000
0 185 0 0 10000
0 172 0 0 10000
0 155 0 0 10000
0 137 0 0 10000
0 118 0 0 10000
0 99 0 0 10000
0 82 0 0 10000
0 68 0 0 10000
0 57 0 0 10000
0 51 0 0 10000
0 50 0 0 10000
0 53 0 0 10000
0 61 0 0 10000
0 73 0 0 10000
0 89 0 0 10000
0 108 0 0 10000
0 127 0 0 10000
0 147 0 0 10000
0 166 0 0 10000
0 183 0 0 10000
0 196 0 0 10000
0 205 0 0 10000
0 209 0 0 10000
0 208 0 0 10000
0 202 0 0 10000
0 191 0 0 10000
0 176 0 0 10000
0 158 0 0 10000
0 138 0 0 10000
0 117 0 0 10000
0 96 0 0 10000
0 78 0 0 10000
0 62 0 0 10000
0 50 0 0 10000
0 43 0 0 10000
0 42 0 0 10000
0 45 0 0 10000
0 54 0 0 10000
0 68 0 0 10000
0 85 0 0 10000
0 106 0 0 10000
0 127 0 0 10000
0 149 0 0 10000
0 170 0 0 10000
0 188 0 0 10000
0 203 0 0 10000
0 213 0 0 10000
0 217 0 0 10000
0 216 0 0 10000
0 209 0 0 10000
0 198 0 0 10000
0 181 0 0 10000
0 161 0 0 10000
0 139 0 0 10000
0 116 0 0 10000
0 93 0 0 10000
0 73 0 0 10000
0 56 0 0 10000
0 43 0 0 10000
0 35 0 0 10000
0 34 0 0 10000
0 38 0 0 10000
0 48 0 0 10000
0 62 0 0 10000
0 82 0 0 10000
0 104 0 0 10000
0 127 0 0 10000
0 151 0 0 10000
0 174 0 0 10000
0 194 0 0 10000
0 210 0 0 10000
0 220 0 0 10000
0 225 0 0 10000
0 224 0 0 10000
0 217 0 0 10000
0 204 0 0 10000
0 186 0 0 10000
0 164 0 0 10000
0 140 0 0 10000
0 115 0 0 10000
0 91 0 0 10000
0 68 0 0 10000
0 50 0 0 10000
0 36 0 0 10000
0 28 0 0 10000
0 26 0 0 10000
0 30 0 0 10000
0 41 0 0 10000
0 57 0 0 10000
0 78 0 0 10000
0 102 0 0 10000
0 128 0 0 10000
0 153 0 0 10000
0 178 0 0 10000
0 199 0 0 10000
0 216 0 0 10000
0 228 0 0 10000
0 233 0 0 10000
0 232 0 0 10000
0 224 0 0 10000
0 210 0 0 10000
0 191 0 0 10000
0 167 0 0 10000
0 141 0 0 10000
0 114 0 0 10000
0 88 0 0 10000
0 64 0 0 10000
0 43 0 0 10000
0 28 0 0 10000
0 20 0 0 10000
0 18 0 0 10000
0 23 0 0 10000
0 34 0 0 10000
0 51 0 0 10000
0 74 0 0 10000
0 100 0 0 10000
0 127 0 0 10000
0 155 0 0 10000
0 182 0 0 10000
0 205 0 0 10000
0 223 0 0 10000
0 236 0 0 10000
0 241 0 0 10000
0 240 0 0 10000
0 231 0 0 10000
0 216 0 0 10000
0 195 0 0 10000
0 170 0 0 10000
0 142 0 0 10000
0 113 0 0 10000
0 85 0 0 10000
0 59 0 0 10000
0 37 0 0 10000
0 21 0 0 10000
0 12 0 0 10000
0 10 0 0 10000
0 15 0 0 10000
0 27 0 0 10000
0 46 0 0 10000
0 70 0 0 10000
0 98 0 0 10000
0 127 0 0 10000
0 157 0 0 10000
0 186 0 0 10000
0 210 0 0 10000
0 230 0 0 10000
0 243 0 0 10000
0 249 0 0 10000
0 248 0 0 10000
0 238 0 0 10000
0 222 0 0 10000
0 200 0 0 10000
0 173 0 0 10000
0 143 0 0 10000
0 112 0 0 10000
0 82 0 0 10000
0 54 0 0 10000
0 31 0 0 10000
0 14 0 0 10000
0 4 0 0 10000
0 2 0 0 10000
0 7 0 0 10000
0 21 0 0 10000
0 41 0 0 10000
0 66 0 0 10000
0 96 0 0 10000
0 128 0 0 10000
0 128 0 0 10000
0 128 0 0 10000
0 128 0 0 10000
0 128 0 0 10000
0 128 0 0 10000
0 128 0 0 10000
0 128 0 0 10000
0 128 0 0 10000
0 128 0 0 10000
0 128 0 0 10000
0 128 0 0 10000
0 128 0 0 10000
0 128 0 0 10000
0 128 0 0 10000
0 128 0 0 10000
0 128 0 0 10000
0 128 0 0 10000
0 128 0 0 10000
0 128 0 0 10000
0 128 0 0 10000
0 128 0 0 10000
0 128 0 0 10000
0 128 0 0 10000
0 128 0 0 10000
0 128 0 0 10000
0 128 0 0 10000
0 128 0 0 10000
0 128 0 0 10000
0 128 0 0 10000
0 128 0 0 10000
0 128 0 0 10000
0 128 0 0 10000
0 128 0 0 10000
0 128 0 0 10000
0 128 0 0 10000
0 128 0 0 10000
0 128 0 0 10000
0 128 0 0 10000
0 128 0 0 10000
0 128 0 0 10000
0 128 0 0 10000
0 128 0 0 10000
0 128 0 0 10000
0 128 0 0 10000
0 128 0 0 10000
0 128 0 0 10000
0 128 0 0 10000
0 128 0 0 10000
0 128 0 0 10000
0 128 0 0 10000
0 128 0 0 10000
0 128 0 0 10000
0 128 0 0 10000
0 128 0 0 10000
0 128 0 0 10000
0 128 0 0 10000
0 128 0 0 10000
0 128 0 0 10000
0 128 0 0 10000
0 128 0 0 10000
0 128 0 0 10000
0 128 0 0 10000
0 128 0 0 10000
0 128 0 0 10000
0 128 0 0 10000
0 128 0 0 10000
0 128 0 0 10000
0 128 0 0 10000
0 128 0 0 10000
0 128 0 0 10000
0 128 0 0 10000
0 128 0 0 10000
0 128 0 0 10000
0 128 0 0 10000
0 128 0 0 10000
0 128 0 0 10000
0 128 0 0 10000
0 128 0 0 10000
0 128 0 0 10000
0 128 0 0 10000
0 128 0 0 10000
0 128 0 0 10000
0 128 0 0 10000
0 128 0 0 10000
0 128 0 0 10000
0 128 0 0 10000
0 128 0 0 10000
0 128 0 0 10000
0 128 0 0 10000
0 128 0 0 10000
0 128 0 0 10000
0 128 0 0 10000
0 128 0 0 10000
0 128 0 0 10000
0 128 0 0 10000
0 128 0 0 10000
0 128 0 0 10000
0 128 0 0 10000
0 128 0 0 10000
0 0 0 0 10000
0 0 0 0 10001
0 0 0 0 10001
0 0 0 0 10001
0 0 0 0 10001
0 0 0 0 10001
0 0 0 0 10001
0 0 0 0 10001
0 0 0 0 10001
0 0 0 0 10001
0 0 0 0 10001
0 0 0 0 10001
0 0 0 0 10001
0 0 0 0 10001
0 0 0 0 10001
0 0 0 0 10001
0 0 0 0 10001
0 0 0 0 10001
0 0 0 0 10001
0 0 0 0 10001
0 0 0 0 10001
0 0 0 0 10001
0 0 0 0 10001
0 0 0 0 10001
0 0 0 0 10001
0 0 0 0 10001
0 0 0 0 10001
0 0 0 0 10001
0 0 0 0 10001
0 0 0 0 10001
0 0 0 0 10001
0 0 0 0 10001
0 0 0 0 10001
0 0 0 0 10001
0 0 0 0 10001
0 0 0 0 10001
0 0 0 0 10001
0 0 0 0 10001
0 0 0 0 10001
0 0 0 0 10001
0 0 0 0 10001
0 0 0 0 10001
0 0 0 0 10001
0 0 0 0 10001
0 0 0 0 10001
0 0 0 0 10001
0 0 0 0 10001
0 0 0 0 10001
0 0 0 0 10001
0 0 0 0 10001
0 0 0 0 10001
0 0 0 0 10001
0 0 0 0 10001
0 0 0 0 10001
0 0 0 0 10001
0 0 0 0 10001
0 0 0 0 10001
0 0 0 0 10001
0 0 0 0 10001
0 0 0 0 10001
0 0 0 0 10001
0 0 0 0 10001
0 0 0 0 10001
0 0 0 0 10001
0 0 0 0 10001
0 0 0 0 10001
0 0 0 0 10001
0 0 0 0 10001
0 0 0 0 10001
0 0 0 0 10001
0 0 0 0 10001
0 0 0 0 10001
0 0 0 0 10001
0 0 0 0 10001
0 0 0 0 10001
0 0 0 0 10001
0 0 0 0 10001
0 0 0 0 10001
0 0 0 0 10001
0 0 0 0 10001
0 0 0 0 10001
0 0 0 0 10001
0 0 0 0 10001
0 0 0 0 10001
0 0 0 0 10001
0 0 0 0 10001
0 0 0 0 10001
0 0 0 0 10001
0 0 0 0 10001
0 0 0 0 10001
0 0 0 0 10001
0 0 0 0 10001
0 0 0 0 10001
0 0 0 0 10001
0 0 0 0 10001
0 0 0 0 10001
0 0 0 0 10001
0 0 0 0 10001
0 0 0 0 10001
0 0 0 0 10001
0 0 0 0 10001
0 0 0 0 10001
0 0 0 0 10001
0 0 0 0 10001
0 0 0 0 10001
0 0 0 0 10001
0 0 0 0 10001
0 0 0 0 10001
0 0 0 0 10001
0 0 0 0 10001
0 0 0 0 10001
0 0 0 0 10001
0 0 0 0 10001
0 0 0 0 10001
0 0 0 0 10001
0 0 0 0 10001
0 0 0 0 10001
0 0 0 0 10001
0 0 0 0 10001
0 0 0 0 10001
0 0 0 0 10001
0 0 0 0 10001
0 0 0 0 10001
0 0 0 0 10001
0 0 0 0 10001
0 0 0 0 10001
0 0 0 0 10001
0 0 0 0 10001
0 0 0 0 10001
0 0 0 0 10001
0 0 0 0 10001
0 0 0 0 10001
0 0 0 0 10001
0 0 0 0 10001
0 0 0 0 10001
0 0 0 0 10001
0 0 0 0 10001
0 0 0 0 10001
0 0 0 0 10001
0 0 0 0 10001
0 0 0 0 10001
0 0 0 0 10001
0 0 0 0 10001
0 0 0 0 10001
0 0 0 0 10001
0 0 0 0 10001
0 0 0 0 10001
0 0 0 0 10001
0 0 0 0 10001
0 0 0 0 10001
0 0 0 0 10001
0 0 0 0 10001
0 0 0 0 10001
0 0 0 0 10001
0 0 0 0 10001
0 0 0 0 10001
0 0 0 0 10001
0 0 0 0 10001
0 0 0 0 10001
0 0 0 0 10001
0 0 0 0 10001
0 0 0 0 10001
0 0 0 0 10001
0 0 0 0 10001
0 0 0 0 10001
0 0 0 0 10001
0 0 0 0 10001
0 0 0 0 10001
0 0 0 0 10001
0 0 0 0 10001
0 0 0 0 10001
0 0 0 0 10001
0 0 0 0 10001
0 0 0 0 10001
0 0 0 0 10001
0 0 0 0 10001
0 0 0 0 10001
0 0 0 0 10001
0 0 0 0 10001
0 0 0 0 10001
0 0 0 0 10001
0 0 0 0 10001
0 0 0 0 10001
0 0 0 0 10001
0 0 0 0 10001
0 0 0 0 10001
0 0 0 0 10001
0 0 0 0 10001
0 0 0 0 10001
0 0 0 0 10001
0 0 0 0 10001
0 0 0 0 10001
0 0 0 0 10001
0 0 0 0 10001
0 0 0 0 10001
0 0 0 0 10001
0 0 0 0 10001
0 0 0 0 10001
0 0 0 0 10001
0 0 0 0 10001
0 255 0 0 10001
0 255 0 0 10001
0 255 0 0 10001
0 255 0 0 10001
0 255 0 0 10001
0 255 0 0 10001
0 255 0 0 10001
0 255 0 0 10001
0 255 0 0 10001
0 255 0 0 10001
0 255 0 0 10001
0 255 0 0 10001
0 255 0 0 10001
0 255 0 0 10001
0 255 0 0 10001
0 255 0 0 10001
0 255 0 0 10001
0 255 0 0 10001
0 255 0 0 10001
0 255 0 0 10001
0 255 0 0 10001
0 255 0 0 10001
0 255 0 0 10001
0 255 0 0 10001
0 255 0 0 10001
0 255 0 0 10001
0 255 0 0 10001
0 255 0 0 10001
0 255 0 0 10001
0 255 0 0 10001
0 255 0 0 10001
0 255 0 0 10001
0 255 0 0 10001
0 255 0 0 10001
0 255 0 0 10001
0 255 0 0 10001
0 255 0 0 10001
0 255 0 0 10001
0 255 0 0 10001
0 255 0 0 10001
0 255 0 0 10001
0 255 0 0 10001
0 255 0 0 10001
0 255 0 0 10001
0 255 0 0 10001
0 255 0 0 10001
0 255 0 0 10001
0 255 0 0 10001
0 255 0 0 10001
0 255 0 0 10001
0 255 0 0 10001
0 255 0 0 10001
0 255 0 0 10001
0 255 0 0 10001
0 255 0 0 10001
0 255 0 0 10001
0 255 0 0 10001
0 255 0 0 10001
0 255 0 0 10001
0 255 0 0 10001
0 255 0 0 10001
0 255 0 0 10001
0 255 0 0 10001
0 255 0 0 10001
0 255 0 0 10001
0 255 0 0 10001
0 255 0 0 10001
0 255 0 0 10001
0 255 0 0 10001
0 255 0 0 10001
0 255 0 0 10001
0 255 0 0 10001
0 255 0 0 10001
0 255 0 0 10001
0 255 0 0 10001
0 255 0 0 10001
0 255 0 0 10001
0 255 0 0 10001
0 255 0 0 10001
0 255 0 0 10001
0 255 0 0 10001
0 255 0 0 10001
0 255 0 0 10001
0 255 0 0 10001
0 255 0 0 10001
0 255 0 0 10001
0 255 0 0 10001
0 255 0 0 10001
0 255 0 0 10001
0 255 0 0 10001
0 255 0 0 10001
0 255 0 0 10001
0 255 0 0 10001
0 255 0 0 10001
0 255 0 0 10001
0 255 0 0 10001
0 255 0 0 10001
0 255 0 0 10001
0 255 0 0 10001
0 255 0 0 10001
0 255 0 0 10001
0 255 0 0 10001
0 255 0 0 10001
0 255 0 0 10001
0 255 0 0 10001
0 255 0 0 10001
0 255 0 0 10001
0 255 0 0 10001
0 255 0 0 10001
0 255 0 0 10001
0 255 0 0 10001
0 255 0 0 10001
0 255 0 0 10001
0 255 0 0 10001
0 255 0 0 10001
0 255 0 0 10001
0 255 0 0 10001
0 255 0 0 10001
0 255 0 0 10001
0 255 0 0 10001
0 255 0 0 10001
0 255 0 0 10001
0 255 0 0 10001
0 255 0 0 10001
0 255 0 0 10001
0 255 0 0 10001
0 255 0 0 10001
0 255 0 0 10001
0 255 0 0 10001
0 255 0 0 10001
0 255 0 0 10001
0 255 0 0 10001
0 255 0 0 10001
0 255 0 0 10001
0 255 0 0 10001
0 255 0 0 10001
0 255 0 0 10001
0 255 0 0 10001
0 255 0 0 10001
0 255 0 0 10001
0 255 0 0 10001
0 255 0 0 10001
0 255 0 0 10001
0 255 0 0 10001
0 255 0 0 10001
0 255 0 0 10001
0 255 0 0 10001
0 255 0 0 10001
0 255 0 0 10001
0 255 0 0 10001
0 0 0 0 10001
0 0 0 0 10001
0 0 0 0 10001
0 0 0 0 10001
0 0 0 0 10001
0 0 0 0 10001
0 0 0 0 10001
0 0 0 0 10001
0 0 0 0 10001
0 0 0 0 10001
0 0 0 0 10001
0 0 0 0 10001
0 0 0 0 10001
0 0 0 0 10001
0 0 0 0 10001
0 0 0 0 10001
0 0 0 0 10001
0 0 0 0 10001
0 0 0 0 10001
0 0 0 0 10001
0 0 0 0 10001
0 0 0 0 10001
0 0 0 0 10001
0 0 0 0 10001
0 0 0 0 10001
0 0 0 0 10001
0 0 0 0 10001
0 0 0 0 10001
0 0 0 0 10001
0 0 0 0 10001
0 0 0 0 10001
0 0 0 0 10001
0 0 0 0 10001
0 0 0 0 10001
0 0 0 0 10001
0 0 0 0 10001
0 0 0 0 10001
0 0 0 0 10001
0 0 0 0 10001
0 0 0 0 10001
0 0 0 0 10001
0 0 0 0 10001
0 0 0 0 10001
0 0 0 0 10001
0 0 0 0 10001
0 0 0 0 10001
0 0 0 0 10001
0 0 0 0 10001
0 0 0 0 10001
0 0 0 0 10001
0 0 0 0 10001
0 0 0 0 10001
0 0 0 0 10001
0 0 0 0 10001
0 0 0 0 10001
0 0 0 0 10001
0 0 0 0 10001
0 0 0 0 10001
0 0 0 0 10001
0 0 0 0 10001
0 0 0 0 10001
0 0 0 0 10001
0 0 0 0 10001
0 0 0 0 10001
0 0 0 0 10001
0 0 0 0 10001
0 0 0 0 10001
0 0 0 0 10001
0 0 0 0 10001
0 0 0 0 10001
0 0 0 0 10001
0 0 0 0 10001
0 0 0 0 10001
0 0 0 0 10001
0 0 0 0 10001
0 0 0 0 10001
0 0 0 0 10001
0 0 0 0 10001
0 0 0 0 10001
0 0 0 0 10001
0 0 0 0 10001
0 0 0 0 10001
0 0 0 0 10001
0 0 0 0 10001
0 0 0 0 10001
0 0 0 0 10001
0 0 0 0 10001
0 0 0 0 10001
0 0 0 0 10001
0 0 0 0 10001
0 0 0 0 10001
0 0 0 0 10001
0 0 0 0 10001
0 0 0 0 10001
0 0 0 0 10001
0 0 0 0 10001
0 0 0 0 10001
0 0 0 0 10001
0 0 0 0 10001
0 0 0 0 10001
0 0 0 0 10001
0 0 0 0 10001
0 0 0 0 10001
0 0 0 0 10001
0 0 0 0 10001
0 0 0 0 10001
0 0 0 0 10001
0 0 0 0 10001
0 0 0 0 10001
0 0 0 0 10001
0 0 0 0 10001
0 0 0 0 10001
0 0 0 0 10001
0 0 0 0 10001
0 0 0 0 10001
0 0 0 0 10001
0 0 0 0 10001
0 0 0 0 10001
0 0 0 0 10001
0 0 0 0 10001
0 0 0 0 10001
0 0 0 0 10001
0 0 0 0 10001
0 0 0 0 10001
0 0 0 0 10001
0 0 0 0 10001
0 0 0 0 10001
0 0 0 0 10001
0 0 0 0 10001
0 0 0 0 10001
0 0 0 0 10001
0 0 0 0 10001
0 0 0 0 10001
0 0 0 0 10001
0 0 0 0 10001
0 0 0 0 10001
0 0 0 0 10001
0 0 0 0 10001
0 0 0 0 10001
0 0 0 0 10001
0 0 0 0 10001
0 0 0 0 10001
0 0 0 0 10001
0 0 0 0 10001
0 0 0 0 10001
0 0 0 0 10001
0 0 0 0 10001
0 0 0 0 10001
0 0 0 0 10001
0 0 0 0 10001
0 128 0 0 10001
0 128 0 0 10001
0 128 0 0 10001
0 128 0 0 10001
0 128 0 0 10001
0 128 0 0 10001
0 128 0 0 10001
0 128 0 0 10001
0 128 0 0 10001
0 128 0 0 10001
0 128 0 0 10001
0 128 0 0 10001
0 128 0 0 10001
0 128 0 0 10001
0 128 0 0 10001
0 128 0 0 10001
0 128 0 0 10001
0 128 0 0 10001
0 128 0 0 10001
0 128 0 0 10001
0 128 0 0 10001
0 128 0 0 10001
0 128 0 0 10001
0 128 0 0 10001
0 128 0 0 10001
0 128 0 0 10001
0 128 0 0 10001
0 128 0 0 10001
0 128 0 0 10001
0 128 0 0 10001
0 128 0 0 10001
0 128 0 0 10001
0 128 0 0 10001
0 128 0 0 10001
0 128 0 0 10001
0 128 0 0 10001
0 128 0 0 10001
0 128 0 0 10001
0 128 0 0 10001
0 128 0 0 10001
0 128 0 0 10001
0 128 0 0 10001
0 128 0 0 10001
0 128 0 0 10001
0 128 0 0 10001
0 128 0 0 10001
0 128 0 0 10001
0 128 0 0 10001
0 128 0 0 10001
0 128 0 0 10001
0 128 0 0 10001
0 128 0 0 10001
0 128 0 0 10001
0 128 0 0 10001
0 128 0 0 10001
0 128 0 0 10001
0 128 0 0 10001
0 128 0 0 10001
0 128 0 0 10001
0 128 0 0 10001
0 128 0 0 10001
0 128 0 0 10001
0 128 0 0 10001
0 128 0 0 10001
0 128 0 0 10001
0 128 0 0 10001
0 128 0 0 10001
0 128 0 0 10001
0 128 0 0 10001
0 128 0 0 10001
0 128 0 0 10001
0 128 0 0 10001
0 128 0 0 10001
0 128 0 0 10001
0 128 0 0 10001
0 128 0 0 10001
0 128 0 0 10001
0 128 0 0 10001
0 128 0 0 10001
0 128 0 0 10001
0 128 0 0 10001
0 128 0 0 10001
0 128 0 0 10001
0 128 0 0 10001
0 128 0 0 10001
0 128 0 0 10001
0 128 0 0 10001
0 128 0 0 10001
0 128 0 0 10001
0 128 0 0 10001
0 128 0 0 10001
0 128 0 0 10001
0 128 0 0 10001
0 128 0 0 10001
0 128 0 0 10001
0 128 0 0 10001
0 128 0 0 10001
0 128 0 0 10001
0 128 0 0 10001
0 128 0 0 10001
0 128 0 0 10001
0 128 0 0 10001
0 128 0 0 10001
0 129 0 0 10001
0 130 0 0 10001
0 132 0 0 10001
0 133 0 0 10001
0 135 0 0 10001
0 138 0 0 10001
0 141 0 0 10001
0 144 0 0 10001
0 147 0 0 10001
0 151 0 0 10001
0 154 0 0 10001
0 159 0 0 10001
0 163 0 0 10001
0 168 0 0 10001
0 173 0 0 10001
0 178 0 0 10001
0 184 0 0 10001
0 189 0 0 10001
0 195 0 0 10001
0 201 0 0 10001
0 206 0 0 10001
0 212 0 0 10001
0 218 0 0 10001
0 224 0 0 10001
0 229 0 0 10001
0 234 0 0 10001
0 239 0 0 10001
0 243 0 0 10001
0 247 0 0 10001
0 250 0 0 10001
0 253 0 0 10001
0 255 0 0 10001
0 255 0 0 10001
0 255 0 0 10001
0 254 0 0 10001
0 252 0 0 10001
0 248 0 0 10001
0 243 0 0 10001
0 237 0 0 10001
0 230 0 0 10001
0 221 0 0 10001
0 211 0 0 10001
0 199 0 0 10001
0 187 0 0 10001
0 173 0 0 10001
0 159 0 0 10001
0 143 0 0 10001
0 128 0 0 10001
0 111 0 0 10001
0 95 0 0 10001
0 79 0 0 10001
0 64 0 0 10001
0 49 0 0 10001
0 36 0 0 10001
0 24 0 0 10001
0 14 0 0 10001
0 7 0 0 10001
0 2 0 0 10001
0 0 0 0 10001
0 0 0 0 10001
0 4 0 0 10001
0 11 0 0 10001
0 22 0 0 10001
0 35 0 0 10001
0 51 0 0 10001
0 69 0 0 10001
0 90 0 0 10001
0 111 0 0 10001
0 134 0 0 10001
0 157 0 0 10001
0 179 0 0 10001
0 200 0 0 10001
0 218 0 0 10001
0 233 0 0 10001
0 245 0 0 10001
0 253 0 0 10001
0 255 0 0 10001
0 253 0 0 10001
0 246 0 0 10001
0 233 0 0 10001
0 216 0 0 10001
0 195 0 0 10001
0 171 0 0 10001
0 144 0 0 10001
0 116 0 0 10001
0 89 0 0 10001
0 63 0 0 10001
0 40 0 0 10001
0 21 0 0 10001
0 8 0 0 10001
0 1 0 0 10001
0 0 0 0 10001
0 7 0 0 10001
0 21 0 0 10001
0 41 0 0 10001
0 66 0 0 10001
0 96 0 0 10001
0 127 0 0 10001
0 159 0 0 10001
0 190 0 0 10001
0 216 0 0 10001
0 237 0 0 10001
0 250 0 0 10001
0 255 0 0 10001
0 252 0 0 10001
0 239 0 0 10001
0 217 0 0 10001
0 189 0 0 10001
0 156 0 0 10001
0 120 0 0 10001
0 85 0 0 10001
0 53 0 0 10001
0 26 0 0 10001
0 8 0 0 10001
0 0 0 0 10001
0 3 0 0 10001
0 16 0 0 10001
0 40 0 0 10001
0 72 0 0 10001
0 109 0 0 10001
0 148 0 0 10001
0 186 0 0 10001
0 218 0 0 10001
0 242 0 0 10001
0 254 0 0 10001
0 254 0 0 10001
0 240 0 0 10001
0 215 0 0 10001
0 180 0 0 10001
0 140 0 0 10001
0 97 0 0 10001
0 58 0 0 10001
0 26 0 0 10001
0 6 0 0 10001
0 0 0 0 10001
0 8 0 0 10001
0 31 0 0 10001
0 66 0 0 10001
0 108 0 0 10001
0 154 0 0 10001
0 196 0 0 10001
0 230 0 0 10001
0 250 0 0 10001
0 255 0 0 10001
0 243 0 0 10001
0 215 0 0 10001
0 174 0 0 10001
0 128 0 0 10001
0 80 0 0 10001
0 39 0 0 10001
0 11 0 0 10001
0 0 0 0 10001
0 7 0 0 10001
0 33 0 0 10001
0 73 0 0 10001
0 122 0 0 10001
0 172 0 0 10001
0 215 0 0 10001
0 245 0 0 10001
0 255 0 0 10001
0 245 0 0 10001
0 216 0 0 10001
0 171 0 0 10001
0 118 0 0 10001
0 67 0 0 10001
0 26 0 0 10001
0 3 0 0 10001
0 2 0 0 10001
0 23 0 0 10001
0 64 0 0 10001
0 116 0 0 10001
0 171 0 0 10001
0 218 0 0 10001
0 248 0 0 10001
0 255 0 0 10001
0 237 0 0 10001
0 197 0 0 10001
0 144 0 0 10001
0 86 0 0 10001
0 37 0 0 10001
0 6 0 0 10001
0 1 0 0 10001
0 22 0 0 10001
0 65 0 0 10001
0 123 0 0 10001
0 181 0 0 10001
0 228 0 0 10001
0 253 0 0 10001
0 250 0 0 10001
0 219 0 0 10001
0 167 0 0 10001
0 106 0 0 10001
0 49 0 0 10001
0 11 0 0 10001
0 0 0 0 10001
0 20 0 0 10001
0 66 0 0 10001
0 127 0 0 10001
0 189 0 0 10001
0 236 0 0 10001
0 255 0 0 10001
0 242 0 0 10001
0 199 0 0 10001
0 138 0 0 10001
0 73 0 0 10001
0 23 0 0 10001
0 0 0 0 10001
0 12 0 0 10001
0 55 0 0 10001
0 118 0 0 10001
0 185 0 0 10001
0 235 0 0 10001
0 255 0 0 10001
0 239 0 0 10001
0 191 0 0 10001
0 124 0 0 10001
0 57 0 0 10001
0 12 0 0 10001
0 0 0 0 10001
0 27 0 0 10001
0 85 0 0 10001
0 156 0 0 10001
0 218 0 0 10001
0 252 0 0 10001
0 248 0 0 10001
0 205 0 0 10001
0 137 0 0 10001
0 66 0 0 10001
0 14 0 0 10001
0 0 0 0 10001
0 28 0 0 10001
0 89 0 0 10001
0 163 0 0 10001
0 226 0 0 10001
0 255 0 0 10001
0 240 0 0 10001
0 186 0 0 10001
0 111 0 0 10001
0 42 0 0 10001
0 3 0 0 10001
0 8 0 0 10001
0 57 0 0 10001
0 132 0 0 10001
0 205 0 0 10001
0 250 0 0 10001
0 249 0 0 10001
0 203 0 0 10001
0 127 0 0 10001
0 52 0 0 10001
0 6 0 0 10001
0 6 0 0 10001
0 54 0 0 10001
0 132 0 0 10001
0 207 0 0 10001
0 251 0 0 10001
0 246 0 0 10001
0 192 0 0 10001
0 111 0 0 10001
0 37 0 0 10001
0 1 0 0 10001
0 17 0 0 10001
0 80 0 0 10001
0 163 0 0 10001
0 232 0 0 10001
0 255 0 0 10001
0 224 0 0 10001
0 150 0 0 10001
0 66 0 0 10001
0 9 0 0 10001
0 5 0 0 10001
0 56 0 0 10001
0 140 0 0 10001
0 218 0 0 10001
0 255 0 0 10001
0 233 0 0 10001
0 162 0 0 10001
0 74 0 0 10001
0 12 0 0 10001
0 4 0 0 10001
0 55 0 0 10001
0 142 0 0 10001
0 221 0 0 10001
0 255 0 0 10001
0 227 0 0 10001
0 148 0 0 10001
0 60 0 0 10001
0 5 0 0 10001
0 12 0 0 10001
0 78 0 0 10001
0 169 0 0 10001
0 240 0 0 10001
0 252 0 0 10001
0 199 0 0 10001
0 109 0 0 10001
0 28 0 0 10001
0 0 0 0 10001
0 40 0 0 10001
0 127 0 0 10001
0 215 0 0 10001
0 255 0 0 10001
0 225 0 0 10001
0 141 0 0 10001
0 49 0 0 10001
0 1 0 0 10001
0 24 0 0 10001
0 106 0 0 10001
0 200 0 0 10001
0 253 0 0 10001
0 234 0 0 10001
0 152 0 0 10001
0 56 0 0 10001
0 2 0 0 10001
0 22 0 0 10001
0 104 0 0 10001
0 201 0 0 10001
0 254 0 0 10001
0 230 0 0 10001
0 144 0 0 10001
0 47 0 0 10001
0 0 0 0 10001
0 32 0 0 10001
0 124 0 0 10001
0 218 0 0 10001
0 255 0 0 10001
0 212 0 0 10001
0 114 0 0 10001
0 25 0 0 10001
0 2 0 0 10001
0 60 0 0 10001
0 163 0 0 10001
0 243 0 0 10001
0 246 0 0 10001
0 171 0 0 10001
0 66 0 0 10001
0 3 0 0 10001
0 23 0 0 10001
0 115 0 0 10001
0 215 0 0 10001
0 255 0 0 10001
0 207 0 0 10001
0 104 0 0 10001
0 16 0 0 10001
0 7 0 0 10001
0 83 0 0 10001
0 190 0 0 10001
0 253 0 0 10001
0 226 0 0 10001
0 128 0 0 10001
0 29 0 0 10001
0 2 0 0 10001
0 67 0 0 10001
0 177 0 0 10001
0 250 0 0 10001
0 232 0 0 10001
0 136 0 0 10001
0 33 0 0 10001
0 1 0 0 10001
0 66 0 0 10001
0 178 0 0 10001
0 251 0 0 10001
0 229 0 0 10001
0 128 0 0 10001
0 26 0 0 10001
0 4 0 0 10001
0 79 0 0 10001
0 193 0 0 10001
0 255 0 0 10001
0 215 0 0 10001
0 105 0 0 10001
0 13 0 0 10001
0 14 0 0 10001
0 108 0 0 10001
0 218 0 0 10001
0 254 0 0 10001
0 185 0 0 10001
0 68 0 0 10001
0 1 0 0 10001
0 40 0 0 10001
0 153 0 0 10001
0 245 0 0 10001
0 237 0 0 10001
0 135 0 0 10001
0 26 0 0 10001
0 6 0 0 10001
0 91 0 0 10001
0 208 0 0 10001
0 255 0 0 10001
0 189 0 0 10001
0 69 0 0 10001
0 0 0 0 10001
0 46 0 0 10001
0 165 0 0 10001
0 250 0 0 10001
0 224 0 0 10001
0 110 0 0 10001
0 11 0 0 10001
0 20 0 0 10001
0 128 0 0 10001
0 128 0 0 10001
0 128 0 0 10001
0 128 0 0 10001
0 128 0 0 10001
0 128 0 0 10001
0 128 0 0 10001
0 128 0 0 10001
0 128 0 0 10001
0 128 0 0 10001
0 128 0 0 10001
0 128 0 0 10001
0 128 0 0 10001
0 128 0 0 10001
0 128 0 0 10001
0 128 0 0 10001
0 128 0 0 10001
0 128 0 0 10001
0 128 0 0 10001
0 128 0 0 10001
0 128 0 0 10001
0 128 0 0 10001
0 128 0 0 10001
0 128 0 0 10001
0 128 0 0 10001
0 128 0 0 10001
0 128 0 0 10001
0 128 0 0 10001
0 128 0 0 10001
0 128 0 0 10001
0 128 0 0 10001
0 128 0 0 10001
0 128 0 0 10001
0 128 0 0 10001
0 128 0 0 10001
0 128 0 0 10001
0 128 0 0 10001
0 128 0 0 10001
0 128 0 0 10001
0 128 0 0 10001
0 128 0 0 10001
0 128 0 0 10001
0 128 0 0 10001
0 128 0 0 10001
0 128 0 0 10001
0 128 0 0 10001
0 128 0 0 10001
0 128 0 0 10001
0 128 0 0 10001
0 128 0 0 10001
0 128 0 0 10001
0 128 0 0 10001
0 128 0 0 10001
0 128 0 0 10001
0 128 0 0 10001
0 128 0 0 10001
0 128 0 0 10001
0 128 0 0 10001
0 128 0 0 10001
0 128 0 0 10001
0 128 0 0 10001
0 128 0 0 10001
0 128 0 0 10001
0 128 0 0 10001
0 128 0 0 10001
0 128 0 0 10001
0 128 0 0 10001
0 128 0 0 10001
0 128 0 0 10001
0 128 0 0 10001
0 128 0 0 10001
0 128 0 0 10001
0 128 0 0 10001
0 128 0 0 10001
0 128 0 0 10001
0 128 0 0 10001
0 128 0 0 10001
0 128 0 0 10001
0 128 0 0 10001
0 128 0 0 10001
0 128 0 0 10001
0 128 0 0 10001
0 128 0 0 10001
0 128 0 0 10001
0 128 0 0 10001
0 128 0 0 10001
0 128 0 0 10001
0 128 0 0 10001
0 128 0 0 10001
0 128 0 0 10001
0 128 0 0 10001
0 128 0 0 10001
0 128 0 0 10001
0 128 0 0 10001
0 128 0 0 10001
0 128 0 0 10001
0 128 0 0 10001
0 128 0 0 10001
0 128 0 0 10001
0 128 0 0 10001
0 128 0 0 10001
0 128 0 0 10001
0 128 0 0 10001
0 128 0 0 10001
0 129 0 0 10001
0 129 0 0 10001
0 129 0 0 10001
0 130 0 0 10001
0 130 0 0 10001
0 130 0 0 10001
0 129 0 0 10001
0 129 0 0 10001
0 128 0 0 10001
0 127 0 0 10001
0 126 0 0 10001
0 125 0 0 10001
0 124 0 0 10001
0 123 0 0 10001
0 122 0 0 10001
0 121 0 0 10001
0 121 0 0 10001
0 122 0 0 10001
0 123 0 0 10001
0 124 0 0 10001
0 126 0 0 10001
0 128 0 0 10001
0 130 0 0 10001
0 132 0 0 10001
0 134 0 0 10001
0 135 0 0 10001
0 137 0 0 10001
0 137 0 0 10001
0 138 0 0 10001
0 137 0 0 10001
0 136 0 0 10001
0 134 0 0 10001
0 132 0 0 10001
0 129 0 0 10001
0 126 0 0 10001
0 123 0 0 10001
0 120 0 0 10001
0 117 0 0 10001
0 115 0 0 10001
0 114 0 0 10001
0 113 0 0 10001
0 114 0 0 10001
0 115 0 0 10001
0 117 0 0 10001
0 120 0 0 10001
0 124 0 0 10001
0 127 0 0 10001
0 132 0 0 10001
0 136 0 0 10001
0 139 0 0 10001
0 142 0 0 10001
0 144 0 0 10001
0 145 0 0 10001
0 145 0 0 10001
0 144 0 0 10001
0 142 0 0 10001
0 139 0 0 10001
0 135 0 0 10001
0 130 0 0 10001
0 125 0 0 10001
0 120 0 0 10001
0 115 0 0 10001
0 111 0 0 10001
0 108 0 0 10001
0 106 0 0 10001
0 105 0 0 10001
0 106 0 0 10001
0 108 0 0 10001
0 112 0 0 10001
0 116 0 0 10001
0 122 0 0 10001
0 127 0 0 10001
0 134 0 0 10001
0 139 0 0 10001
0 145 0 0 10001
0 149 0 0 10001
0 152 0 0 10001
0 153 0 0 10001
0 153 0 0 10001
0 152 0 0 10001
0 148 0 0 10001
0 143 0 0 10001
0 138 0 0 10001
0 131 0 0 10001
0 124 0 0 10001
0 117 0 0 10001
0 111 0 0 10001
0 105 0 0 10001
0 101 0 0 10001
0 98 0 0 10001
0 97 0 0 10001
0 99 0 0 10001
0 102 0 0 10001
0 106 0 0 10001
0 112 0 0 10001
0 120 0 0 10001
0 127 0 0 10001
0 136 0 0 10001
0 143 0 0 10001
0 150 0 0 10001
0 156 0 0 10001
0 159 0 0 10001
0 161 0 0 10001
0 161 0 0 10001
0 159 0 0 10001
0 154 0 0 10001
0 148 0 0 10001
0 141 0 0 10001
0 132 0 0 10001
0 123 0 0 10001
0 114 0 0 10001
0 106 0 0 10001
0 99 0 0 10001
0 94 0 0 10001
0 90 0 0 10001
0 89 0 0 10001
0 91 0 0 10001
0 95 0 0 10001
0 101 0 0 10001
0 109 0 0 10001
0 118 0 0 10001
0 127 0 0 10001
0 138 0 0 10001
0 147 0 0 10001
0 156 0 0 10001
0 162 0 0 10001
0 167 0 0 10001
0 169 0 0 10001
0 169 0 0 10001
0 166 0 0 10001
0 161 0 0 10001
0 153 0 0 10001
0 144 0 0 10001
0 133 0 0 10001
0 122 0 0 10001
0 111 0 0 10001
0 101 0 0 10001
0 93 0 0 10001
0 86 0 0 10001
0 83 0 0 10001
0 82 0 0 10001
0 83 0 0 10001
0 88 0 0 10001
0 95 0 0 10001
0 105 0 0 10001
0 116 0 0 10001
0 127 0 0 10001
0 140 0 0 10001
0 151 0 0 10001
0 161 0 0 10001
0 169 0 0 10001
0 175 0 0 10001
0 177 0 0 10001
0 177 0 0 10001
0 173 0 0 10001
0 167 0 0 10001
0 158 0 0 10001
0 146 0 0 10001
0 134 0 0 10001
0 121 0 0 10001
0 108 0 0 10001
0 96 0 0 10001
0 87 0 0 10001
0 79 0 0 10001
0 75 0 0 10001
0 74 0 0 10001
0 76 0 0 10001
0 81 0 0 10001
0 90 0 0 10001
0 101 0 0 10001
0 114 0 0 10001
0 127 0 0 10001
0 142 0 0 10001
0 155 0 0 10001
0 166 0 0 10001
0 176 0 0 10001
0 182 0 0 10001
0 185 0 0 10001
0 185 0 0 10001
0 180 0 0 10001
0 173 0 0 10001
0 162 0 0 10001
0 149 0 0 10001
0 135 0 0 10001
0 120 0 0 10001
0 105 0 0 10001
0 92 0 0 10001
0 80 0 0 10001
0 72 0 0 10001
0 67 0 0 10001
0 66 0 0 10001
0 68 0 0 10001
0 75 0 0 10001
0 84 0 0 10001
0 97 0 0 10001
0 112 0 0 10001
0 127 0 0 10001
0 143 0 0 10001
0 159 0 0 10001
0 172 0 0 10001
0 183 0 0 10001
0 190 0 0 10001
0 193 0 0 10001
0 193 0 0 10001
0 188 0 0 10001
0 179 0 0 10001
0 167 0 0 10001
0 152 0 0 10001
0 136 0 0 10001
0 119 0 0 10001
0 102 0 0 10001
0 87 0 0 10001
0 74 0 0 10001
0 65 0 0 10001
0 59 0 0 10001
0 58 0 0 10001
0 61 0 0 10001
0 68 0 0 10001
0 79 0 0 10001
0 93 0 0 10001
0 110 0 0 10001
0 127 0 0 10001
0 145 0 0 10001
0 162 0 0 10001
0 177 0 0 10001
0 189 0 0 10001
0 197 0 0 10001
0 201 0 0 10001
0 200 0 0 10001
0 195 0 0 10001
0 185 0 0 10001
0 172 0 0 10001
0 155 0 0 10001
0 137 0 0 10001
0 118 0 0 10001
0 99 0 0 10001
0 82 0 0 10001
0 68 0 0 10001
0 57 0 0 10001
0 51 0 0 10001
0 50 0 0 10001
0 53 0 0 10001
0 61 0 0 10001
0 73 0 0 10001
0 89 0 0 10001
0 108 0 0 10001
0 127 0 0 10001
0 147 0 0 10001
0 166 0 0 10001
0 183 0 0 10001
0 196 0 0 10001
0 205 0 0 10001
0 209 0 0 10001
0 208 0 0 10001
0 202 0 0 10001
0 191 0 0 10001
0 176 0 0 10001
0 158 0 0 10001
0 138 0 0 10001
0 117 0 0 10001
0 96 0 0 10001
0 78 0 0 10001
0 62 0 0 10001
0 50 0 0 10001
0 43 0 0 10001
0 42 0 0 10001
0 45 0 0 10001
0 54 0 0 10001
0 68 0 0 10001
0 85 0 0 10001
0 106 0 0 10001
0 127 0 0 10001
0 149 0 0 10001
0 170 0 0 10001
0 188 0 0 10001
0 203 0 0 10001
0 213 0 0 10001
0 217 0 0 10001
0 216 0 0 10001
0 209 0 0 10001
0 198 0 0 10001
0 181 0 0 10001
0 161 0 0 10001
0 139 0 0 10001
0 116 0 0 10001
0 93 0 0 10001
0 73 0 0 10001
0 56 0 0 10001
0 43 0 0 10001
0 35 0 0 10001
0 34 0 0 10001
0 38 0 0 10001
0 48 0 0 10001
0 62 0 0 10001
0 82 0 0 10001
0 104 0 0 10001
0 127 0 0 10001
0 151 0 0 10001
0 174 0 0 10001
0 194 0 0 10001
0 210 0 0 10001
0 220 0 0 10001
0 225 0 0 10001
0 224 0 0 10001
0 217 0 0 10001
0 204 0 0 10001
0 186 0 0 10001
0 164 0 0 10001
0 140 0 0 10001
0 115 0 0 10001
0 91 0 0 10001
0 68 0 0 10001
0 50 0 0 10001
0 36 0 0 10001
0 28 0 0 10001
0 26 0 0 10001
0 30 0 0 10001
0 41 0 0 10001
0 57 0 0 10001
0 78 0 0 10001
0 102 0 0 10001
0 128 0 0 10001
0 153 0 0 10001
0 178 0 0 10001
0 199 0 0 10001
0 216 0 0 10001
0 228 0 0 10001
0 233 0 0 10001
0 232 0 0 10001
0 224 0 0 10001
0 210 0 0 10001
0 191 0 0 10001
0 167 0 0 10001
0 141 0 0 10001
0 114 0 0 10001
0 88 0 0 10001
0 64 0 0 10001
0 43 0 0 10001
0 28 0 0 10001
0 20 0 0 10001
0 18 0 0 10001
0 23 0 0 10001
0 34 0 0 10001
0 51 0 0 10001
0 74 0 0 10001
0 100 0 0 10001
0 127 0 0 10001
0 155 0 0 10001
0 182 0 0 10001
0 205 0 0 10001
0 223 0 0 10001
0 236 0 0 10001
0 241 0 0 10001
0 240 0 0 10001
0 231 0 0 10001
0 216 0 0 10001
0 195 0 0 10001
0 170 0 0 10001
0 142 0 0 10001
0 113 0 0 10001
0 85 0 0 10001
0 59 0 0 10001
0 37 0 0 10001
0 21 0 0 10001
0 12 0 0 10001
0 10 0 0 10001
0 15 0 0 10001
0 27 0 0 10001
0 46 0 0 10001
0 70 0 0 10001
0 98 0 0 10001
0 127 0 0 10001
0 157 0 0 10001
0 186 0 0 10001
0 210 0 0 10001
0 230 0 0 10001
0 243 0 0 10001
0 249 0 0 10001
0 248 0 0 10001
0 238 0 0 10001
0 222 0 0 10001
0 200 0 0 10001
0 173 0 0 10001
0 143 0 0 10001
0 112 0 0 10001
0 82 0 0 10001
0 54 0 0 10001
0 31 0 0 10001
0 14 0 0 10001
0 4 0 0 10001
0 2 0 0 10001
0 7 0 0 10001
0 21 0 0 10001
0 41 0 0 10001
0 66 0 0 10001
0 96 0 0 10001
0 128 0 0 10001
0 128 0 0 10001
0 128 0 0 10001
0 128 0 0 10001
0 128 0 0 10001
0 128 0 0 10001
0 128 0 0 10001
0 128 0 0 10001
0 128 0 0 10001
0 128 0 0 10001
0 128 0 0 10001
0 128 0 0 10001
0 128 0 0 10001
0 128 0 0 10001
0 128 0 0 10001
0 128 0 0 10001
0 128 0 0 10001
0 128 0 0 10001
0 128 0 0 10001
0 128 0 0 10001
0 128 0 0 10001
0 128 0 0 10001
0 128 0 0 10001
0 128 0 0 10001
0 128 0 0 10001
0 128 0 0 10001
0 128 0 0 10001
0 128 0 0 10001
0 128 0 0 10001
0 128 0 0 10001
0 128 0 0 10001
0 128 0 0 10001
0 128 0 0 10001
0 128 0 0 10001
0 128 0 0 10001
0 128 0 0 10001
0 128 0 0 10001
0 128 0 0 10001
0 128 0 0 10001
0 128 0 0 10001
0 128 0 0 10001
0 128 0 0 10001
0 128 0 0 10001
0 128 0 0 10001
0 128 0 0 10001
0 128 0 0 10001
0 128 0 0 10001
0 128 0 0 10001
0 128 0 0 10001
0 128 0 0 10001
0 128 0 0 10001
0 128 0 0 10001
0 128 0 0 10001
0 128 0 0 10001
0 128 0 0 10001
0 128 0 0 10001
0 128 0 0 10001
0 128 0 0 10001
0 128 0 0 10001
0 128 0 0 10001
0 128 0 0 10001
0 128 0 0 10001
0 128 0 0 10001
0 128 0 0 10001
0 128 0 0 10001
0 128 0 0 10001
0 128 0 0 10001
0 128 0 0 10001
0 128 0 0 10001
0 128 0 0 10001
0 128 0 0 10001
0 128 0 0 10001
0 128 0 0 10001
0 128 0 0 10001
0 128 0 0 10001
0 128 0 0 10001
0 128 0 0 10001
0 128 0 0 10001
0 128 0 0 10001
0 128 0 0 10001
0 128 0 0 10001
0 128 0 0 10001
0 128 0 0 10001
0 128 0 0 10001
0 128 0 0 10001
0 128 0 0 10001
0 128 0 0 10001
0 128 0 0 10001
0 128 0 0 10001
0 128 0 0 10001
0 128 0 0 10001
0 128 0 0 10001
0 128 0 0 10001
0 128 0 0 10001
0 128 0 0 10001
0 128 0 0 10001
0 128 0 0 10001
0 128 0 0 10001
0 128 0 0 10001
0 128 0 0 10001
0 0 0 0 10001
0 0 0 0 10002
0 0 0 0 10002
0 0 0 0 10002
0 0 0 0 10002
0 0 0 0 10002
0 0 0 0 10002
0 0 0 0 10002
0 0 0 0 10002
0 0 0 0 10002
0 0 0 0 10002
0 0 0 0 10002
0 0 0 0 10002
0 0 0 0 10002
0 0 0 0 10002
0 0 0 0 10002
0 0 0 0 10002
0 0 0 0 10002
0 0 0 0 10002
0 0 0 0 10002
0 0 0 0 10002
0 0 0 0 10002
0 0 0 0 10002
0 0 0 0 10002
0 0 0 0 10002
0 0 0 0 10002
0 0 0 0 10002
0 0 0 0 10002
0 0 0 0 10002
0 0 0 0 10002
0 0 0 0 10002
0 0 0 0 10002
0 0 0 0 10002
0 0 0 0 10002
0 0 0 0 10002
0 0 0 0 10002
0 0 0 0 10002
0 0 0 0 10002
0 0 0 0 10002
0 0 0 0 10002
0 0 0 0 10002
0 0 0 0 10002
0 0 0 0 10002
0 0 0 0 10002
0 0 0 0 10002
0 0 0 0 10002
0 0 0 0 10002
0 0 0 0 10002
0 0 0 0 10002
0 0 0 0 10002
0 0 0 0 10002
0 0 0 0 10002
0 0 0 0 10002
0 0 0 0 10002
0 0 0 0 10002
0 0 0 0 10002
0 0 0 0 10002
0 0 0 0 10002
0 0 0 0 10002
0 0 0 0 10002
0 0 0 0 10002
0 0 0 0 10002
0 0 0 0 10002
0 0 0 0 10002
0 0 0 0 10002
0 0 0 0 10002
0 0 0 0 10002
0 0 0 0 10002
0 0 0 0 10002
0 0 0 0 10002
0 0 0 0 10002
0 0 0 0 10002
0 0 0 0 10002
0 0 0 0 10002
0 0 0 0 10002
0 0 0 0 10002
0 0 0 0 10002
0 0 0 0 10002
0 0 0 0 10002
0 0 0 0 10002
0 0 0 0 10002
0 0 0 0 10002
0 0 0 0 10002
0 0 0 0 10002
0 0 0 0 10002
0 0 0 0 10002
0 0 0 0 10002
0 0 0 0 10002
0 0 0 0 10002
0 0 0 0 10002
0 0 0 0 10002
0 0 0 0 10002
0 0 0 0 10002
0 0 0 0 10002
0 0 0 0 10002
0 0 0 0 10002
0 0 0 0 10002
0 0 0 0 10002
0 0 0 0 10002
0 0 0 0 10002
0 0 0 0 10002
0 0 0 0 10002
0 0 0 0 10002
0 0 0 0 10002
0 0 0 0 10002
0 0 0 0 10002
0 0 0 0 10002
0 0 0 0 10002
0 0 0 0 10002
0 0 0 0 10002
0 0 0 0 10002
0 0 0 0 10002
0 0 0 0 10002
0 0 0 0 10002
0 0 0 0 10002
0 0 0 0 10002
0 0 0 0 10002
0 0 0 0 10002
0 0 0 0 10002
0 0 0 0 10002
0 0 0 0 10002
0 0 0 0 10002
0 0 0 0 10002
0 0 0 0 10002
0 0 0 0 10002
0 0 0 0 10002
0 0 0 0 10002
0 0 0 0 10002
0 0 0 0 10002
0 0 0 0 10002
0 0 0 0 10002
0 0 0 0 10002
0 0 0 0 10002
0 0 0 0 10002
0 0 0 0 10002
0 0 0 0 10002
0 0 0 0 10002
0 0 0 0 10002
0 0 0 0 10002
0 0 0 0 10002
0 0 0 0 10002
0 0 0 0 10002
0 0 0 0 10002
0 0 0 0 10002
0 0 0 0 10002
0 0 0 0 10002
0 0 0 0 10002
0 0 0 0 10002
0 0 0 0 10002
0 0 0 0 10002
0 0 0 0 10002
0 0 0 0 10002
0 0 0 0 10002
0 0 0 0 10002
0 0 0 0 10002
0 0 0 0 10002
0 0 0 0 10002
0 0 0 0 10002
0 0 0 0 10002
0 0 0 0 10002
0 0 0 0 10002
0 0 0 0 10002
0 0 0 0 10002
0 0 0 0 10002
0 0 0 0 10002
0 0 0 0 10002
0 0 0 0 10002
0 0 0 0 10002
0 0 0 0 10002
0 0 0 0 10002
0 0 0 0 10002
0 0 0 0 10002
0 0 0 0 10002
0 0 0 0 10002
0 0 0 0 10002
0 0 0 0 10002
0 0 0 0 10002
0 0 0 0 10002
0 0 0 0 10002
0 0 0 0 10002
0 0 0 0 10002
0 0 0 0 10002
0 0 0 0 10002
0 0 0 0 10002
0 0 0 0 10002
0 0 0 0 10002
0 0 0 0 10002
0 0 0 0 10002
0 0 0 0 10002
0 0 0 0 10002
0 0 0 0 10002
0 0 0 0 10002
0 0 0 0 10002
0 0 0 0 10002
0 0 0 0 10002
0 0 0 0 10002
0 0 0 0 10002
0 0 0 0 10002
0 0 0 0 10002
0 0 0 0 10002
0 255 0 0 10002
0 255 0 0 10002
0 255 0 0 10002
0 255 0 0 10002
0 255 0 0 10002
0 255 0 0 10002
0 255 0 0 10002
0 255 0 0 10002
0 255 0 0 10002
0 255 0 0 10002
0 255 0 0 10002
0 255 0 0 10002
0 255 0 0 10002
0 255 0 0 10002
0 255 0 0 10002
0 255 0 0 10002
0 255 0 0 10002
0 255 0 0 10002
0 255 0 0 10002
0 255 0 0 10002
0 255 0 0 10002
0 255 0 0 10002
0 255 0 0 10002
0 255 0 0 10002
0 255 0 0 10002
0 255 0 0 10002
0 255 0 0 10002
0 255 0 0 10002
0 255 0 0 10002
0 255 0 0 10002
0 255 0 0 10002
0 255 0 0 10002
0 255 0 0 10002
0 255 0 0 10002
0 255 0 0 10002
0 255 0 0 10002
0 255 0 0 10002
0 255 0 0 10002
0 255 0 0 10002
0 255 0 0 10002
0 255 0 0 10002
0 255 0 0 10002
0 255 0 0 10002
0 255 0 0 10002
0 255 0 0 10002
0 255 0 0 10002
0 255 0 0 10002
0 255 0 0 10002
0 255 0 0 10002
0 255 0 0 10002
0 255 0 0 10002
0 255 0 0 10002
0 255 0 0 10002
0 255 0 0 10002
0 255 0 0 10002
0 255 0 0 10002
0 255 0 0 10002
0 255 0 0 10002
0 255 0 0 10002
0 255 0 0 10002
0 255 0 0 10002
0 255 0 0 10002
0 255 0 0 10002
0 255 0 0 10002
0 255 0 0 10002
0 255 0 0 10002
0 255 0 0 10002
0 255 0 0 10002
0 255 0 0 10002
0 255 0 0 10002
0 255 0 0 10002
0 255 0 0 10002
0 255 0 0 10002
0 255 0 0 10002
0 255 0 0 10002
0 255 0 0 10002
0 255 0 0 10002
0 255 0 0 10002
0 255 0 0 10002
0 255 0 0 10002
0 255 0 0 10002
0 255 0 0 10002
0 255 0 0 10002
0 255 0 0 10002
0 255 0 0 10002
0 255 0 0 10002
0 255 0 0 10002
0 255 0 0 10002
0 255 0 0 10002
0 255 0 0 10002
0 255 0 0 10002
0 255 0 0 10002
0 255 0 0 10002
0 255 0 0 10002
0 255 0 0 10002
0 255 0 0 10002
0 255 0 0 10002
0 255 0 0 10002
0 255 0 0 10002
0 255 0 0 10002
0 255 0 0 10002
0 255 0 0 10002
0 255 0 0 10002
0 255 0 0 10002
0 255 0 0 10002
0 255 0 0 10002
0 255 0 0 10002
0 255 0 0 10002
0 255 0 0 10002
0 255 0 0 10002
0 255 0 0 10002
0 255 0 0 10002
0 255 0 0 10002
0 255 0 0 10002
0 255 0 0 10002
0 255 0 0 10002
0 255 0 0 10002
0 255 0 0 10002
0 255 0 0 10002
0 255 0 0 10002
0 255 0 0 10002
0 255 0 0 10002
0 255 0 0 10002
0 255 0 0 10002
0 255 0 0 10002
0 255 0 0 10002
0 255 0 0 10002
0 255 0 0 10002
0 255 0 0 10002
0 255 0 0 10002
0 255 0 0 10002
0 255 0 0 10002
0 255 0 0 10002
0 255 0 0 10002
0 255 0 0 10002
0 255 0 0 10002
0 255 0 0 10002
0 255 0 0 10002
0 255 0 0 10002
0 255 0 0 10002
0 255 0 0 10002
0 255 0 0 10002
0 255 0 0 10002
0 255 0 0 10002
0 255 0 0 10002
0 255 0 0 10002
0 255 0 0 10002
0 255 0 0 10002
0 255 0 0 10002
0 255 0 0 10002
0 0 0 0 10002
0 0 0 0 10002
0 0 0 0 10002
0 0 0 0 10002
0 0 0 0 10002
0 0 0 0 10002
0 0 0 0 10002
0 0 0 0 10002
0 0 0 0 10002
0 0 0 0 10002
0 0 0 0 10002
0 0 0 0 10002
0 0 0 0 10002
0 0 0 0 10002
0 0 0 0 10002
0 0 0 0 10002
0 0 0 0 10002
0 0 0 0 10002
0 0 0 0 10002
0 0 0 0 10002
0 0 0 0 10002
0 0 0 0 10002
0 0 0 0 10002
0 0 0 0 10002
0 0 0 0 10002
0 0 0 0 10002
0 0 0 0 10002
0 0 0 0 10002
0 0 0 0 10002
0 0 0 0 10002
0 0 0 0 10002
0 0 0 0 10002
0 0 0 0 10002
0 0 0 0 10002
0 0 0 0 10002
0 0 0 0 10002
0 0 0 0 10002
0 0 0 0 10002
0 0 0 0 10002
0 0 0 0 10002
0 0 0 0 10002
0 0 0 0 10002
0 0 0 0 10002
0 0 0 0 10002
0 0 0 0 10002
0 0 0 0 10002
0 0 0 0 10002
0 0 0 0 10002
0 0 0 0 10002
0 0 0 0 10002
0 0 0 0 10002
0 0 0 0 10002
0 0 0 0 10002
0 0 0 0 10002
0 0 0 0 10002
0 0 0 0 10002
0 0 0 0 10002
0 0 0 0 10002
0 0 0 0 10002
0 0 0 0 10002
0 0 0 0 10002
0 0 0 0 10002
0 0 0 0 10002
0 0 0 0 10002
0 0 0 0 10002
0 0 0 0 10002
0 0 0 0 10002
0 0 0 0 10002
0 0 0 0 10002
0 0 0 0 10002
0 0 0 0 10002
0 0 0 0 10002
0 0 0 0 10002
0 0 0 0 10002
0 0 0 0 10002
0 0 0 0 10002
0 0 0 0 10002
0 0 0 0 10002
0 0 0 0 10002
0 0 0 0 10002
0 0 0 0 10002
0 0 0 0 10002
0 0 0 0 10002
0 0 0 0 10002
0 0 0 0 10002
0 0 0 0 10002
0 0 0 0 10002
0 0 0 0 10002
0 0 0 0 10002
0 0 0 0 10002
0 0 0 0 10002
0 0 0 0 10002
0 0 0 0 10002
0 0 0 0 10002
0 0 0 0 10002
0 0 0 0 10002
0 0 0 0 10002
0 0 0 0 10002
0 0 0 0 10002
0 0 0 0 10002
0 0 0 0 10002
0 0 0 0 10002
0 0 0 0 10002
0 0 0 0 10002
0 0 0 0 10002
0 0 0 0 10002
0 0 0 0 10002
0 0 0 0 10002
0 0 0 0 10002
0 0 0 0 10002
0 0 0 0 10002
0 0 0 0 10002
0 0 0 0 10002
0 0 0 0 10002
0 0 0 0 10002
0 0 0 0 10002
0 0 0 0 10002
0 0 0 0 10002
0 0 0 0 10002
0 0 0 0 10002
0 0 0 0 10002
0 0 0 0 10002
0 0 0 0 10002
0 0 0 0 10002
0 0 0 0 10002
0 0 0 0 10002
0 0 0 0 10002
0 0 0 0 10002
0 0 0 0 10002
0 0 0 0 10002
0 0 0 0 10002
0 0 0 0 10002
0 0 0 0 10002
0 0 0 0 10002
0 0 0 0 10002
0 0 0 0 10002
0 0 0 0 10002
0 0 0 0 10002
0 0 0 0 10002
0 0 0 0 10002
0 0 0 0 10002
0 0 0 0 10002
0 0 0 0 10002
0 0 0 0 10002
0 0 0 0 10002
0 0 0 0 10002
0 0 0 0 10002
0 0 0 0 10002
0 0 0 0 10002
0 0 0 0 10002
0 128 0 0 10002
0 128 0 0 10002
0 128 0 0 10002
0 128 0 0 10002
0 128 0 0 10002
0 128 0 0 10002
0 128 0 0 10002
0 128 0 0 10002
0 128 0 0 10002
0 128 0 0 10002
0 128 0 0 10002
0 128 0 0 10002
0 128 0 0 10002
0 128 0 0 10002
0 128 0 0 10002
0 128 0 0 10002
0 128 0 0 10002
0 128 0 0 10002
0 128 0 0 10002
0 128 0 0 10002
0 128 0 0 10002
0 128 0 0 10002
0 128 0 0 10002
0 128 0 0 10002
0 128 0 0 10002
0 128 0 0 10002
0 128 0 0 10002
0 128 0 0 10002
0 128 0 0 10002
0 128 0 0 10002
0 128 0 0 10002
0 128 0 0 10002
0 128 0 0 10002
0 128 0 0 10002
0 128 0 0 10002
0 128 0 0 10002
0 128 0 0 10002
0 128 0 0 10002
0 128 0 0 10002
0 128 0 0 10002
0 128 0 0 10002
0 128 0 0 10002
0 128 0 0 10002
0 128 0 0 10002
0 128 0 0 10002
0 128 0 0 10002
0 128 0 0 10002
0 128 0 0 10002
0 128 0 0 10002
0 128 0 0 10002
0 128 0 0 10002
0 128 0 0 10002
0 128 0 0 10002
0 128 0 0 10002
0 128 0 0 10002
0 128 0 0 10002
0 128 0 0 10002
0 128 0 0 10002
0 128 0 0 10002
0 128 0 0 10002
0 128 0 0 10002
0 128 0 0 10002
0 128 0 0 10002
0 128 0 0 10002
0 128 0 0 10002
0 128 0 0 10002
0 128 0 0 10002
0 128 0 0 10002
0 128 0 0 10002
0 128 0 0 10002
0 128 0 0 10002
0 128 0 0 10002
0 128 0 0 10002
0 128 0 0 10002
0 128 0 0 10002
0 128 0 0 10002
0 128 0 0 10002
0 128 0 0 10002
0 128 0 0 10002
0 128 0 0 10002
0 128 0 0 10002
0 128 0 0 10002
0 128 0 0 10002
0 128 0 0 10002
0 128 0 0 10002
0 128 0 0 10002
0 128 0 0 10002
0 128 0 0 10002
0 128 0 0 10002
0 128 0 0 10002
0 128 0 0 10002
0 128 0 0 10002
0 128 0 0 10002
0 128 0 0 10002
0 128 0 0 10002
0 128 0 0 10002
0 128 0 0 10002
0 128 0 0 10002
0 128 0 0 10002
0 128 0 0 10002
0 128 0 0 10002
0 128 0 0 10002
0 128 0 0 10002
0 129 0 0 10002
0 130 0 0 10002
0 132 0 0 10002
0 133 0 0 10002
0 135 0 0 10002
0 138 0 0 10002
0 141 0 0 10002
0 144 0 0 10002
0 147 0 0 10002
0 151 0 0 10002
0 154 0 0 10002
0 159 0 0 10002
0 163 0 0 10002
0 168 0 0 10002
0 173 0 0 10002
0 178 0 0 10002
0 184 0 0 10002
0 189 0 0 10002
0 195 0 0 10002
0 201 0 0 10002
0 206 0 0 10002
0 212 0 0 10002
0 218 0 0 10002
0 224 0 0 10002
0 229 0 0 10002
0 234 0 0 10002
0 239 0 0 10002
0 243 0 0 10002
0 247 0 0 10002
0 250 0 0 10002
0 253 0 0 10002
0 255 0 0 10002
0 255 0 0 10002
0 255 0 0 10002
0 254 0 0 10002
0 252 0 0 10002
0 248 0 0 10002
0 243 0 0 10002
0 237 0 0 10002
0 230 0 0 10002
0 221 0 0 10002
0 211 0 0 10002
0 199 0 0 10002
0 187 0 0 10002
0 173 0 0 10002
0 159 0 0 10002
0 143 0 0 10002
0 128 0 0 10002
0 111 0 0 10002
0 95 0 0 10002
0 79 0 0 10002
0 64 0 0 10002
0 49 0 0 10002
0 36 0 0 10002
0 24 0 0 10002
0 14 0 0 10002
0 7 0 0 10002
0 2 0 0 10002
0 0 0 0 10002
0 0 0 0 10002
0 4 0 0 10002
0 11 0 0 10002
0 22 0 0 10002
0 35 0 0 10002
0 51 0 0 10002
0 69 0 0 10002
0 90 0 0 10002
0 111 0 0 10002
0 134 0 0 10002
0 157 0 0 10002
0 179 0 0 10002
0 200 0 0 10002
0 218 0 0 10002
0 233 0 0 10002
0 245 0 0 10002
0 253 0 0 10002
0 255 0 0 10002
0 253 0 0 10002
0 246 0 0 10002
0 233 0 0 10002
0 216 0 0 10002
0 195 0 0 10002
0 171 0 0 10002
0 144 0 0 10002
0 116 0 0 10002
0 89 0 0 10002
0 63 0 0 10002
0 40 0 0 10002
0 21 0 0 10002
0 8 0 0 10002
0 1 0 0 10002
0 0 0 0 10002
0 7 0 0 10002
0 21 0 0 10002
0 41 0 0 10002
0 66 0 0 10002
0 96 0 0 10002
0 127 0 0 10002
0 159 0 0 10002
0 190 0 0 10002
0 216 0 0 10002
0 237 0 0 10002
0 250 0 0 10002
0 255 0 0 10002
0 252 0 0 10002
0 239 0 0 10002
0 217 0 0 10002
0 189 0 0 10002
0 156 0 0 10002
0 120 0 0 10002
0 85 0 0 10002
0 53 0 0 10002
0 26 0 0 10002
0 8 0 0 10002
0 0 0 0 10002
0 3 0 0 10002
0 16 0 0 10002
0 40 0 0 10002
0 72 0 0 10002
0 109 0 0 10002
0 148 0 0 10002
0 186 0 0 10002
0 218 0 0 10002
0 242 0 0 10002
0 254 0 0 10002
0 254 0 0 10002
0 240 0 0 10002
0 215 0 0 10002
0 180 0 0 10002
0 140 0 0 10002
0 97 0 0 10002
0 58 0 0 10002
0 26 0 0 10002
0 6 0 0 10002
0 0 0 0 10002
0 8 0 0 10002
0 31 0 0 10002
0 66 0 0 10002
0 108 0 0 10002
0 154 0 0 10002
0 196 0 0 10002
0 230 0 0 10002
0 250 0 0 10002
0 255 0 0 10002
0 243 0 0 10002
0 215 0 0 10002
0 174 0 0 10002
0 128 0 0 10002
0 80 0 0 10002
0 39 0 0 10002
0 11 0 0 10002
0 0 0 0 10002
0 7 0 0 10002
0 33 0 0 10002
0 73 0 0 10002
0 122 0 0 10002
0 172 0 0 10002
0 215 0 0 10002
0 245 0 0 10002
0 255 0 0 10002
0 245 0 0 10002
0 216 0 0 10002
0 171 0 0 10002
0 118 0 0 10002
0 67 0 0 10002
0 26 0 0 10002
0 3 0 0 10002
0 2 0 0 10002
0 23 0 0 10002
0 64 0 0 10002
0 116 0 0 10002
0 171 0 0 10002
0 218 0 0 10002
0 248 0 0 10002
0 255 0 0 10002
0 237 0 0 10002
0 197 0 0 10002
0 144 0 0 10002
0 86 0 0 10002
0 37 0 0 10002
0 6 0 0 10002
0 1 0 0 10002
0 22 0 0 10002
0 65 0 0 10002
0 123 0 0 10002
0 181 0 0 10002
0 228 0 0 10002
0 253 0 0 10002
0 250 0 0 10002
0 219 0 0 10002
0 167 0 0 10002
0 106 0 0 10002
0 49 0 0 10002
0 11 0 0 10002
0 0 0 0 10002
0 20 0 0 10002
0 66 0 0 10002
0 127 0 0 10002
0 189 0 0 10002
0 236 0 0 10002
0 255 0 0 10002
0 242 0 0 10002
0 199 0 0 10002
0 138 0 0 10002
0 73 0 0 10002
0 23 0 0 10002
0 0 0 0 10002
0 12 0 0 10002
0 55 0 0 10002
0 118 0 0 10002
0 185 0 0 10002
0 235 0 0 10002
0 255 0 0 10002
0 239 0 0 10002
0 191 0 0 10002
0 124 0 0 10002
0 57 0 0 10002
0 12 0 0 10002
0 0 0 0 10002
0 27 0 0 10002
0 85 0 0 10002
0 156 0 0 10002
0 218 0 0 10002
0 252 0 0 10002
0 248 0 0 10002
0 205 0 0 10002
0 137 0 0 10002
0 66 0 0 10002
0 14 0 0 10002
0 0 0 0 10002
0 28 0 0 10002
0 89 0 0 10002
0 163 0 0 10002
0 226 0 0 10002
0 255 0 0 10002
0 240 0 0 10002
0 186 0 0 10002
0 111 0 0 10002
0 42 0 0 10002
0 3 0 0 10002
0 8 0 0 10002
0 57 0 0 10002
0 132 0 0 10002
0 205 0 0 10002
0 250 0 0 10002
0 249 0 0 10002
0 203 0 0 10002
0 127 0 0 10002
0 52 0 0 10002
0 6 0 0 10002
0 6 0 0 10002
0 54 0 0 10002
0 132 0 0 10002
0 207 0 0 10002
0 251 0 0 10002
0 246 0 0 10002
0 192 0 0 10002
0 111 0 0 10002
0 37 0 0 10002
0 1 0 0 10002
0 17 0 0 10002
0 80 0 0 10002
0 163 0 0 10002
0 232 0 0 10002
0 255 0 0 10002
0 224 0 0 10002
0 150 0 0 10002
0 66 0 0 10002
0 9 0 0 10002
0 5 0 0 10002
0 56 0 0 10002
0 140 0 0 10002
0 218 0 0 10002
0 255 0 0 10002
0 233 0 0 10002
0 162 0 0 10002
0 74 0 0 10002
0 12 0 0 10002
0 4 0 0 10002
0 55 0 0 10002
0 142 0 0 10002
0 221 0 0 10002
0 255 0 0 10002
0 227 0 0 10002
0 148 0 0 10002
0 60 0 0 10002
0 5 0 0 10002
0 12 0 0 10002
0 78 0 0 10002
0 169 0 0 10002
0 240 0 0 10002
0 252 0 0 10002
0 199 0 0 10002
0 109 0 0 10002
0 28 0 0 10002
0 0 0 0 10002
0 40 0 0 10002
0 127 0 0 10002
0 215 0 0 10002
0 255 0 0 10002
0 225 0 0 10002
0 141 0 0 10002
0 49 0 0 10002
0 1 0 0 10002
0 24 0 0 10002
0 106 0 0 10002
0 200 0 0 10002
0 253 0 0 10002
0 234 0 0 10002
0 152 0 0 10002
0 56 0 0 10002
0 2 0 0 10002
0 22 0 0 10002
0 104 0 0 10002
0 201 0 0 10002
0 254 0 0 10002
0 230 0 0 10002
0 144 0 0 10002
0 47 0 0 10002
0 0 0 0 10002
0 32 0 0 10002
0 124 0 0 10002
0 218 0 0 10002
0 255 0 0 10002
0 212 0 0 10002
0 114 0 0 10002
0 25 0 0 10002
0 2 0 0 10002
0 60 0 0 10002
0 163 0 0 10002
0 243 0 0 10002
0 246 0 0 10002
0 171 0 0 10002
0 66 0 0 10002
0 3 0 0 10002
0 23 0 0 10002
0 115 0 0 10002
0 215 0 0 10002
0 255 0 0 10002
0 207 0 0 10002
0 104 0 0 10002
0 16 0 0 10002
0 7 0 0 10002
0 83 0 0 10002
0 190 0 0 10002
0 253 0 0 10002
0 226 0 0 10002
0 128 0 0 10002
0 29 0 0 10002
0 2 0 0 10002
0 67 0 0 10002
0 177 0 0 10002
0 250 0 0 10002
0 232 0 0 10002
0 136 0 0 10002
0 33 0 0 10002
0 1 0 0 10002
0 66 0 0 10002
0 178 0 0 10002
0 251 0 0 10002
0 229 0 0 10002
0 128 0 0 10002
0 26 0 0 10002
0 4 0 0 10002
0 79 0 0 10002
0 193 0 0 10002
0 255 0 0 10002
0 215 0 0 10002
0 105 0 0 10002
0 13 0 0 10002
0 14 0 0 10002
0 108 0 0 10002
0 218 0 0 10002
0 254 0 0 10002
0 185 0 0 10002
0 68 0 0 10002
0 1 0 0 10002
0 40 0 0 10002
0 153 0 0 10002
0 245 0 0 10002
0 237 0 0 10002
0 135 0 0 10002
0 26 0 0 10002
0 6 0 0 10002
0 91 0 0 10002
0 208 0 0 10002
0 255 0 0 10002
0 189 0 0 10002
0 69 0 0 10002
0 0 0 0 10002
0 46 0 0 10002
0 165 0 0 10002
0 250 0 0 10002
0 224 0 0 10002
0 110 0 0 10002
0 11 0 0 10002
0 20 0 0 10002
0 128 0 0 10002
0 128 0 0 10002
0 128 0 0 10002
0 128 0 0 10002
0 128 0 0 10002
0 128 0 0 10002
0 128 0 0 10002
0 128 0 0 10002
0 128 0 0 10002
0 128 0 0 10002
0 128 0 0 10002
0 128 0 0 10002
0 128 0 0 10002
0 128 0 0 10002
0 128 0 0 10002
0 128 0 0 10002
0 128 0 0 10002
0 128 0 0 10002
0 128 0 0 10002
0 128 0 0 10002
0 128 0 0 10002
0 128 0 0 10002
0 128 0 0 10002
0 128 0 0 10002
0 128 0 0 10002
0 128 0 0 10002
0 128 0 0 10002
0 128 0 0 10002
0 128 0 0 10002
0 128 0 0 10002
0 128 0 0 10002
0 128 0 0 10002
0 128 0 0 10002
0 128 0 0 10002
0 128 0 0 10002
0 128 0 0 10002
0 128 0 0 10002
0 128 0 0 10002
0 128 0 0 10002
0 128 0 0 10002
0 128 0 0 10002
0 128 0 0 10002
0 128 0 0 10002
0 128 0 0 10002
0 128 0 0 10002
0 128 0 0 10002
0 128 0 0 10002
0 128 0 0 10002
0 128 0 0 10002
0 128 0 0 10002
0 128 0 0 10002
0 128 0 0 10002
0 128 0 0 10002
0 128 0 0 10002
0 128 0 0 10002
0 128 0 0 10002
0 128 0 0 10002
0 128 0 0 10002
0 128 0 0 10002
0 128 0 0 10002
0 128 0 0 10002
0 128 0 0 10002
0 128 0 0 10002
0 128 0 0 10002
0 128 0 0 10002
0 128 0 0 10002
0 128 0 0 10002
0 128 0 0 10002
0 128 0 0 10002
0 128 0 0 10002
0 128 0 0 10002
0 128 0 0 10002
0 128 0 0 10002
0 128 0 0 10002
0 128 0 0 10002
0 128 0 0 10002
0 128 0 0 10002
0 128 0 0 10002
0 128 0 0 10002
0 128 0 0 10002
0 128 0 0 10002
0 128 0 0 10002
0 128 0 0 10002
0 128 0 0 10002
0 128 0 0 10002
0 128 0 0 10002
0 128 0 0 10002
0 128 0 0 10002
0 128 0 0 10002
0 128 0 0 10002
0 128 0 0 10002
0 128 0 0 10002
0 128 0 0 10002
0 128 0 0 10002
0 128 0 0 10002
0 128 0 0 10002
0 128 0 0 10002
0 128 0 0 10002
0 128 0 0 10002
0 128 0 0 10002
0 128 0 0 10002
0 128 0 0 10002
0 128 0 0 10002
0 128 0 0 10002
0 129 0 0 10002
0 129 0 0 10002
0 129 0 0 10002
0 130 0 0 10002
0 130 0 0 10002
0 130 0 0 10002
0 129 0 0 10002
0 129 0 0 10002
0 128 0 0 10002
0 127 0 0 10002
0 126 0 0 10002
0 125 0 0 10002
0 124 0 0 10002
0 123 0 0 10002
0 122 0 0 10002
0 121 0 0 10002
0 121 0 0 10002
0 122 0 0 10002
0 123 0 0 10002
0 124 0 0 10002
0 126 0 0 10002
0 128 0 0 10002
0 130 0 0 10002
0 132 0 0 10002
0 134 0 0 10002
0 135 0 0 10002
0 137 0 0 10002
0 137 0 0 10002
0 138 0 0 10002
0 137 0 0 10002
0 136 0 0 10002
0 134 0 0 10002
0 132 0 0 10002
0 129 0 0 10002
0 126 0 0 10002
0 123 0 0 10002
0 120 0 0 10002
0 117 0 0 10002
0 115 0 0 10002
0 114 0 0 10002
0 113 0 0 10002
0 114 0 0 10002
0 115 0 0 10002
0 117 0 0 10002
0 120 0 0 10002
0 124 0 0 10002
0 127 0 0 10002
0 132 0 0 10002
0 136 0 0 10002
0 139 0 0 10002
0 142 0 0 10002
0 144 0 0 10002
0 145 0 0 10002
0 145 0 0 10002
0 144 0 0 10002
0 142 0 0 10002
0 139 0 0 10002
0 135 0 0 10002
0 130 0 0 10002
0 125 0 0 10002
0 120 0 0 10002
0 115 0 0 10002
0 111 0 0 10002
0 108 0 0 10002
0 106 0 0 10002
0 105 0 0 10002
0 106 0 0 10002
0 108 0 0 10002
0 112 0 0 10002
0 116 0 0 10002
0 122 0 0 10002
0 127 0 0 10002
0 134 0 0 10002
0 139 0 0 10002
0 145 0 0 10002
0 149 0 0 10002
0 152 0 0 10002
0 153 0 0 10002
0 153 0 0 10002
0 152 0 0 10002
0 148 0 0 10002
0 143 0 0 10002
0 138 0 0 10002
0 131 0 0 10002
0 124 0 0 10002
0 117 0 0 10002
0 111 0 0 10002
0 105 0 0 10002
0 101 0 0 10002
0 98 0 0 10002
0 97 0 0 10002
0 99 0 0 10002
0 102 0 0 10002
0 106 0 0 10002
0 112 0 0 10002
0 120 0 0 10002
0 127 0 0 10002
0 136 0 0 10002
0 143 0 0 10002
0 150 0 0 10002
0 156 0 0 10002
0 159 0 0 10002
0 161 0 0 10002
0 161 0 0 10002
0 159 0 0 10002
0 154 0 0 10002
0 148 0 0 10002
0 141 0 0 10002
0 132 0 0 10002
0 123 0 0 10002
0 114 0 0 10002
0 106 0 0 10002
0 99 0 0 10002
0 94 0 0 10002
0 90 0 0 10002
0 89 0 0 10002
0 91 0 0 10002
0 95 0 0 10002
0 101 0 0 10002
0 109 0 0 10002
0 118 0 0 10002
0 127 0 0 10002
0 138 0 0 10002
0 147 0 0 10002
0 156 0 0 10002
0 162 0 0 10002
0 167 0 0 10002
0 169 0 0 10002
0 169 0 0 10002
0 166 0 0 10002
0 161 0 0 10002
0 153 0 0 10002
0 144 0 0 10002
0 133 0 0 10002
0 122 0 0 10002
0 111 0 0 10002
0 101 0 0 10002
0 93 0 0 10002
0 86 0 0 10002
0 83 0 0 10002
0 82 0 0 10002
0 83 0 0 10002
0 88 0 0 10002
0 95 0 0 10002
0 105 0 0 10002
0 116 0 0 10002
0 127 0 0 10002
0 140 0 0 10002
0 151 0 0 10002
0 161 0 0 10002
0 169 0 0 10002
0 175 0 0 10002
0 177 0 0 10002
0 177 0 0 10002
0 173 0 0 10002
0 167 0 0 10002
0 158 0 0 10002
0 146 0 0 10002
0 134 0 0 10002
0 121 0 0 10002
0 108 0 0 10002
0 96 0 0 10002
0 87 0 0 10002
0 79 0 0 10002
0 75 0 0 10002
0 74 0 0 10002
0 76 0 0 10002
0 81 0 0 10002
0 90 0 0 10002
0 101 0 0 10002
0 114 0 0 10002
0 127 0 0 10002
0 142 0 0 10002
0 155 0 0 10002
0 166 0 0 10002
0 176 0 0 10002
0 182 0 0 10002
0 185 0 0 10002
0 185 0 0 10002
0 180 0 0 10002
0 173 0 0 10002
0 162 0 0 10002
0 149 0 0 10002
0 135 0 0 10002
0 120 0 0 10002
0 105 0 0 10002
0 92 0 0 10002
0 80 0 0 10002
0 72 0 0 10002
0 67 0 0 10002
0 66 0 0 10002
0 68 0 0 10002
0 75 0 0 10002
0 84 0 0 10002
0 97 0 0 10002
0 112 0 0 10002
0 127 0 0 10002
0 143 0 0 10002
0 159 0 0 10002
0 172 0 0 10002
0 183 0 0 10002
0 190 0 0 10002
0 193 0 0 10002
0 193 0 0 10002
0 188 0 0 10002
0 179 0 0 10002
0 167 0 0 10002
0 152 0 0 10002
0 136 0 0 10002
0 119 0 0 10002
0 102 0 0 10002
0 87 0 0 10002
0 74 0 0 10002
0 65 0 0 10002
0 59 0 0 10002
0 58 0 0 10002
0 61 0 0 10002
0 68 0 0 10002
0 79 0 0 10002
0 93 0 0 10002
0 110 0 0 10002
0 127 0 0 10002
0 145 0 0 10002
0 162 0 0 10002
0 177 0 0 10002
0 189 0 0 10002
0 197 0 0 10002
0 201 0 0 10002
0 200 0 0 10002
0 195 0 0 10002
0 185 0 0 10002
0 172 0 0 10002
0 155 0 0 10002
0 137 0 0 10002
0 118 0 0 10002
0 99 0 0 10002
0 82 0 0 10002
0 68 0 0 10002
0 57 0 0 10002
0 51 0 0 10002
0 50 0 0 10002
0 53 0 0 10002
0 61 0 0 10002
0 73 0 0 10002
0 89 0 0 10002
0 108 0 0 10002
0 127 0 0 10002
0 147 0 0 10002
0 166 0 0 10002
0 183 0 0 10002
0 196 0 0 10002
0 205 0 0 10002
0 209 0 0 10002
0 208 0 0 10002
0 202 0 0 10002
0 191 0 0 10002
0 176 0 0 10002
0 158 0 0 10002
0 138 0 0 10002
0 117 0 0 10002
0 96 0 0 10002
0 78 0 0 10002
0 62 0 0 10002
0 50 0 0 10002
0 43 0 0 10002
0 42 0 0 10002
0 45 0 0 10002
0 54 0 0 10002
0 68 0 0 10002
0 85 0 0 10002
0 106 0 0 10002
0 127 0 0 10002
0 149 0 0 10002
0 170 0 0 10002
0 188 0 0 10002
0 203 0 0 10002
0 213 0 0 10002
0 217 0 0 10002
0 216 0 0 10002
0 209 0 0 10002
0 198 0 0 10002
0 181 0 0 10002
0 161 0 0 10002
0 139 0 0 10002
0 116 0 0 10002
0 93 0 0 10002
0 73 0 0 10002
0 56 0 0 10002
0 43 0 0 10002
0 35 0 0 10002
0 34 0 0 10002
0 38 0 0 10002
0 48 0 0 10002
0 62 0 0 10002
0 82 0 0 10002
0 104 0 0 10002
0 127 0 0 10002
0 151 0 0 10002
0 174 0 0 10002
0 194 0 0 10002
0 210 0 0 10002
0 220 0 0 10002
0 225 0 0 10002
0 224 0 0 10002
0 217 0 0 10002
0 204 0 0 10002
0 186 0 0 10002
0 164 0 0 10002
0 140 0 0 10002
0 115 0 0 10002
0 91 0 0 10002
0 68 0 0 10002
0 50 0 0 10002
0 36 0 0 10002
0 28 0 0 10002
0 26 0 0 10002
0 30 0 0 10002
0 41 0 0 10002
0 57 0 0 10002
0 78 0 0 10002
0 102 0 0 10002
0 128 0 0 10002
0 153 0 0 10002
0 178 0 0 10002
0 199 0 0 10002
0 216 0 0 10002
0 228 0 0 10002
0 233 0 0 10002
0 232 0 0 10002
0 224 0 0 10002
0 210 0 0 10002
0 191 0 0 10002
0 167 0 0 10002
0 141 0 0 10002
0 114 0 0 10002
0 88 0 0 10002
0 64 0 0 10002
0 43 0 0 10002
0 28 0 0 10002
0 20 0 0 10002
0 18 0 0 10002
0 23 0 0 10002
0 34 0 0 10002
0 51 0 0 10002
0 74 0 0 10002
0 100 0 0 10002
0 127 0 0 10002
0 155 0 0 10002
0 182 0 0 10002
0 205 0 0 10002
0 223 0 0 10002
0 236 0 0 10002
0 241 0 0 10002
0 240 0 0 10002
0 231 0 0 10002
0 216 0 0 10002
0 195 0 0 10002
0 170 0 0 10002
0 142 0 0 10002
0 113 0 0 10002
0 85 0 0 10002
0 59 0 0 10002
0 37 0 0 10002
0 21 0 0 10002
0 12 0 0 10002
0 10 0 0 10002
0 15 0 0 10002
0 27 0 0 10002
0 46 0 0 10002
0 70 0 0 10002
0 98 0 0 10002
0 127 0 0 10002
0 157 0 0 10002
0 186 0 0 10002
0 210 0 0 10002
0 230 0 0 10002
0 243 0 0 10002
0 249 0 0 10002
0 248 0 0 10002
0 238 0 0 10002
0 222 0 0 10002
0 200 0 0 10002
0 173 0 0 10002
0 143 0 0 10002
0 112 0 0 10002
0 82 0 0 10002
0 54 0 0 10002
0 31 0 0 10002
0 14 0 0 10002
0 4 0 0 10002
0 2 0 0 10002
0 7 0 0 10002
0 21 0 0 10002
0 41 0 0 10002
0 66 0 0 10002
0 96 0 0 10002
0 128 0 0 10002
0 128 0 0 10002
0 128 0 0 10002
0 128 0 0 10002
0 128 0 0 10002
0 128 0 0 10002
0 128 0 0 10002
0 128 0 0 10002
0 128 0 0 10002
0 128 0 0 10002
0 128 0 0 10002
0 128 0 0 10002
0 128 0 0 10002
0 128 0 0 10002
0 128 0 0 10002
0 128 0 0 10002
0 128 0 0 10002
0 128 0 0 10002
0 128 0 0 10002
0 128 0 0 10002
0 128 0 0 10002
0 128 0 0 10002
0 128 0 0 10002
0 128 0 0 10002
0 128 0 0 10002
0 128 0 0 10002
0 128 0 0 10002
0 128 0 0 10002
0 128 0 0 10002
0 128 0 0 10002
0 128 0 0 10002
0 128 0 0 10002
0 128 0 0 10002
0 128 0 0 10002
0 128 0 0 10002
0 128 0 0 10002
0 128 0 0 10002
0 128 0 0 10002
0 128 0 0 10002
0 128 0 0 10002
0 128 0 0 10002
0 128 0 0 10002
0 128 0 0 10002
0 128 0 0 10002
0 128 0 0 10002
0 128 0 0 10002
0 128 0 0 10002
0 128 0 0 10002
0 128 0 0 10002
0 128 0 0 10002
0 128 0 0 10002
0 128 0 0 10002
0 128 0 0 10002
0 128 0 0 10002
0 128 0 0 10002
0 128 0 0 10002
0 128 0 0 10002
0 128 0 0 10002
0 128 0 0 10002
0 128 0 0 10002
0 128 0 0 10002
0 128 0 0 10002
0 128 0 0 10002
0 128 0 0 10002
0 128 0 0 10002
0 128 0 0 10002
0 128 0 0 10002
0 128 0 0 10002
0 128 0 0 10002
0 128 0 0 10002
0 128 0 0 10002
0 128 0 0 10002
0 128 0 0 10002
0 128 0 0 10002
0 128 0 0 10002
0 128 0 0 10002
0 128 0 0 10002
0 128 0 0 10002
0 128 0 0 10002
0 128 0 0 10002
0 128 0 0 10002
0 128 0 0 10002
0 128 0 0 10002
0 128 0 0 10002
0 128 0 0 10002
0 128 0 0 10002
0 128 0 0 10002
0 128 0 0 10002
0 128 0 0 10002
0 128 0 0 10002
0 128 0 0 10002
0 128 0 0 10002
0 128 0 0 10002
0 128 0 0 10002
0 128 0 0 10002
0 128 0 0 10002
0 128 0 0 10002
0 128 0 0 10002
0 128 0 0 10002
0 128 0 0 10002
0 0 0 0 10002
0 0 0 0 10003
0 0 0 0 10003
0 0 0 0 10003
0 0 0 0 10003
0 0 0 0 10003
0 0 0 0 10003
0 0 0 0 10003
0 0 0 0 10003
0 0 0 0 10003
0 0 0 0 10003
0 0 0 0 10003
0 0 0 0 10003
0 0 0 0 10003
0 0 0 0 10003
0 0 0 0 10003
0 0 0 0 10003
0 0 0 0 10003
0 0 0 0 10003
0 0 0 0 10003
0 0 0 0 10003
0 0 0 0 10003
0 0 0 0 10003
0 0 0 0 10003
0 0 0 0 10003
0 0 0 0 10003
0 0 0 0 10003
0 0 0 0 10003
0 0 0 0 10003
0 0 0 0 10003
0 0 0 0 10003
0 0 0 0 10003
0 0 0 0 10003
0 0 0 0 10003
0 0 0 0 10003
0 0 0 0 10003
0 0 0 0 10003
0 0 0 0 10003
0 0 0 0 10003
0 0 0 0 10003
0 0 0 0 10003
0 0 0 0 10003
0 0 0 0 10003
0 0 0 0 10003
0 0 0 0 10003
0 0 0 0 10003
0 0 0 0 10003
0 0 0 0 10003
0 0 0 0 10003
0 0 0 0 10003
0 0 0 0 10003
0 0 0 0 10003
0 0 0 0 10003
0 0 0 0 10003
0 0 0 0 10003
0 0 0 0 10003
0 0 0 0 10003
0 0 0 0 10003
0 0 0 0 10003
0 0 0 0 10003
0 0 0 0 10003
0 0 0 0 10003
0 0 0 0 10003
0 0 0 0 10003
0 0 0 0 10003
0 0 0 0 10003
0 0 0 0 10003
0 0 0 0 10003
0 0 0 0 10003
0 0 0 0 10003
0 0 0 0 10003
0 0 0 0 10003
0 0 0 0 10003
0 0 0 0 10003
0 0 0 0 10003
0 0 0 0 10003
0 0 0 0 10003
0 0 0 0 10003
0 0 0 0 10003
0 0 0 0 10003
0 0 0 0 10003
0 0 0 0 10003
0 0 0 0 10003
0 0 0 0 10003
0 0 0 0 10003
0 0 0 0 10003
0 0 0 0 10003
0 0 0 0 10003
0 0 0 0 10003
0 0 0 0 10003
0 0 0 0 10003
0 0 0 0 10003
0 0 0 0 10003
0 0 0 0 10003
0 0 0 0 10003
0 0 0 0 10003
0 0 0 0 10003
0 0 0 0 10003
0 0 0 0 10003
0 0 0 0 10003
0 0 0 0 10003
0 0 0 0 10003
0 0 0 0 10003
0 0 0 0 10003
0 0 0 0 10003
0 0 0 0 10003
0 0 0 0 10003
0 0 0 0 10003
0 0 0 0 10003
0 0 0 0 10003
0 0 0 0 10003
0 0 0 0 10003
0 0 0 0 10003
0 0 0 0 10003
0 0 0 0 10003
0 0 0 0 10003
0 0 0 0 10003
0 0 0 0 10003
0 0 0 0 10003
0 0 0 0 10003
0 0 0 0 10003
0 0 0 0 10003
0 0 0 0 10003
0 0 0 0 10003
0 0 0 0 10003
0 0 0 0 10003
0 0 0 0 10003
0 0 0 0 10003
0 0 0 0 10003
0 0 0 0 10003
0 0 0 0 10003
0 0 0 0 10003
0 0 0 0 10003
0 0 0 0 10003
0 0 0 0 10003
0 0 0 0 10003
0 0 0 0 10003
0 0 0 0 10003
0 0 0 0 10003
0 0 0 0 10003
0 0 0 0 10003
0 0 0 0 10003
0 0 0 0 10003
0 0 0 0 10003
0 0 0 0 10003
0 0 0 0 10003
0 0 0 0 10003
0 0 0 0 10003
0 0 0 0 10003
0 0 0 0 10003
0 0 0 0 10003
0 0 0 0 10003
0 0 0 0 10003
0 0 0 0 10003
0 0 0 0 10003
0 0 0 0 10003
0 0 0 0 10003
0 0 0 0 10003
0 0 0 0 10003
0 0 0 0 10003
0 0 0 0 10003
0 0 0 0 10003
0 0 0 0 10003
0 0 0 0 10003
0 0 0 0 10003
0 0 0 0 10003
0 0 0 0 10003
0 0 0 0 10003
0 0 0 0 10003
0 0 0 0 10003
0 0 0 0 10003
0 0 0 0 10003
0 0 0 0 10003
0 0 0 0 10003
0 0 0 0 10003
0 0 0 0 10003
0 0 0 0 10003
0 0 0 0 10003
0 0 0 0 10003
0 0 0 0 10003
0 0 0 0 10003
0 0 0 0 10003
0 0 0 0 10003
0 0 0 0 10003
0 0 0 0 10003
0 0 0 0 10003
0 0 0 0 10003
0 0 0 0 10003
0 0 0 0 10003
0 0 0 0 10003
0 0 0 0 10003
0 0 0 0 10003
0 0 0 0 10003
0 0 0 0 10003
0 0 0 0 10003
0 0 0 0 10003
0 0 0 0 10003
0 0 0 0 10003
0 0 0 0 10003
0 0 0 0 10003
0 255 0 0 10003
0 255 0 0 10003
0 255 0 0 10003
0 255 0 0 10003
0 255 0 0 10003
0 255 0 0 10003
0 255 0 0 10003
0 255 0 0 10003
0 255 0 0 10003
0 255 0 0 10003
0 255 0 0 10003
0 255 0 0 10003
0 255 0 0 10003
0 255 0 0 10003
0 255 0 0 10003
0 255 0 0 10003
0 255 0 0 10003
0 255 0 0 10003
0 255 0 0 10003
0 255 0 0 10003
0 255 0 0 10003
0 255 0 0 10003
0 255 0 0 10003
0 255 0 0 10003
0 255 0 0 10003
0 255 0 0 10003
0 255 0 0 10003
0 255 0 0 10003
0 255 0 0 10003
0 255 0 0 10003
0 255 0 0 10003
0 255 0 0 10003
0 255 0 0 10003
0 255 0 0 10003
0 255 0 0 10003
0 255 0 0 10003
0 255 0 0 10003
0 255 0 0 10003
0 255 0 0 10003
0 255 0 0 10003
0 255 0 0 10003
0 255 0 0 10003
0 255 0 0 10003
0 255 0 0 10003
0 255 0 0 10003
0 255 0 0 10003
0 255 0 0 10003
0 255 0 0 10003
0 255 0 0 10003
0 255 0 0 10003
0 255 0 0 10003
0 255 0 0 10003
0 255 0 0 10003
0 255 0 0 10003
0 255 0 0 10003
0 255 0 0 10003
0 255 0 0 10003
0 255 0 0 10003
0 255 0 0 10003
0 255 0 0 10003
0 255 0 0 10003
0 255 0 0 10003
0 255 0 0 10003
0 255 0 0 10003
0 255 0 0 10003
0 255 0 0 10003
0 255 0 0 10003
0 255 0 0 10003
0 255 0 0 10003
0 255 0 0 10003
0 255 0 0 10003
0 255 0 0 10003
0 255 0 0 10003
0 255 0 0 10003
0 255 0 0 10003
0 255 0 0 10003
0 255 0 0 10003
0 255 0 0 10003
0 255 0 0 10003
0 255 0 0 10003
0 255 0 0 10003
0 255 0 0 10003
0 255 0 0 10003
0 255 0 0 10003
0 255 0 0 10003
0 255 0 0 10003
0 255 0 0 10003
0 255 0 0 10003
0 255 0 0 10003
0 255 0 0 10003
0 255 0 0 10003
0 255 0 0 10003
0 255 0 0 10003
0 255 0 0 10003
0 255 0 0 10003
0 255 0 0 10003
0 255 0 0 10003
0 255 0 0 10003
0 255 0 0 10003
0 255 0 0 10003
0 255 0 0 10003
0 255 0 0 10003
0 255 0 0 10003
0 255 0 0 10003
0 255 0 0 10003
0 255 0 0 10003
0 255 0 0 10003
0 255 0 0 10003
0 255 0 0 10003
0 255 0 0 10003
0 255 0 0 10003
0 255 0 0 10003
0 255 0 0 10003
0 255 0 0 10003
0 255 0 0 10003
0 255 0 0 10003
0 255 0 0 10003
0 255 0 0 10003
0 255 0 0 10003
0 255 0 0 10003
0 255 0 0 10003
0 255 0 0 10003
0 255 0 0 10003
0 255 0 0 10003
0 255 0 0 10003
0 255 0 0 10003
0 255 0 0 10003
0 255 0 0 10003
0 255 0 0 10003
0 255 0 0 10003
0 255 0 0 10003
0 255 0 0 10003
0 255 0 0 10003
0 255 0 0 10003
0 255 0 0 10003
0 255 0 0 10003
0 255 0 0 10003
0 255 0 0 10003
0 255 0 0 10003
0 255 0 0 10003
0 255 0 0 10003
0 255 0 0 10003
0 255 0 0 10003
0 255 0 0 10003
0 255 0 0 10003
0 255 0 0 10003
0 255 0 0 10003
0 255 0 0 10003
0 255 0 0 10003
0 255 0 0 10003
0 0 0 0 10003
0 0 0 0 10003
0 0 0 0 10003
0 0 0 0 10003
0 0 0 0 10003
0 0 0 0 10003
0 0 0 0 10003
0 0 0 0 10003
0 0 0 0 10003
0 0 0 0 10003
0 0 0 0 10003
0 0 0 0 10003
0 0 0 0 10003
0 0 0 0 10003
0 0 0 0 10003
0 0 0 0 10003
0 0 0 0 10003
0 0 0 0 10003
0 0 0 0 10003
0 0 0 0 10003
0 0 0 0 10003
0 0 0 0 10003
0 0 0 0 10003
0 0 0 0 10003
0 0 0 0 10003
0 0 0 0 10003
0 0 0 0 10003
0 0 0 0 10003
0 0 0 0 10003
0 0 0 0 10003
0 0 0 0 10003
0 0 0 0 10003
0 0 0 0 10003
0 0 0 0 10003
0 0 0 0 10003
0 0 0 0 10003
0 0 0 0 10003
0 0 0 0 10003
0 0 0 0 10003
0 0 0 0 10003
0 0 0 0 10003
0 0 0 0 10003
0 0 0 0 10003
0 0 0 0 10003
0 0 0 0 10003
0 0 0 0 10003
0 0 0 0 10003
0 0 0 0 10003
0 0 0 0 10003
0 0 0 0 10003
0 0 0 0 10003
0 0 0 0 10003
0 0 0 0 10003
0 0 0 0 10003
0 0 0 0 10003
0 0 0 0 10003
0 0 0 0 10003
0 0 0 0 10003
0 0 0 0 10003
0 0 0 0 10003
0 0 0 0 10003
0 0 0 0 10003
0 0 0 0 10003
0 0 0 0 10003
0 0 0 0 10003
0 0 0 0 10003
0 0 0 0 10003
0 0 0 0 10003
0 0 0 0 10003
0 0 0 0 10003
0 0 0 0 10003
0 0 0 0 10003
0 0 0 0 10003
0 0 0 0 10003
0 0 0 0 10003
0 0 0 0 10003
0 0 0 0 10003
0 0 0 0 10003
0 0 0 0 10003
0 0 0 0 10003
0 0 0 0 10003
0 0 0 0 10003
0 0 0 0 10003
0 0 0 0 10003
0 0 0 0 10003
0 0 0 0 10003
0 0 0 0 10003
0 0 0 0 10003
0 0 0 0 10003
0 0 0 0 10003
0 0 0 0 10003
0 0 0 0 10003
0 0 0 0 10003
0 0 0 0 10003
0 0 0 0 10003
0 0 0 0 10003
0 0 0 0 10003
0 0 0 0 10003
0 0 0 0 10003
0 0 0 0 10003
0 0 0 0 10003
0 0 0 0 10003
0 0 0 0 10003
0 0 0 0 10003
0 0 0 0 10003
0 0 0 0 10003
0 0 0 0 10003
0 0 0 0 10003
0 0 0 0 10003
0 0 0 0 10003
0 0 0 0 10003
0 0 0 0 10003
0 0 0 0 10003
0 0 0 0 10003
0 0 0 0 10003
0 0 0 0 10003
0 0 0 0 10003
0 0 0 0 10003
0 0 0 0 10003
0 0 0 0 10003
0 0 0 0 10003
0 0 0 0 10003
0 0 0 0 10003
0 0 0 0 10003
0 0 0 0 10003
0 0 0 0 10003
0 0 0 0 10003
0 0 0 0 10003
0 0 0 0 10003
0 0 0 0 10003
0 0 0 0 10003
0 0 0 0 10003
0 0 0 0 10003
0 0 0 0 10003
0 0 0 0 10003
0 0 0 0 10003
0 0 0 0 10003
0 0 0 0 10003
0 0 0 0 10003
0 0 0 0 10003
0 0 0 0 10003
0 0 0 0 10003
0 0 0 0 10003
0 0 0 0 10003
0 0 0 0 10003
0 0 0 0 10003
0 0 0 0 10003
0 0 0 0 10003
0 0 0 0 10003
0 0 0 0 10003
0 128 0 0 10003
0 128 0 0 10003
0 128 0 0 10003
0 128 0 0 10003
0 128 0 0 10003
0 128 0 0 10003
0 128 0 0 10003
0 128 0 0 10003
0 128 0 0 10003
0 128 0 0 10003
0 128 0 0 10003
0 128 0 0 10003
0 128 0 0 10003
0 128 0 0 10003
0 128 0 0 10003
0 128 0 0 10003
0 128 0 0 10003
0 128 0 0 10003
0 128 0 0 10003
0 128 0 0 10003
0 128 0 0 10003
0 128 0 0 10003
0 128 0 0 10003
0 128 0 0 10003
0 128 0 0 10003
0 128 0 0 10003
0 128 0 0 10003
0 128 0 0 10003
0 128 0 0 10003
0 128 0 0 10003
0 128 0 0 10003
0 128 0 0 10003
0 128 0 0 10003
0 128 0 0 10003
0 128 0 0 10003
0 128 0 0 10003
0 128 0 0 10003
0 128 0 0 10003
0 128 0 0 10003
0 128 0 0 10003
0 128 0 0 10003
0 128 0 0 10003
0 128 0 0 10003
0 128 0 0 10003
0 128 0 0 10003
0 128 0 0 10003
0 128 0 0 10003
0 128 0 0 10003
0 128 0 0 10003
0 128 0 0 10003
0 128 0 0 10003
0 128 0 0 10003
0 128 0 0 10003
0 128 0 0 10003
0 128 0 0 10003
0 128 0 0 10003
0 128 0 0 10003
0 128 0 0 10003
0 128 0 0 10003
0 128 0 0 10003
0 128 0 0 10003
0 128 0 0 10003
0 128 0 0 10003
0 128 0 0 10003
0 128 0 0 10003
0 128 0 0 10003
0 128 0 0 10003
0 128 0 0 10003
0 128 0 0 10003
0 128 0 0 10003
0 128 0 0 10003
0 128 0 0 10003
0 128 0 0 10003
0 128 0 0 10003
0 128 0 0 10003
0 128 0 0 10003
0 128 0 0 10003
0 128 0 0 10003
0 128 0 0 10003
0 128 0 0 10003
0 128 0 0 10003
0 128 0 0 10003
0 128 0 0 10003
0 128 0 0 10003
0 128 0 0 10003
0 128 0 0 10003
0 128 0 0 10003
0 128 0 0 10003
0 128 0 0 10003
0 128 0 0 10003
0 128 0 0 10003
0 128 0 0 10003
0 128 0 0 10003
0 128 0 0 10003
0 128 0 0 10003
0 128 0 0 10003
0 128 0 0 10003
0 128 0 0 10003
0 128 0 0 10003
0 128 0 0 10003
0 128 0 0 10003
0 128 0 0 10003
0 128 0 0 10003
0 129 0 0 10003
0 130 0 0 10003
0 132 0 0 10003
0 133 0 0 10003
0 135 0 0 10003
0 138 0 0 10003
0 141 0 0 10003
0 144 0 0 10003
0 147 0 0 10003
0 151 0 0 10003
0 154 0 0 10003
0 159 0 0 10003
0 163 0 0 10003
0 168 0 0 10003
0 173 0 0 10003
0 178 0 0 10003
0 184 0 0 10003
0 189 0 0 10003
0 195 0 0 10003
0 201 0 0 10003
0 206 0 0 10003
0 212 0 0 10003
0 218 0 0 10003
0 224 0 0 10003
0 229 0 0 10003
0 234 0 0 10003
0 239 0 0 10003
0 243 0 0 10003
0 247 0 0 10003
0 250 0 0 10003
0 253 0 0 10003
0 255 0 0 10003
0 255 0 0 10003
0 255 0 0 10003
0 254 0 0 10003
0 252 0 0 10003
0 248 0 0 10003
0 243 0 0 10003
0 237 0 0 10003
0 230 0 0 10003
0 221 0 0 10003
0 211 0 0 10003
0 199 0 0 10003
0 187 0 0 10003
0 173 0 0 10003
0 159 0 0 10003
0 143 0 0 10003
0 128 0 0 10003
0 111 0 0 10003
0 95 0 0 10003
0 79 0 0 10003
0 64 0 0 10003
0 49 0 0 10003
0 36 0 0 10003
0 24 0 0 10003
0 14 0 0 10003
0 7 0 0 10003
0 2 0 0 10003
0 0 0 0 10003
0 0 0 0 10003
0 4 0 0 10003
0 11 0 0 10003
0 22 0 0 10003
0 35 0 0 10003
0 51 0 0 10003
0 69 0 0 10003
0 90 0 0 10003
0 111 0 0 10003
0 134 0 0 10003
0 157 0 0 10003
0 179 0 0 10003
0 200 0 0 10003
0 218 0 0 10003
0 233 0 0 10003
0 245 0 0 10003
0 253 0 0 10003
0 255 0 0 10003
0 253 0 0 10003
0 246 0 0 10003
0 233 0 0 10003
0 216 0 0 10003
0 195 0 0 10003
0 171 0 0 10003
0 144 0 0 10003
0 116 0 0 10003
0 89 0 0 10003
0 63 0 0 10003
0 40 0 0 10003
0 21 0 0 10003
0 8 0 0 10003
0 1 0 0 10003
0 0 0 0 10003
0 7 0 0 10003
0 21 0 0 10003
0 41 0 0 10003
0 66 0 0 10003
0 96 0 0 10003
0 127 0 0 10003
0 159 0 0 10003
0 190 0 0 10003
0 216 0 0 10003
0 237 0 0 10003
0 250 0 0 10003
0 255 0 0 10003
0 252 0 0 10003
0 239 0 0 10003
0 217 0 0 10003
0 189 0 0 10003
0 156 0 0 10003
0 120 0 0 10003
0 85 0 0 10003
0 53 0 0 10003
0 26 0 0 10003
0 8 0 0 10003
0 0 0 0 10003
0 3 0 0 10003
0 16 0 0 10003
0 40 0 0 10003
0 72 0 0 10003
0 109 0 0 10003
0 148 0 0 10003
0 186 0 0 10003
0 218 0 0 10003
0 242 0 0 10003
0 254 0 0 10003
0 254 0 0 10003
0 240 0 0 10003
0 215 0 0 10003
0 180 0 0 10003
0 140 0 0 10003
0 97 0 0 10003
0 58 0 0 10003
0 26 0 0 10003
0 6 0 0 10003
0 0 0 0 10003
0 8 0 0 10003
0 31 0 0 10003
0 66 0 0 10003
0 108 0 0 10003
0 154 0 0 10003
0 196 0 0 10003
0 230 0 0 10003
0 250 0 0 10003
0 255 0 0 10003
0 243 0 0 10003
0 215 0 0 10003
0 174 0 0 10003
0 128 0 0 10003
0 80 0 0 10003
0 39 0 0 10003
0 11 0 0 10003
0 0 0 0 10003
0 7 0 0 10003
0 33 0 0 10003
0 73 0 0 10003
0 122 0 0 10003
0 172 0 0 10003
0 215 0 0 10003
0 245 0 0 10003
0 255 0 0 10003
0 245 0 0 10003
0 216 0 0 10003
0 171 0 0 10003
0 118 0 0 10003
0 67 0 0 10003
0 26 0 0 10003
0 3 0 0 10003
0 2 0 0 10003
0 23 0 0 10003
0 64 0 0 10003
0 116 0 0 10003
0 171 0 0 10003
0 218 0 0 10003
0 248 0 0 10003
0 255 0 0 10003
0 237 0 0 10003
0 197 0 0 10003
0 144 0 0 10003
0 86 0 0 10003
0 37 0 0 10003
0 6 0 0 10003
0 1 0 0 10003
0 22 0 0 10003
0 65 0 0 10003
0 123 0 0 10003
0 181 0 0 10003
0 228 0 0 10003
0 253 0 0 10003
0 250 0 0 10003
0 219 0 0 10003
0 167 0 0 10003
0 106 0 0 10003
0 49 0 0 10003
0 11 0 0 10003
0 0 0 0 10003
0 20 0 0 10003
0 66 0 0 10003
0 127 0 0 10003
0 189 0 0 10003
0 236 0 0 10003
0 255 0 0 10003
0 242 0 0 10003
0 199 0 0 10003
0 138 0 0 10003
0 73 0 0 10003
0 23 0 0 10003
0 0 0 0 10003
0 12 0 0 10003
0 55 0 0 10003
0 118 0 0 10003
0 185 0 0 10003
0 235 0 0 10003
0 255 0 0 10003
0 239 0 0 10003
0 191 0 0 10003
0 124 0 0 10003
0 57 0 0 10003
0 12 0 0 10003
0 0 0 0 10003
0 27 0 0 10003
0 85 0 0 10003
0 156 0 0 10003
0 218 0 0 10003
0 252 0 0 10003
0 248 0 0 10003
0 205 0 0 10003
0 137 0 0 10003
0 66 0 0 10003
0 14 0 0 10003
0 0 0 0 10003
0 28 0 0 10003
0 89 0 0 10003
0 163 0 0 10003
0 226 0 0 10003
0 255 0 0 10003
0 240 0 0 10003
0 186 0 0 10003
0 111 0 0 10003
0 42 0 0 10003
0 3 0 0 10003
0 8 0 0 10003
0 57 0 0 10003
0 132 0 0 10003
0 205 0 0 10003
0 250 0 0 10003
0 249 0 0 10003
0 203 0 0 10003
0 127 0 0 10003
0 52 0 0 10003
0 6 0 0 10003
0 6 0 0 10003
0 54 0 0 10003
0 132 0 0 10003
0 207 0 0 10003
0 251 0 0 10003
0 246 0 0 10003
0 192 0 0 10003
0 111 0 0 10003
0 37 0 0 10003
0 1 0 0 10003
0 17 0 0 10003
0 80 0 0 10003
0 163 0 0 10003
0 232 0 0 10003
0 255 0 0 10003
0 224 0 0 10003
0 150 0 0 10003
0 66 0 0 10003
0 9 0 0 10003
0 5 0 0 10003
0 56 0 0 10003
0 140 0 0 10003
0 218 0 0 10003
0 255 0 0 10003
0 233 0 0 10003
0 162 0 0 10003
0 74 0 0 10003
0 12 0 0 10003
0 4 0 0 10003
0 55 0 0 10003
0 142 0 0 10003
0 221 0 0 10003
0 255 0 0 10003
0 227 0 0 10003
0 148 0 0 10003
0 60 0 0 10003
0 5 0 0 10003
0 12 0 0 10003
0 78 0 0 10003
0 169 0 0 10003
0 240 0 0 10003
0 252 0 0 10003
0 199 0 0 10003
0 109 0 0 10003
0 28 0 0 10003
0 0 0 0 10003
0 40 0 0 10003
0 127 0 0 10003
0 215 0 0 10003
0 255 0 0 10003
0 225 0 0 10003
0 141 0 0 10003
0 49 0 0 10003
0 1 0 0 10003
0 24 0 0 10003
0 106 0 0 10003
0 200 0 0 10003
0 253 0 0 10003
0 234 0 0 10003
0 152 0 0 10003
0 56 0 0 10003
0 2 0 0 10003
0 22 0 0 10003
0 104 0 0 10003
0 201 0 0 10003
0 254 0 0 10003
0 230 0 0 10003
0 144 0 0 10003
0 47 0 0 10003
0 0 0 0 10003
0 32 0 0 10003
0 124 0 0 10003
0 218 0 0 10003
0 255 0 0 10003
0 212 0 0 10003
0 114 0 0 10003
0 25 0 0 10003
0 2 0 0 10003
0 60 0 0 10003
0 163 0 0 10003
0 243 0 0 10003
0 246 0 0 10003
0 171 0 0 10003
0 66 0 0 10003
0 3 0 0 10003
0 23 0 0 10003
0 115 0 0 10003
0 215 0 0 10003
0 255 0 0 10003
0 207 0 0 10003
0 104 0 0 10003
0 16 0 0 10003
0 7 0 0 10003
0 83 0 0 10003
0 190 0 0 10003
0 253 0 0 10003
0 226 0 0 10003
0 128 0 0 10003
0 29 0 0 10003
0 2 0 0 10003
0 67 0 0 10003
0 177 0 0 10003
0 250 0 0 10003
0 232 0 0 10003
0 136 0 0 10003
0 33 0 0 10003
0 1 0 0 10003
0 66 0 0 10003
0 178 0 0 10003
0 251 0 0 10003
0 229 0 0 10003
0 128 0 0 10003
0 26 0 0 10003
0 4 0 0 10003
0 79 0 0 10003
0 193 0 0 10003
0 255 0 0 10003
0 215 0 0 10003
0 105 0 0 10003
0 13 0 0 10003
0 14 0 0 10003
0 108 0 0 10003
0 218 0 0 10003
0 254 0 0 10003
0 185 0 0 10003
0 68 0 0 10003
0 1 0 0 10003
0 40 0 0 10003
0 153 0 0 10003
0 245 0 0 10003
0 237 0 0 10003
0 135 0 0 10003
0 26 0 0 10003
0 6 0 0 10003
0 91 0 0 10003
0 208 0 0 10003
0 255 0 0 10003
0 189 0 0 10003
0 69 0 0 10003
0 0 0 0 10003
0 46 0 0 10003
0 165 0 0 10003
0 250 0 0 10003
0 224 0 0 10003
0 110 0 0 10003
0 11 0 0 10003
0 20 0 0 10003
0 128 0 0 10003
0 128 0 0 10003
0 128 0 0 10003
0 128 0 0 10003
0 128 0 0 10003
0 128 0 0 10003
0 128 0 0 10003
0 128 0 0 10003
0 128 0 0 10003
0 128 0 0 10003
0 128 0 0 10003
0 128 0 0 10003
0 128 0 0 10003
0 128 0 0 10003
0 128 0 0 10003
0 128 0 0 10003
0 128 0 0 10003
0 128 0 0 10003
0 128 0 0 10003
0 128 0 0 10003
0 128 0 0 10003
0 128 0 0 10003
0 128 0 0 10003
0 128 0 0 10003
0 128 0 0 10003
0 128 0 0 10003
0 128 0 0 10003
0 128 0 0 10003
0 128 0 0 10003
0 128 0 0 10003
0 128 0 0 10003
0 128 0 0 10003
0 128 0 0 10003
0 128 0 0 10003
0 128 0 0 10003
0 128 0 0 10003
0 128 0 0 10003
0 128 0 0 10003
0 128 0 0 10003
0 128 0 0 10003
0 128 0 0 10003
0 128 0 0 10003
0 128 0 0 10003
0 128 0 0 10003
0 128 0 0 10003
0 128 0 0 10003
0 128 0 0 10003
0 128 0 0 10003
0 128 0 0 10003
0 128 0 0 10003
0 128 0 0 10003
0 128 0 0 10003
0 128 0 0 10003
0 128 0 0 10003
0 128 0 0 10003
0 128 0 0 10003
0 128 0 0 10003
0 128 0 0 10003
0 128 0 0 10003
0 128 0 0 10003
0 128 0 0 10003
0 128 0 0 10003
0 128 0 0 10003
0 128 0 0 10003
0 128 0 0 10003
0 128 0 0 10003
0 128 0 0 10003
0 128 0 0 10003
0 128 0 0 10003
0 128 0 0 10003
0 128 0 0 10003
0 128 0 0 10003
0 128 0 0 10003
0 128 0 0 10003
0 128 0 0 10003
0 128 0 0 10003
0 128 0 0 10003
0 128 0 0 10003
0 128 0 0 10003
0 128 0 0 10003
0 128 0 0 10003
0 128 0 0 10003
0 128 0 0 10003
0 128 0 0 10003
0 128 0 0 10003
0 128 0 0 10003
0 128 0 0 10003
0 128 0 0 10003
0 128 0 0 10003
0 128 0 0 10003
0 128 0 0 10003
0 128 0 0 10003
0 128 0 0 10003
0 128 0 0 10003
0 128 0 0 10003
0 128 0 0 10003
0 128 0 0 10003
0 128 0 0 10003
0 128 0 0 10003
0 128 0 0 10003
0 128 0 0 10003
0 128 0 0 10003
0 128 0 0 10003
0 128 0 0 10003
0 129 0 0 10003
0 129 0 0 10003
0 129 0 0 10003
0 130 0 0 10003
0 130 0 0 10003
0 130 0 0 10003
0 129 0 0 10003
0 129 0 0 10003
0 128 0 0 10003
0 127 0 0 10003
0 126 0 0 10003
0 125 0 0 10003
0 124 0 0 10003
0 123 0 0 10003
0 122 0 0 10003
0 121 0 0 10003
0 121 0 0 10003
0 122 0 0 10003
0 123 0 0 10003
0 124 0 0 10003
0 126 0 0 10003
0 128 0 0 10003
0 130 0 0 10003
0 132 0 0 10003
0 134 0 0 10003
0 135 0 0 10003
0 137 0 0 10003
0 137 0 0 10003
0 138 0 0 10003
0 137 0 0 10003
0 136 0 0 10003
0 134 0 0 10003
0 132 0 0 10003
0 129 0 0 10003
0 126 0 0 10003
0 123 0 0 10003
0 120 0 0 10003
0 117 0 0 10003
0 115 0 0 10003
0 114 0 0 10003
0 113 0 0 10003
0 114 0 0 10003
0 115 0 0 10003
0 117 0 0 10003
0 120 0 0 10003
0 124 0 0 10003
0 127 0 0 10003
0 132 0 0 10003
0 136 0 0 10003
0 139 0 0 10003
0 142 0 0 10003
0 144 0 0 10003
0 145 0 0 10003
0 145 0 0 10003
0 144 0 0 10003
0 142 0 0 10003
0 139 0 0 10003
0 135 0 0 10003
0 130 0 0 10003
0 125 0 0 10003
0 120 0 0 10003
0 115 0 0 10003
0 111 0 0 10003
0 108 0 0 10003
0 106 0 0 10003
0 105 0 0 10003
0 106 0 0 10003
0 108 0 0 10003
0 112 0 0 10003
0 116 0 0 10003
0 122 0 0 10003
0 127 0 0 10003
0 134 0 0 10003
0 139 0 0 10003
0 145 0 0 10003
0 149 0 0 10003
0 152 0 0 10003
0 153 0 0 10003
0 153 0 0 10003
0 152 0 0 10003
0 148 0 0 10003
0 143 0 0 10003
0 138 0 0 10003
0 131 0 0 10003
0 124 0 0 10003
0 117 0 0 10003
0 111 0 0 10003
0 105 0 0 10003
0 101 0 0 10003
0 98 0 0 10003
0 97 0 0 10003
0 99 0 0 10003
0 102 0 0 10003
0 106 0 0 10003
0 112 0 0 10003
0 120 0 0 10003
0 127 0 0 10003
0 136 0 0 10003
0 143 0 0 10003
0 150 0 0 10003
0 156 0 0 10003
0 159 0 0 10003
0 161 0 0 10003
0 161 0 0 10003
0 159 0 0 10003
0 154 0 0 10003
0 148 0 0 10003
0 141 0 0 10003
0 132 0 0 10003
0 123 0 0 10003
0 114 0 0 10003
0 106 0 0 10003
0 99 0 0 10003
0 94 0 0 10003
0 90 0 0 10003
0 89 0 0 10003
0 91 0 0 10003
0 95 0 0 10003
0 101 0 0 10003
0 109 0 0 10003
0 118 0 0 10003
0 127 0 0 10003
0 138 0 0 10003
0 147 0 0 10003
0 156 0 0 10003
0 162 0 0 10003
0 167 0 0 10003
0 169 0 0 10003
0 169 0 0 10003
0 166 0 0 10003
0 161 0 0 10003
0 153 0 0 10003
0 144 0 0 10003
0 133 0 0 10003
0 122 0 0 10003
0 111 0 0 10003
0 101 0 0 10003
0 93 0 0 10003
0 86 0 0 10003
0 83 0 0 10003
0 82 0 0 10003
0 83 0 0 10003
0 88 0 0 10003
0 95 0 0 10003
0 105 0 0 10003
0 116 0 0 10003
0 127 0 0 10003
0 140 0 0 10003
0 151 0 0 10003
0 161 0 0 10003
0 169 0 0 10003
0 175 0 0 10003
0 177 0 0 10003
0 177 0 0 10003
0 173 0 0 10003
0 167 0 0 10003
0 158 0 0 10003
0 146 0 0 10003
0 134 0 0 10003
0 121 0 0 10003
0 108 0 0 10003
0 96 0 0 10003
0 87 0 0 10003
0 79 0 0 10003
0 75 0 0 10003
0 74 0 0 10003
0 76 0 0 10003
0 81 0 0 10003
0 90 0 0 10003
0 101 0 0 10003
0 114 0 0 10003
0 127 0 0 10003
0 142 0 0 10003
0 155 0 0 10003
0 166 0 0 10003
0 176 0 0 10003
0 182 0 0 10003
0 185 0 0 10003
0 185 0 0 10003
0 180 0 0 10003
0 173 0 0 10003
0 162 0 0 10003
0 149 0 0 10003
0 135 0 0 10003
0 120 0 0 10003
0 105 0 0 10003
0 92 0 0 10003
0 80 0 0 10003
0 72 0 0 10003
0 67 0 0 10003
0 66 0 0 10003
0 68 0 0 10003
0 75 0 0 10003
0 84 0 0 10003
0 97 0 0 10003
0 112 0 0 10003
0 127 0 0 10003
0 143 0 0 10003
0 159 0 0 10003
0 172 0 0 10003
0 183 0 0 10003
0 190 0 0 10003
0 193 0 0 10003
0 193 0 0 10003
0 188 0 0 10003
0 179 0 0 10003
0 167 0 0 10003
0 152 0 0 10003
0 136 0 0 10003
0 119 0 0 10003
0 102 0 0 10003
0 87 0 0 10003
0 74 0 0 10003
0 65 0 0 10003
0 59 0 0 10003
0 58 0 0 10003
0 61 0 0 10003
0 68 0 0 10003
0 79 0 0 10003
0 93 0 0 10003
0 110 0 0 10003
0 127 0 0 10003
0 145 0 0 10003
0 162 0 0 10003
0 177 0 0 10003
0 189 0 0 10003
0 197 0 0 10003
0 201 0 0 10003
0 200 0 0 10003
0 195 0 0 10003
0 185 0 0 10003
0 172 0 0 10003
0 155 0 0 10003
0 137 0 0 10003
0 118 0 0 10003
0 99 0 0 10003
0 82 0 0 10003
0 68 0 0 10003
0 57 0 0 10003
0 51 0 0 10003
0 50 0 0 10003
0 53 0 0 10003
0 61 0 0 10003
0 73 0 0 10003
0 89 0 0 10003
0 108 0 0 10003
0 127 0 0 10003
0 147 0 0 10003
0 166 0 0 10003
0 183 0 0 10003
0 196 0 0 10003
0 205 0 0 10003
0 209 0 0 10003
0 208 0 0 10003
0 202 0 0 10003
0 191 0 0 10003
0 176 0 0 10003
0 158 0 0 10003
0 138 0 0 10003
0 117 0 0 10003
0 96 0 0 10003
0 78 0 0 10003
0 62 0 0 10003
0 50 0 0 10003
0 43 0 0 10003
0 42 0 0 10003
0 45 0 0 10003
0 54 0 0 10003
0 68 0 0 10003
0 85 0 0 10003
0 106 0 0 10003
0 127 0 0 10003
0 149 0 0 10003
0 170 0 0 10003
0 188 0 0 10003
0 203 0 0 10003
0 213 0 0 10003
0 217 0 0 10003
0 216 0 0 10003
0 209 0 0 10003
0 198 0 0 10003
0 181 0 0 10003
0 161 0 0 10003
0 139 0 0 10003
0 116 0 0 10003
0 93 0 0 10003
0 73 0 0 10003
0 56 0 0 10003
0 43 0 0 10003
0 35 0 0 10003
0 34 0 0 10003
0 38 0 0 10003
0 48 0 0 10003
0 62 0 0 10003
0 82 0 0 10003
0 104 0 0 10003
0 127 0 0 10003
0 151 0 0 10003
0 174 0 0 10003
0 194 0 0 10003
0 210 0 0 10003
0 220 0 0 10003
0 225 0 0 10003
0 224 0 0 10003
0 217 0 0 10003
0 204 0 0 10003
0 186 0 0 10003
0 164 0 0 10003
0 140 0 0 10003
0 115 0 0 10003
0 91 0 0 10003
0 68 0 0 10003
0 50 0 0 10003
0 36 0 0 10003
0 28 0 0 10003
0 26 0 0 10003
0 30 0 0 10003
0 41 0 0 10003
0 57 0 0 10003
0 78 0 0 10003
0 102 0 0 10003
0 128 0 0 10003
0 153 0 0 10003
0 178 0 0 10003
0 199 0 0 10003
0 216 0 0 10003
0 228 0 0 10003
0 233 0 0 10003
0 232 0 0 10003
0 224 0 0 10003
0 210 0 0 10003
0 191 0 0 10003
0 167 0 0 10003
0 141 0 0 10003
0 114 0 0 10003
0 88 0 0 10003
0 64 0 0 10003
0 43 0 0 10003
0 28 0 0 10003
0 20 0 0 10003
0 18 0 0 10003
0 23 0 0 10003
0 34 0 0 10003
0 51 0 0 10003
0 74 0 0 10003
0 100 0 0 10003
0 127 0 0 10003
0 155 0 0 10003
0 182 0 0 10003
0 205 0 0 10003
0 223 0 0 10003
0 236 0 0 10003
0 241 0 0 10003
0 240 0 0 10003
0 231 0 0 10003
0 216 0 0 10003
0 195 0 0 10003
0 170 0 0 10003
0 142 0 0 10003
0 113 0 0 10003
0 85 0 0 10003
0 59 0 0 10003
0 37 0 0 10003
0 21 0 0 10003
0 12 0 0 10003
0 10 0 0 10003
0 15 0 0 10003
0 27 0 0 10003
0 46 0 0 10003
0 70 0 0 10003
0 98 0 0 10003
0 127 0 0 10003
0 157 0 0 10003
0 186 0 0 10003
0 210 0 0 10003
0 230 0 0 10003
0 243 0 0 10003
0 249 0 0 10003
0 248 0 0 10003
0 238 0 0 10003
0 222 0 0 10003
0 200 0 0 10003
0 173 0 0 10003
0 143 0 0 10003
0 112 0 0 10003
0 82 0 0 10003
0 54 0 0 10003
0 31 0 0 10003
0 14 0 0 10003
0 4 0 0 10003
0 2 0 0 10003
0 7 0 0 10003
0 21 0 0 10003
0 41 0 0 10003
0 66 0 0 10003
0 96 0 0 10003
0 128 0 0 10003
0 128 0 0 10003
0 128 0 0 10003
0 128 0 0 10003
0 128 0 0 10003
0 128 0 0 10003
0 128 0 0 10003
0 128 0 0 10003
0 128 0 0 10003
0 128 0 0 10003
0 128 0 0 10003
0 128 0 0 10003
0 128 0 0 10003
0 128 0 0 10003
0 128 0 0 10003
0 128 0 0 10003
0 128 0 0 10003
0 128 0 0 10003
0 128 0 0 10003
0 128 0 0 10003
0 128 0 0 10003
0 128 0 0 10003
0 128 0 0 10003
0 128 0 0 10003
0 128 0 0 10003
0 128 0 0 10003
0 128 0 0 10003
0 128 0 0 10003
0 128 0 0 10003
0 128 0 0 10003
0 128 0 0 10003
0 128 0 0 10003
0 128 0 0 10003
0 128 0 0 10003
0 128 0 0 10003
0 128 0 0 10003
0 128 0 0 10003
0 128 0 0 10003
0 128 0 0 10003
0 128 0 0 10003
0 128 0 0 10003
0 128 0 0 10003
0 128 0 0 10003
0 128 0 0 10003
0 128 0 0 10003
0 128 0 0 10003
0 128 0 0 10003
0 128 0 0 10003
0 128 0 0 10003
0 128 0 0 10003
0 128 0 0 10003
0 128 0 0 10003
0 128 0 0 10003
0 128 0 0 10003
0 128 0 0 10003
0 128 0 0 10003
0 128 0 0 10003
0 128 0 0 10003
0 128 0 0 10003
0 128 0 0 10003
0 128 0 0 10003
0 128 0 0 10003
0 128 0 0 10003
0 128 0 0 10003
0 128 0 0 10003
0 128 0 0 10003
0 128 0 0 10003
0 128 0 0 10003
0 128 0 0 10003
0 128 0 0 10003
0 128 0 0 10003
0 128 0 0 10003
0 128 0 0 10003
0 128 0 0 10003
0 128 0 0 10003
0 128 0 0 10003
0 128 0 0 10003
0 128 0 0 10003
0 128 0 0 10003
0 128 0 0 10003
0 128 0 0 10003
0 128 0 0 10003
0 128 0 0 10003
0 128 0 0 10003
0 128 0 0 10003
0 128 0 0 10003
0 128 0 0 10003
0 128 0 0 10003
0 128 0 0 10003
0 128 0 0 10003
0 128 0 0 10003
0 128 0 0 10003
0 128 0 0 10003
0 128 0 0 10003
0 128 0 0 10003
0 128 0 0 10003
0 128 0 0 10003
0 128 0 0 10003
0 128 0 0 10003
0 128 0 0 10003
0 0 0 0 10003
0 0 0 0 10004
0 0 0 0 10004
0 0 0 0 10004
0 0 0 0 10004
0 0 0 0 10004
0 0 0 0 10004
0 0 0 0 10004
0 0 0 0 10004
0 0 0 0 10004
0 0 0 0 10004
0 0 0 0 10004
0 0 0 0 10004
0 0 0 0 10004
0 0 0 0 10004
0 0 0 0 10004
0 0 0 0 10004
0 0 0 0 10004
0 0 0 0 10004
0 0 0 0 10004
0 0 0 0 10004
0 0 0 0 10004
0 0 0 0 10004
0 0 0 0 10004
0 0 0 0 10004
0 0 0 0 10004
0 0 0 0 10004
0 0 0 0 10004
0 0 0 0 10004
0 0 0 0 10004
0 0 0 0 10004
0 0 0 0 10004
0 0 0 0 10004
0 0 0 0 10004
0 0 0 0 10004
0 0 0 0 10004
0 0 0 0 10004
0 0 0 0 10004
0 0 0 0 10004
0 0 0 0 10004
0 0 0 0 10004
0 0 0 0 10004
0 0 0 0 10004
0 0 0 0 10004
0 0 0 0 10004
0 0 0 0 10004
0 0 0 0 10004
0 0 0 0 10004
0 0 0 0 10004
0 0 0 0 10004
0 0 0 0 10004
0 0 0 0 10004
0 0 0 0 10004
0 0 0 0 10004
0 0 0 0 10004
0 0 0 0 10004
0 0 0 0 10004
0 0 0 0 10004
0 0 0 0 10004
0 0 0 0 10004
0 0 0 0 10004
0 0 0 0 10004
0 0 0 0 10004
0 0 0 0 10004
0 0 0 0 10004
0 0 0 0 10004
0 0 0 0 10004
0 0 0 0 10004
0 0 0 0 10004
0 0 0 0 10004
0 0 0 0 10004
0 0 0 0 10004
0 0 0 0 10004
0 0 0 0 10004
0 0 0 0 10004
0 0 0 0 10004
0 0 0 0 10004
0 0 0 0 10004
0 0 0 0 10004
0 0 0 0 10004
0 0 0 0 10004
0 0 0 0 10004
0 0 0 0 10004
0 0 0 0 10004
0 0 0 0 10004
0 0 0 0 10004
0 0 0 0 10004
0 0 0 0 10004
0 0 0 0 10004
0 0 0 0 10004
0 0 0 0 10004
0 0 0 0 10004
0 0 0 0 10004
0 0 0 0 10004
0 0 0 0 10004
0 0 0 0 10004
0 0 0 0 10004
0 0 0 0 10004
0 0 0 0 10004
0 0 0 0 10004
0 0 0 0 10004
0 0 0 0 10004
0 0 0 0 10004
0 0 0 0 10004
0 0 0 0 10004
0 0 0 0 10004
0 0 0 0 10004
0 0 0 0 10004
0 0 0 0 10004
0 0 0 0 10004
0 0 0 0 10004
0 0 0 0 10004
0 0 0 0 10004
0 0 0 0 10004
0 0 0 0 10004
0 0 0 0 10004
0 0 0 0 10004
0 0 0 0 10004
0 0 0 0 10004
0 0 0 0 10004
0 0 0 0 10004
0 0 0 0 10004
0 0 0 0 10004
0 0 0 0 10004
0 0 0 0 10004
0 0 0 0 10004
0 0 0 0 10004
0 0 0 0 10004
0 0 0 0 10004
0 0 0 0 10004
0 0 0 0 10004
0 0 0 0 10004
0 0 0 0 10004
0 0 0 0 10004
0 0 0 0 10004
0 0 0 0 10004
0 0 0 0 10004
0 0 0 0 10004
0 0 0 0 10004
0 0 0 0 10004
0 0 0 0 10004
0 0 0 0 10004
0 0 0 0 10004
0 0 0 0 10004
0 0 0 0 10004
0 0 0 0 10004
0 0 0 0 10004
0 0 0 0 10004
0 0 0 0 10004
0 0 0 0 10004
0 0 0 0 10004
0 0 0 0 10004
0 0 0 0 10004
0 0 0 0 10004
0 0 0 0 10004
0 0 0 0 10004
0 0 0 0 10004
0 0 0 0 10004
0 0 0 0 10004
0 0 0 0 10004
0 0 0 0 10004
0 0 0 0 10004
0 0 0 0 10004
0 0 0 0 10004
0 0 0 0 10004
0 0 0 0 10004
0 0 0 0 10004
0 0 0 0 10004
0 0 0 0 10004
0 0 0 0 10004
0 0 0 0 10004
0 0 0 0 10004
0 0 0 0 10004
0 0 0 0 10004
0 0 0 0 10004
0 0 0 0 10004
0 0 0 0 10004
0 0 0 0 10004
0 0 0 0 10004
0 0 0 0 10004
0 0 0 0 10004
0 0 0 0 10004
0 0 0 0 10004
0 0 0 0 10004
0 0 0 0 10004
0 0 0 0 10004
0 0 0 0 10004
0 0 0 0 10004
0 0 0 0 10004
0 0 0 0 10004
0 0 0 0 10004
0 0 0 0 10004
0 0 0 0 10004
0 0 0 0 10004
0 0 0 0 10004
0 0 0 0 10004
0 0 0 0 10004
0 0 0 0 10004
0 0 0 0 10004
0 0 0 0 10004
0 255 0 0 10004
0 255 0 0 10004
0 255 0 0 10004
0 255 0 0 10004
0 255 0 0 10004
0 255 0 0 10004
0 255 0 0 10004
0 255 0 0 10004
0 255 0 0 10004
0 255 0 0 10004
0 255 0 0 10004
0 255 0 0 10004
0 255 0 0 10004
0 255 0 0 10004
0 255 0 0 10004
0 255 0 0 10004
0 255 0 0 10004
0 255 0 0 10004
0 255 0 0 10004
0 255 0 0 10004
0 255 0 0 10004
0 255 0 0 10004
0 255 0 0 10004
0 255 0 0 10004
0 255 0 0 10004
0 255 0 0 10004
0 255 0 0 10004
0 255 0 0 10004
0 255 0 0 10004
0 255 0 0 10004
0 255 0 0 10004
0 255 0 0 10004
0 255 0 0 10004
0 255 0 0 10004
0 255 0 0 10004
0 255 0 0 10004
0 255 0 0 10004
0 255 0 0 10004
0 255 0 0 10004
0 255 0 0 10004
0 255 0 0 10004
0 255 0 0 10004
0 255 0 0 10004
0 255 0 0 10004
0 255 0 0 10004
0 255 0 0 10004
0 255 0 0 10004
0 255 0 0 10004
0 255 0 0 10004
0 255 0 0 10004
0 255 0 0 10004
0 255 0 0 10004
0 255 0 0 10004
0 255 0 0 10004
0 255 0 0 10004
0 255 0 0 10004
0 255 0 0 10004
0 255 0 0 10004
0 255 0 0 10004
0 255 0 0 10004
0 255 0 0 10004
0 255 0 0 10004
0 255 0 0 10004
0 255 0 0 10004
0 255 0 0 10004
0 255 0 0 10004
0 255 0 0 10004
0 255 0 0 10004
0 255 0 0 10004
0 255 0 0 10004
0 255 0 0 10004
0 255 0 0 10004
0 255 0 0 10004
0 255 0 0 10004
0 255 0 0 10004
0 255 0 0 10004
0 255 0 0 10004
0 255 0 0 10004
0 255 0 0 10004
0 255 0 0 10004
0 255 0 0 10004
0 255 0 0 10004
0 255 0 0 10004
0 255 0 0 10004
0 255 0 0 10004
0 255 0 0 10004
0 255 0 0 10004
0 255 0 0 10004
0 255 0 0 10004
0 255 0 0 10004
0 255 0 0 10004
0 255 0 0 10004
0 255 0 0 10004
0 255 0 0 10004
0 255 0 0 10004
0 255 0 0 10004
0 255 0 0 10004
0 255 0 0 10004
0 255 0 0 10004
0 255 0 0 10004
0 255 0 0 10004
0 255 0 0 10004
0 255 0 0 10004
0 255 0 0 10004
0 255 0 0 10004
0 255 0 0 10004
0 255 0 0 10004
0 255 0 0 10004
0 255 0 0 10004
0 255 0 0 10004
0 255 0 0 10004
0 255 0 0 10004
0 255 0 0 10004
0 255 0 0 10004
0 255 0 0 10004
0 255 0 0 10004
0 255 0 0 10004
0 255 0 0 10004
0 255 0 0 10004
0 255 0 0 10004
0 255 0 0 10004
0 255 0 0 10004
0 255 0 0 10004
0 255 0 0 10004
0 255 0 0 10004
0 255 0 0 10004
0 255 0 0 10004
0 255 0 0 10004
0 255 0 0 10004
0 255 0 0 10004
0 255 0 0 10004
0 255 0 0 10004
0 255 0 0 10004
0 255 0 0 10004
0 255 0 0 10004
0 255 0 0 10004
0 255 0 0 10004
0 255 0 0 10004
0 255 0 0 10004
0 255 0 0 10004
0 255 0 0 10004
0 255 0 0 10004
0 255 0 0 10004
0 255 0 0 10004
0 255 0 0 10004
0 255 0 0 10004
0 255 0 0 10004
0 255 0 0 10004
0 255 0 0 10004
0 255 0 0 10004
0 0 0 0 10004
0 0 0 0 10004
0 0 0 0 10004
0 0 0 0 10004
0 0 0 0 10004
0 0 0 0 10004
0 0 0 0 10004
0 0 0 0 10004
0 0 0 0 10004
0 0 0 0 10004
0 0 0 0 10004
0 0 0 0 10004
0 0 0 0 10004
0 0 0 0 10004
0 0 0 0 10004
0 0 0 0 10004
0 0 0 0 10004
0 0 0 0 10004
0 0 0 0 10004
0 0 0 0 10004
0 0 0 0 10004
0 0 0 0 10004
0 0 0 0 10004
0 0 0 0 10004
0 0 0 0 10004
0 0 0 0 10004
0 0 0 0 10004
0 0 0 0 10004
0 0 0 0 10004
0 0 0 0 10004
0 0 0 0 10004
0 0 0 0 10004
0 0 0 0 10004
0 0 0 0 10004
0 0 0 0 10004
0 0 0 0 10004
0 0 0 0 10004
0 0 0 0 10004
0 0 0 0 10004
0 0 0 0 10004
0 0 0 0 10004
0 0 0 0 10004
0 0 0 0 10004
0 0 0 0 10004
0 0 0 0 10004
0 0 0 0 10004
0 0 0 0 10004
0 0 0 0 10004
0 0 0 0 10004
0 0 0 0 10004
0 0 0 0 10004
0 0 0 0 10004
0 0 0 0 10004
0 0 0 0 10004
0 0 0 0 10004
0 0 0 0 10004
0 0 0 0 10004
0 0 0 0 10004
0 0 0 0 10004
0 0 0 0 10004
0 0 0 0 10004
0 0 0 0 10004
0 0 0 0 10004
0 0 0 0 10004
0 0 0 0 10004
0 0 0 0 10004
0 0 0 0 10004
0 0 0 0 10004
0 0 0 0 10004
0 0 0 0 10004
0 0 0 0 10004
0 0 0 0 10004
0 0 0 0 10004
0 0 0 0 10004
0 0 0 0 10004
0 0 0 0 10004
0 0 0 0 10004
0 0 0 0 10004
0 0 0 0 10004
0 0 0 0 10004
0 0 0 0 10004
0 0 0 0 10004
0 0 0 0 10004
0 0 0 0 10004
0 0 0 0 10004
0 0 0 0 10004
0 0 0 0 10004
0 0 0 0 10004
0 0 0 0 10004
0 0 0 0 10004
0 0 0 0 10004
0 0 0 0 10004
0 0 0 0 10004
0 0 0 0 10004
0 0 0 0 10004
0 0 0 0 10004
0 0 0 0 10004
0 0 0 0 10004
0 0 0 0 10004
0 0 0 0 10004
0 0 0 0 10004
0 0 0 0 10004
0 0 0 0 10004
0 0 0 0 10004
0 0 0 0 10004
0 0 0 0 10004
0 0 0 0 10004
0 0 0 0 10004
0 0 0 0 10004
0 0 0 0 10004
0 0 0 0 10004
0 0 0 0 10004
0 0 0 0 10004
0 0 0 0 10004
0 0 0 0 10004
0 0 0 0 10004
0 0 0 0 10004
0 0 0 0 10004
0 0 0 0 10004
0 0 0 0 10004
0 0 0 0 10004
0 0 0 0 10004
0 0 0 0 10004
0 0 0 0 10004
0 0 0 0 10004
0 0 0 0 10004
0 0 0 0 10004
0 0 0 0 10004
0 0 0 0 10004
0 0 0 0 10004
0 0 0 0 10004
0 0 0 0 10004
0 0 0 0 10004
0 0 0 0 10004
0 0 0 0 10004
0 0 0 0 10004
0 0 0 0 10004
0 0 0 0 10004
0 0 0 0 10004
0 0 0 0 10004
0 0 0 0 10004
0 0 0 0 10004
0 0 0 0 10004
0 0 0 0 10004
0 0 0 0 10004
0 0 0 0 10004
0 0 0 0 10004
0 0 0 0 10004
0 0 0 0 10004
0 0 0 0 10004
0 128 0 0 10004
0 128 0 0 10004
0 128 0 0 10004
0 128 0 0 10004
0 128 0 0 10004
0 128 0 0 10004
0 128 0 0 10004
0 128 0 0 10004
0 128 0 0 10004
0 128 0 0 10004
0 128 0 0 10004
0 128 0 0 10004
0 128 0 0 10004
0 128 0 0 10004
0 128 0 0 10004
0 128 0 0 10004
0 128 0 0 10004
0 128 0 0 10004
0 128 0 0 10004
0 128 0 0 10004
0 128 0 0 10004
0 128 0 0 10004
0 128 0 0 10004
0 128 0 0 10004
0 128 0 0 10004
0 128 0 0 10004
0 128 0 0 10004
0 128 0 0 10004
0 128 0 0 10004
0 128 0 0 10004
0 128 0 0 10004
0 128 0 0 10004
0 128 0 0 10004
0 128 0 0 10004
0 128 0 0 10004
0 128 0 0 10004
0 128 0 0 10004
0 128 0 0 10004
0 128 0 0 10004
0 128 0 0 10004
0 128 0 0 10004
0 128 0 0 10004
0 128 0 0 10004
0 128 0 0 10004
0 128 0 0 10004
0 128 0 0 10004
0 128 0 0 10004
0 128 0 0 10004
0 128 0 0 10004
0 128 0 0 10004
0 128 0 0 10004
0 128 0 0 10004
0 128 0 0 10004
0 128 0 0 10004
0 128 0 0 10004
0 128 0 0 10004
0 128 0 0 10004
0 128 0 0 10004
0 128 0 0 10004
0 128 0 0 10004
0 128 0 0 10004
0 128 0 0 10004
0 128 0 0 10004
0 128 0 0 10004
0 128 0 0 10004
0 128 0 0 10004
0 128 0 0 10004
0 128 0 0 10004
0 128 0 0 10004
0 128 0 0 10004
0 128 0 0 10004
0 128 0 0 10004
0 128 0 0 10004
0 128 0 0 10004
0 128 0 0 10004
0 128 0 0 10004
0 128 0 0 10004
0 128 0 0 10004
0 128 0 0 10004
0 128 0 0 10004
0 128 0 0 10004
0 128 0 0 10004
0 128 0 0 10004
0 128 0 0 10004
0 128 0 0 10004
0 128 0 0 10004
0 128 0 0 10004
0 128 0 0 10004
0 128 0 0 10004
0 128 0 0 10004
0 128 0 0 10004
0 128 0 0 10004
0 128 0 0 10004
0 128 0 0 10004
0 128 0 0 10004
0 128 0 0 10004
0 128 0 0 10004
0 128 0 0 10004
0 128 0 0 10004
0 128 0 0 10004
0 128 0 0 10004
0 128 0 0 10004
0 128 0 0 10004
0 129 0 0 10004
0 130 0 0 10004
0 132 0 0 10004
0 133 0 0 10004
0 135 0 0 10004
0 138 0 0 10004
0 141 0 0 10004
0 144 0 0 10004
0 147 0 0 10004
0 151 0 0 10004
0 154 0 0 10004
0 159 0 0 10004
0 163 0 0 10004
0 168 0 0 10004
0 173 0 0 10004
0 178 0 0 10004
0 184 0 0 10004
0 189 0 0 10004
0 195 0 0 10004
0 201 0 0 10004
0 206 0 0 10004
0 212 0 0 10004
0 218 0 0 10004
0 224 0 0 10004
0 229 0 0 10004
0 234 0 0 10004
0 239 0 0 10004
0 243 0 0 10004
0 247 0 0 10004
0 250 0 0 10004
0 253 0 0 10004
0 255 0 0 10004
0 255 0 0 10004
0 255 0 0 10004
0 254 0 0 10004
0 252 0 0 10004
0 248 0 0 10004
0 243 0 0 10004
0 237 0 0 10004
0 230 0 0 10004
0 221 0 0 10004
0 211 0 0 10004
0 199 0 0 10004
0 187 0 0 10004
0 173 0 0 10004
0 159 0 0 10004
0 143 0 0 10004
0 128 0 0 10004
0 111 0 0 10004
0 95 0 0 10004
0 79 0 0 10004
0 64 0 0 10004
0 49 0 0 10004
0 36 0 0 10004
0 24 0 0 10004
0 14 0 0 10004
0 7 0 0 10004
0 2 0 0 10004
0 0 0 0 10004
0 0 0 0 10004
0 4 0 0 10004
0 11 0 0 10004
0 22 0 0 10004
0 35 0 0 10004
0 51 0 0 10004
0 69 0 0 10004
0 90 0 0 10004
0 111 0 0 10004
0 134 0 0 10004
0 157 0 0 10004
0 179 0 0 10004
0 200 0 0 10004
0 218 0 0 10004
0 233 0 0 10004
0 245 0 0 10004
0 253 0 0 10004
0 255 0 0 10004
0 253 0 0 10004
0 246 0 0 10004
0 233 0 0 10004
0 216 0 0 10004
0 195 0 0 10004
0 171 0 0 10004
0 144 0 0 10004
0 116 0 0 10004
0 89 0 0 10004
0 63 0 0 10004
0 40 0 0 10004
0 21 0 0 10004
0 8 0 0 10004
0 1 0 0 10004
0 0 0 0 10004
0 7 0 0 10004
0 21 0 0 10004
0 41 0 0 10004
0 66 0 0 10004
0 96 0 0 10004
0 127 0 0 10004
0 159 0 0 10004
0 190 0 0 10004
0 216 0 0 10004
0 237 0 0 10004
0 250 0 0 10004
0 255 0 0 10004
0 252 0 0 10004
0 239 0 0 10004
0 217 0 0 10004
0 189 0 0 10004
0 156 0 0 10004
0 120 0 0 10004
0 85 0 0 10004
0 53 0 0 10004
0 26 0 0 10004
0 8 0 0 10004
0 0 0 0 10004
0 3 0 0 10004
0 16 0 0 10004
0 40 0 0 10004
0 72 0 0 10004
0 109 0 0 10004
0 148 0 0 10004
0 186 0 0 10004
0 218 0 0 10004
0 242 0 0 10004
0 254 0 0 10004
0 254 0 0 10004
0 240 0 0 10004
0 215 0 0 10004
0 180 0 0 10004
0 140 0 0 10004
0 97 0 0 10004
0 58 0 0 10004
0 26 0 0 10004
0 6 0 0 10004
0 0 0 0 10004
0 8 0 0 10004
0 31 0 0 10004
0 66 0 0 10004
0 108 0 0 10004
0 154 0 0 10004
0 196 0 0 10004
0 230 0 0 10004
0 250 0 0 10004
0 255 0 0 10004
0 243 0 0 10004
0 215 0 0 10004
0 174 0 0 10004
0 128 0 0 10004
0 80 0 0 10004
0 39 0 0 10004
0 11 0 0 10004
0 0 0 0 10004
0 7 0 0 10004
0 33 0 0 10004
0 73 0 0 10004
0 122 0 0 10004
0 172 0 0 10004
0 215 0 0 10004
0 245 0 0 10004
0 255 0 0 10004
0 245 0 0 10004
0 216 0 0 10004
0 171 0 0 10004
0 118 0 0 10004
0 67 0 0 10004
0 26 0 0 10004
0 3 0 0 10004
0 2 0 0 10004
0 23 0 0 10004
0 64 0 0 10004
0 116 0 0 10004
0 171 0 0 10004
0 218 0 0 10004
0 248 0 0 10004
0 255 0 0 10004
0 237 0 0 10004
0 197 0 0 10004
0 144 0 0 10004
0 86 0 0 10004
0 37 0 0 10004
0 6 0 0 10004
0 1 0 0 10004
0 22 0 0 10004
0 65 0 0 10004
0 123 0 0 10004
0 181 0 0 10004
0 228 0 0 10004
0 253 0 0 10004
0 250 0 0 10004
0 219 0 0 10004
0 167 0 0 10004
0 106 0 0 10004
0 49 0 0 10004
0 11 0 0 10004
0 0 0 0 10004
0 20 0 0 10004
0 66 0 0 10004
0 127 0 0 10004
0 189 0 0 10004
0 236 0 0 10004
0 255 0 0 10004
0 242 0 0 10004
0 199 0 0 10004
0 138 0 0 10004
0 73 0 0 10004
0 23 0 0 10004
0 0 0 0 10004
0 12 0 0 10004
0 55 0 0 10004
0 118 0 0 10004
0 185 0 0 10004
0 235 0 0 10004
0 255 0 0 10004
0 239 0 0 10004
0 191 0 0 10004
0 124 0 0 10004
0 57 0 0 10004
0 12 0 0 10004
0 0 0 0 10004
0 27 0 0 10004
0 85 0 0 10004
0 156 0 0 10004
0 218 0 0 10004
0 252 0 0 10004
0 248 0 0 10004
0 205 0 0 10004
0 137 0 0 10004
0 66 0 0 10004
0 14 0 0 10004
0 0 0 0 10004
0 28 0 0 10004
0 89 0 0 10004
0 163 0 0 10004
0 226 0 0 10004
0 255 0 0 10004
0 240 0 0 10004
0 186 0 0 10004
0 111 0 0 10004
0 42 0 0 10004
0 3 0 0 10004
0 8 0 0 10004
0 57 0 0 10004
0 132 0 0 10004
0 205 0 0 10004
0 250 0 0 10004
0 249 0 0 10004
0 203 0 0 10004
0 127 0 0 10004
0 52 0 0 10004
0 6 0 0 10004
0 6 0 0 10004
0 54 0 0 10004
0 132 0 0 10004
0 207 0 0 10004
0 251 0 0 10004
0 246 0 0 10004
0 192 0 0 10004
0 111 0 0 10004
0 37 0 0 10004
0 1 0 0 10004
0 17 0 0 10004
0 80 0 0 10004
0 163 0 0 10004
0 232 0 0 10004
0 255 0 0 10004
0 224 0 0 10004
0 150 0 0 10004
0 66 0 0 10004
0 9 0 0 10004
0 5 0 0 10004
0 56 0 0 10004
0 140 0 0 10004
0 218 0 0 10004
0 255 0 0 10004
0 233 0 0 10004
0 162 0 0 10004
0 74 0 0 10004
0 12 0 0 10004
0 4 0 0 10004
0 55 0 0 10004
0 142 0 0 10004
0 221 0 0 10004
0 255 0 0 10004
0 227 0 0 10004
0 148 0 0 10004
0 60 0 0 10004
0 5 0 0 10004
0 12 0 0 10004
0 78 0 0 10004
0 169 0 0 10004
0 240 0 0 10004
0 252 0 0 10004
0 199 0 0 10004
0 109 0 0 10004
0 28 0 0 10004
0 0 0 0 10004
0 40 0 0 10004
0 127 0 0 10004
0 215 0 0 10004
0 255 0 0 10004
0 225 0 0 10004
0 141 0 0 10004
0 49 0 0 10004
0 1 0 0 10004
0 24 0 0 10004
0 106 0 0 10004
0 200 0 0 10004
0 253 0 0 10004
0 234 0 0 10004
0 152 0 0 10004
0 56 0 0 10004
0 2 0 0 10004
0 22 0 0 10004
0 104 0 0 10004
0 201 0 0 10004
0 254 0 0 10004
0 230 0 0 10004
0 144 0 0 10004
0 47 0 0 10004
0 0 0 0 10004
0 32 0 0 10004
0 124 0 0 10004
0 218 0 0 10004
0 255 0 0 10004
0 212 0 0 10004
0 114 0 0 10004
0 25 0 0 10004
0 2 0 0 10004
0 60 0 0 10004
0 163 0 0 10004
0 243 0 0 10004
0 246 0 0 10004
0 171 0 0 10004
0 66 0 0 10004
0 3 0 0 10004
0 23 0 0 10004
0 115 0 0 10004
0 215 0 0 10004
0 255 0 0 10004
0 207 0 0 10004
0 104 0 0 10004
0 16 0 0 10004
0 7 0 0 10004
0 83 0 0 10004
0 190 0 0 10004
0 253 0 0 10004
0 226 0 0 10004
0 128 0 0 10004
0 29 0 0 10004
0 2 0 0 10004
0 67 0 0 10004
0 177 0 0 10004
0 250 0 0 10004
0 232 0 0 10004
0 136 0 0 10004
0 33 0 0 10004
0 1 0 0 10004
0 66 0 0 10004
0 178 0 0 10004
0 251 0 0 10004
0 229 0 0 10004
0 128 0 0 10004
0 26 0 0 10004
0 4 0 0 10004
0 79 0 0 10004
0 193 0 0 10004
0 255 0 0 10004
0 215 0 0 10004
0 105 0 0 10004
0 13 0 0 10004
0 14 0 0 10004
0 108 0 0 10004
0 218 0 0 10004
0 254 0 0 10004
0 185 0 0 10004
0 68 0 0 10004
0 1 0 0 10004
0 40 0 0 10004
0 153 0 0 10004
0 245 0 0 10004
0 237 0 0 10004
0 135 0 0 10004
0 26 0 0 10004
0 6 0 0 10004
0 91 0 0 10004
0 208 0 0 10004
0 255 0 0 10004
0 189 0 0 10004
0 69 0 0 10004
0 0 0 0 10004
0 46 0 0 10004
0 165 0 0 10004
0 250 0 0 10004
0 224 0 0 10004
0 110 0 0 10004
0 11 0 0 10004
0 20 0 0 10004
0 128 0 0 10004
0 128 0 0 10004
0 128 0 0 10004
0 128 0 0 10004
0 128 0 0 10004
0 128 0 0 10004
0 128 0 0 10004
0 128 0 0 10004
0 128 0 0 10004
0 128 0 0 10004
0 128 0 0 10004
0 128 0 0 10004
0 128 0 0 10004
0 128 0 0 10004
0 128 0 0 10004
0 128 0 0 10004
0 128 0 0 10004
0 128 0 0 10004
0 128 0 0 10004
0 128 0 0 10004
0 128 0 0 10004
0 128 0 0 10004
0 128 0 0 10004
0 128 0 0 10004
0 128 0 0 10004
0 128 0 0 10004
0 128 0 0 10004
0 128 0 0 10004
0 128 0 0 10004
0 128 0 0 10004
0 128 0 0 10004
0 128 0 0 10004
0 128 0 0 10004
0 128 0 0 10004
0 128 0 0 10004
0 128 0 0 10004
0 128 0 0 10004
0 128 0 0 10004
0 128 0 0 10004
0 128 0 0 10004
0 128 0 0 10004
0 128 0 0 10004
0 128 0 0 10004
0 128 0 0 10004
0 128 0 0 10004
0 128 0 0 10004
0 128 0 0 10004
0 128 0 0 10004
0 128 0 0 10004
0 128 0 0 10004
0 128 0 0 10004
0 128 0 0 10004
0 128 0 0 10004
0 128 0 0 10004
0 128 0 0 10004
0 128 0 0 10004
0 128 0 0 10004
0 128 0 0 10004
0 128 0 0 10004
0 128 0 0 10004
0 128 0 0 10004
0 128 0 0 10004
0 128 0 0 10004
0 128 0 0 10004
0 128 0 0 10004
0 128 0 0 10004
0 128 0 0 10004
0 128 0 0 10004
0 128 0 0 10004
0 128 0 0 10004
0 128 0 0 10004
0 128 0 0 10004
0 128 0 0 10004
0 128 0 0 10004
0 128 0 0 10004
0 128 0 0 10004
0 128 0 0 10004
0 128 0 0 10004
0 128 0 0 10004
0 128 0 0 10004
0 128 0 0 10004
0 128 0 0 10004
0 128 0 0 10004
0 128 0 0 10004
0 128 0 0 10004
0 128 0 0 10004
0 128 0 0 10004
0 128 0 0 10004
0 128 0 0 10004
0 128 0 0 10004
0 128 0 0 10004
0 128 0 0 10004
0 128 0 0 10004
0 128 0 0 10004
0 128 0 0 10004
0 128 0 0 10004
0 128 0 0 10004
0 128 0 0 10004
0 128 0 0 10004
0 128 0 0 10004
0 128 0 0 10004
0 128 0 0 10004
0 128 0 0 10004
0 128 0 0 10004
0 129 0 0 10004
0 129 0 0 10004
0 129 0 0 10004
0 130 0 0 10004
0 130 0 0 10004
0 130 0 0 10004
0 129 0 0 10004
0 129 0 0 10004
0 128 0 0 10004
0 127 0 0 10004
0 126 0 0 10004
0 125 0 0 10004
0 124 0 0 10004
0 123 0 0 10004
0 122 0 0 10004
0 121 0 0 10004
0 121 0 0 10004
0 122 0 0 10004
0 123 0 0 10004
0 124 0 0 10004
0 126 0 0 10004
0 128 0 0 10004
0 130 0 0 10004
0 132 0 0 10004
0 134 0 0 10004
0 135 0 0 10004
0 137 0 0 10004
0 137 0 0 10004
0 138 0 0 10004
0 137 0 0 10004
0 136 0 0 10004
0 134 0 0 10004
0 132 0 0 10004
0 129 0 0 10004
0 126 0 0 10004
0 123 0 0 10004
0 120 0 0 10004
0 117 0 0 10004
0 115 0 0 10004
0 114 0 0 10004
0 113 0 0 10004
0 114 0 0 10004
0 115 0 0 10004
0 117 0 0 10004
0 120 0 0 10004
0 124 0 0 10004
0 127 0 0 10004
0 132 0 0 10004
0 136 0 0 10004
0 139 0 0 10004
0 142 0 0 10004
0 144 0 0 10004
0 145 0 0 10004
0 145 0 0 10004
0 144 0 0 10004
0 142 0 0 10004
0 139 0 0 10004
0 135 0 0 10004
0 130 0 0 10004
0 125 0 0 10004
0 120 0 0 10004
0 115 0 0 10004
0 111 0 0 10004
0 108 0 0 10004
0 106 0 0 10004
0 105 0 0 10004
0 106 0 0 10004
0 108 0 0 10004
0 112 0 0 10004
0 116 0 0 10004
0 122 0 0 10004
0 127 0 0 10004
0 134 0 0 10004
0 139 0 0 10004
0 145 0 0 10004
0 149 0 0 10004
0 152 0 0 10004
0 153 0 0 10004
0 153 0 0 10004
0 152 0 0 10004
0 148 0 0 10004
0 143 0 0 10004
0 138 0 0 10004
0 131 0 0 10004
0 124 0 0 10004
0 117 0 0 10004
0 111 0 0 10004
0 105 0 0 10004
0 101 0 0 10004
0 98 0 0 10004
0 97 0 0 10004
0 99 0 0 10004
0 102 0 0 10004
0 106 0 0 10004
0 112 0 0 10004
0 120 0 0 10004
0 127 0 0 10004
0 136 0 0 10004
0 143 0 0 10004
0 150 0 0 10004
0 156 0 0 10004
0 159 0 0 10004
0 161 0 0 10004
0 161 0 0 10004
0 159 0 0 10004
0 154 0 0 10004
0 148 0 0 10004
0 141 0 0 10004
0 132 0 0 10004
0 123 0 0 10004
0 114 0 0 10004
0 106 0 0 10004
0 99 0 0 10004
0 94 0 0 10004
0 90 0 0 10004
0 89 0 0 10004
0 91 0 0 10004
0 95 0 0 10004
0 101 0 0 10004
0 109 0 0 10004
0 118 0 0 10004
0 127 0 0 10004
0 138 0 0 10004
0 147 0 0 10004
0 156 0 0 10004
0 162 0 0 10004
0 167 0 0 10004
0 169 0 0 10004
0 169 0 0 10004
0 166 0 0 10004
0 161 0 0 10004
0 153 0 0 10004
0 144 0 0 10004
0 133 0 0 10004
0 122 0 0 10004
0 111 0 0 10004
0 101 0 0 10004
0 93 0 0 10004
0 86 0 0 10004
0 83 0 0 10004
0 82 0 0 10004
0 83 0 0 10004
0 88 0 0 10004
0 95 0 0 10004
0 105 0 0 10004
0 116 0 0 10004
0 127 0 0 10004
0 140 0 0 10004
0 151 0 0 10004
0 161 0 0 10004
0 169 0 0 10004
0 175 0 0 10004
0 177 0 0 10004
0 177 0 0 10004
0 173 0 0 10004
0 167 0 0 10004
0 158 0 0 10004
0 146 0 0 10004
0 134 0 0 10004
0 121 0 0 10004
0 108 0 0 10004
0 96 0 0 10004
0 87 0 0 10004
0 79 0 0 10004
0 75 0 0 10004
0 74 0 0 10004
0 76 0 0 10004
0 81 0 0 10004
0 90 0 0 10004
0 101 0 0 10004
0 114 0 0 10004
0 127 0 0 10004
0 142 0 0 10004
0 155 0 0 10004
0 166 0 0 10004
0 176 0 0 10004
0 182 0 0 10004
0 185 0 0 10004
0 185 0 0 10004
0 180 0 0 10004
0 173 0 0 10004
0 162 0 0 10004
0 149 0 0 10004
0 135 0 0 10004
0 120 0 0 10004
0 105 0 0 10004
0 92 0 0 10004
0 80 0 0 10004
0 72 0 0 10004
0 67 0 0 10004
0 66 0 0 10004
0 68 0 0 10004
0 75 0 0 10004
0 84 0 0 10004
0 97 0 0 10004
0 112 0 0 10004
0 127 0 0 10004
0 143 0 0 10004
0 159 0 0 10004
0 172 0 0 10004
0 183 0 0 10004
0 190 0 0 10004
0 193 0 0 10004
0 193 0 0 10004
0 188 0 0 10004
0 179 0 0 10004
0 167 0 0 10004
0 152 0 0 10004
0 136 0 0 10004
0 119 0 0 10004
0 102 0 0 10004
0 87 0 0 10004
0 74 0 0 10004
0 65 0 0 10004
0 59 0 0 10004
0 58 0 0 10004
0 61 0 0 10004
0 68 0 0 10004
0 79 0 0 10004
0 93 0 0 10004
0 110 0 0 10004
0 127 0 0 10004
0 145 0 0 10004
0 162 0 0 10004
0 177 0 0 10004
0 189 0 0 10004
0 197 0 0 10004
0 201 0 0 10004
0 200 0 0 10004
0 195 0 0 10004
0 185 0 0 10004
0 172 0 0 10004
0 155 0 0 10004
0 137 0 0 10004
0 118 0 0 10004
0 99 0 0 10004
0 82 0 0 10004
0 68 0 0 10004
0 57 0 0 10004
0 51 0 0 10004
0 50 0 0 10004
0 53 0 0 10004
0 61 0 0 10004
0 73 0 0 10004
0 89 0 0 10004
0 108 0 0 10004
0 127 0 0 10004
0 147 0 0 10004
0 166 0 0 10004
0 183 0 0 10004
0 196 0 0 10004
0 205 0 0 10004
0 209 0 0 10004
0 208 0 0 10004
0 202 0 0 10004
0 191 0 0 10004
0 176 0 0 10004
0 158 0 0 10004
0 138 0 0 10004
0 117 0 0 10004
0 96 0 0 10004
0 78 0 0 10004
0 62 0 0 10004
0 50 0 0 10004
0 43 0 0 10004
0 42 0 0 10004
0 45 0 0 10004
0 54 0 0 10004
0 68 0 0 10004
0 85 0 0 10004
0 106 0 0 10004
0 127 0 0 10004
0 149 0 0 10004
0 170 0 0 10004
0 188 0 0 10004
0 203 0 0 10004
0 213 0 0 10004
0 217 0 0 10004
0 216 0 0 10004
0 209 0 0 10004
0 198 0 0 10004
0 181 0 0 10004
0 161 0 0 10004
0 139 0 0 10004
0 116 0 0 10004
0 93 0 0 10004
0 73 0 0 10004
0 56 0 0 10004
0 43 0 0 10004
0 35 0 0 10004
0 34 0 0 10004
0 38 0 0 10004
0 48 0 0 10004
0 62 0 0 10004
0 82 0 0 10004
0 104 0 0 10004
0 127 0 0 10004
0 151 0 0 10004
0 174 0 0 10004
0 194 0 0 10004
0 210 0 0 10004
0 220 0 0 10004
0 225 0 0 10004
0 224 0 0 10004
0 217 0 0 10004
0 204 0 0 10004
0 186 0 0 10004
0 164 0 0 10004
0 140 0 0 10004
0 115 0 0 10004
0 91 0 0 10004
0 68 0 0 10004
0 50 0 0 10004
0 36 0 0 10004
0 28 0 0 10004
0 26 0 0 10004
0 30 0 0 10004
0 41 0 0 10004
0 57 0 0 10004
0 78 0 0 10004
0 102 0 0 10004
0 128 0 0 10004
0 153 0 0 10004
0 178 0 0 10004
0 199 0 0 10004
0 216 0 0 10004
0 228 0 0 10004
0 233 0 0 10004
0 232 0 0 10004
0 224 0 0 10004
0 210 0 0 10004
0 191 0 0 10004
0 167 0 0 10004
0 141 0 0 10004
0 114 0 0 10004
0 88 0 0 10004
0 64 0 0 10004
0 43 0 0 10004
0 28 0 0 10004
0 20 0 0 10004
0 18 0 0 10004
0 23 0 0 10004
0 34 0 0 10004
0 51 0 0 10004
0 74 0 0 10004
0 100 0 0 10004
0 127 0 0 10004
0 155 0 0 10004
0 182 0 0 10004
0 205 0 0 10004
0 223 0 0 10004
0 236 0 0 10004
0 241 0 0 10004
0 240 0 0 10004
0 231 0 0 10004
0 216 0 0 10004
0 195 0 0 10004
0 170 0 0 10004
0 142 0 0 10004
0 113 0 0 10004
0 85 0 0 10004
0 59 0 0 10004
0 37 0 0 10004
0 21 0 0 10004
0 12 0 0 10004
0 10 0 0 10004
0 15 0 0 10004
0 27 0 0 10004
0 46 0 0 10004
0 70 0 0 10004
0 98 0 0 10004
0 127 0 0 10004
0 157 0 0 10004
0 186 0 0 10004
0 210 0 0 10004
0 230 0 0 10004
0 243 0 0 10004
0 249 0 0 10004
0 248 0 0 10004
0 238 0 0 10004
0 222 0 0 10004
0 200 0 0 10004
0 173 0 0 10004
0 143 0 0 10004
0 112 0 0 10004
0 82 0 0 10004
0 54 0 0 10004
0 31 0 0 10004
0 14 0 0 10004
0 4 0 0 10004
0 2 0 0 10004
0 7 0 0 10004
0 21 0 0 10004
0 41 0 0 10004
0 66 0 0 10004
0 96 0 0 10004
0 128 0 0 10004
0 128 0 0 10004
0 128 0 0 10004
0 128 0 0 10004
0 128 0 0 10004
0 128 0 0 10004
0 128 0 0 10004
0 128 0 0 10004
0 128 0 0 10004
0 128 0 0 10004
0 128 0 0 10004
0 128 0 0 10004
0 128 0 0 10004
0 128 0 0 10004
0 128 0 0 10004
0 128 0 0 10004
0 128 0 0 10004
0 128 0 0 10004
0 128 0 0 10004
0 128 0 0 10004
0 128 0 0 10004
0 128 0 0 10004
0 128 0 0 10004
0 128 0 0 10004
0 128 0 0 10004
0 128 0 0 10004
0 128 0 0 10004
0 128 0 0 10004
0 128 0 0 10004
0 128 0 0 10004
0 128 0 0 10004
0 128 0 0 10004
0 128 0 0 10004
0 128 0 0 10004
0 128 0 0 10004
0 128 0 0 10004
0 128 0 0 10004
0 128 0 0 10004
0 128 0 0 10004
0 128 0 0 10004
0 128 0 0 10004
0 128 0 0 10004
0 128 0 0 10004
0 128 0 0 10004
0 128 0 0 10004
0 128 0 0 10004
0 128 0 0 10004
0 128 0 0 10004
0 128 0 0 10004
0 128 0 0 10004
0 128 0 0 10004
0 128 0 0 10004
0 128 0 0 10004
0 128 0 0 10004
0 128 0 0 10004
0 128 0 0 10004
0 128 0 0 10004
0 128 0 0 10004
0 128 0 0 10004
0 128 0 0 10004
0 128 0 0 10004
0 128 0 0 10004
0 128 0 0 10004
0 128 0 0 10004
0 128 0 0 10004
0 128 0 0 10004
0 128 0 0 10004
0 128 0 0 10004
0 128 0 0 10004
0 128 0 0 10004
0 128 0 0 10004
0 128 0 0 10004
0 128 0 0 10004
0 128 0 0 10004
0 128 0 0 10004
0 128 0 0 10004
0 128 0 0 10004
0 128 0 0 10004
0 128 0 0 10004
0 128 0 0 10004
0 128 0 0 10004
0 128 0 0 10004
0 128 0 0 10004
0 128 0 0 10004
0 128 0 0 10004
0 128 0 0 10004
0 128 0 0 10004
0 128 0 0 10004
0 128 0 0 10004
0 128 0 0 10004
0 128 0 0 10004
0 128 0 0 10004
0 128 0 0 10004
0 128 0 0 10004
0 128 0 0 10004
0 128 0 0 10004
0 128 0 0 10004
0 128 0 0 10004
0 128 0 0 10004
0 128 0 0 10004
0 0 0 0 10004
0 0 0 0 10005
0 0 0 0 10005
0 0 0 0 10005
0 0 0 0 10005
0 0 0 0 10005
0 0 0 0 10005
0 0 0 0 10005
0 0 0 0 10005
0 0 0 0 10005
0 0 0 0 10005
0 0 0 0 10005
0 0 0 0 10005
0 0 0 0 10005
0 0 0 0 10005
0 0 0 0 10005
0 0 0 0 10005
0 0 0 0 10005
0 0 0 0 10005
0 0 0 0 10005
0 0 0 0 10005
0 0 0 0 10005
0 0 0 0 10005
0 0 0 0 10005
0 0 0 0 10005
0 0 0 0 10005
0 0 0 0 10005
0 0 0 0 10005
0 0 0 0 10005
0 0 0 0 10005
0 0 0 0 10005
0 0 0 0 10005
0 0 0 0 10005
0 0 0 0 10005
0 0 0 0 10005
0 0 0 0 10005
0 0 0 0 10005
0 0 0 0 10005
0 0 0 0 10005
0 0 0 0 10005
0 0 0 0 10005
0 0 0 0 10005
0 0 0 0 10005
0 0 0 0 10005
0 0 0 0 10005
0 0 0 0 10005
0 0 0 0 10005
0 0 0 0 10005
0 0 0 0 10005
0 0 0 0 10005
0 0 0 0 10005
0 0 0 0 10005
0 0 0 0 10005
0 0 0 0 10005
0 0 0 0 10005
0 0 0 0 10005
0 0 0 0 10005
0 0 0 0 10005
0 0 0 0 10005
0 0 0 0 10005
0 0 0 0 10005
0 0 0 0 10005
0 0 0 0 10005
0 0 0 0 10005
0 0 0 0 10005
0 0 0 0 10005
0 0 0 0 10005
0 0 0 0 10005
0 0 0 0 10005
0 0 0 0 10005
0 0 0 0 10005
0 0 0 0 10005
0 0 0 0 10005
0 0 0 0 10005
0 0 0 0 10005
0 0 0 0 10005
0 0 0 0 10005
0 0 0 0 10005
0 0 0 0 10005
0 0 0 0 10005
0 0 0 0 10005
0 0 0 0 10005
0 0 0 0 10005
0 0 0 0 10005
0 0 0 0 10005
0 0 0 0 10005
0 0 0 0 10005
0 0 0 0 10005
0 0 0 0 10005
0 0 0 0 10005
0 0 0 0 10005
0 0 0 0 10005
0 0 0 0 10005
0 0 0 0 10005
0 0 0 0 10005
0 0 0 0 10005
0 0 0 0 10005
0 0 0 0 10005
0 0 0 0 10005
0 0 0 0 10005
0 0 0 0 10005
0 0 0 0 10005
0 0 0 0 10005
0 0 0 0 10005
0 0 0 0 10005
0 0 0 0 10005
0 0 0 0 10005
0 0 0 0 10005
0 0 0 0 10005
0 0 0 0 10005
0 0 0 0 10005
0 0 0 0 10005
0 0 0 0 10005
0 0 0 0 10005
0 0 0 0 10005
0 0 0 0 10005
0 0 0 0 10005
0 0 0 0 10005
0 0 0 0 10005
0 0 0 0 10005
0 0 0 0 10005
0 0 0 0 10005
0 0 0 0 10005
0 0 0 0 10005
0 0 0 0 10005
0 0 0 0 10005
0 0 0 0 10005
0 0 0 0 10005
0 0 0 0 10005
0 0 0 0 10005
0 0 0 0 10005
0 0 0 0 10005
0 0 0 0 10005
0 0 0 0 10005
0 0 0 0 10005
0 0 0 0 10005
0 0 0 0 10005
0 0 0 0 10005
0 0 0 0 10005
0 0 0 0 10005
0 0 0 0 10005
0 0 0 0 10005
0 0 0 0 10005
0 0 0 0 10005
0 0 0 0 10005
0 0 0 0 10005
0 0 0 0 10005
0 0 0 0 10005
0 0 0 0 10005
0 0 0 0 10005
0 0 0 0 10005
0 0 0 0 10005
0 0 0 0 10005
0 0 0 0 10005
0 0 0 0 10005
0 0 0 0 10005
0 0 0 0 10005
0 0 0 0 10005
0 0 0 0 10005
0 0 0 0 10005
0 0 0 0 10005
0 0 0 0 10005
0 0 0 0 10005
0 0 0 0 10005
0 0 0 0 10005
0 0 0 0 10005
0 0 0 0 10005
0 0 0 0 10005
0 0 0 0 10005
0 0 0 0 10005
0 0 0 0 10005
0 0 0 0 10005
0 0 0 0 10005
0 0 0 0 10005
0 0 0 0 10005
0 0 0 0 10005
0 0 0 0 10005
0 0 0 0 10005
0 0 0 0 10005
0 0 0 0 10005
0 0 0 0 10005
0 0 0 0 10005
0 0 0 0 10005
0 0 0 0 10005
0 0 0 0 10005
0 0 0 0 10005
0 0 0 0 10005
0 0 0 0 10005
0 0 0 0 10005
0 0 0 0 10005
0 0 0 0 10005
0 0 0 0 10005
0 0 0 0 10005
0 0 0 0 10005
0 0 0 0 10005
0 0 0 0 10005
0 0 0 0 10005
0 0 0 0 10005
0 0 0 0 10005
0 0 0 0 10005
0 255 0 0 10005
0 255 0 0 10005
0 255 0 0 10005
0 255 0 0 10005
0 255 0 0 10005
0 255 0 0 10005
0 255 0 0 10005
0 255 0 0 10005
0 255 0 0 10005
0 255 0 0 10005
0 255 0 0 10005
0 255 0 0 10005
0 255 0 0 10005
0 255 0 0 10005
0 255 0 0 10005
0 255 0 0 10005
0 255 0 0 10005
0 255 0 0 10005
0 255 0 0 10005
0 255 0 0 10005
0 255 0 0 10005
0 255 0 0 10005
0 255 0 0 10005
0 255 0 0 10005
0 255 0 0 10005
0 255 0 0 10005
0 255 0 0 10005
0 255 0 0 10005
0 255 0 0 10005
0 255 0 0 10005
0 255 0 0 10005
0 255 0 0 10005
0 255 0 0 10005
0 255 0 0 10005
0 255 0 0 10005
0 255 0 0 10005
0 255 0 0 10005
0 255 0 0 10005
0 255 0 0 10005
0 255 0 0 10005
0 255 0 0 10005
0 255 0 0 10005
0 255 0 0 10005
0 255 0 0 10005
0 255 0 0 10005
0 255 0 0 10005
0 255 0 0 10005
0 255 0 0 10005
0 255 0 0 10005
0 255 0 0 10005
0 255 0 0 10005
0 255 0 0 10005
0 255 0 0 10005
0 255 0 0 10005
0 255 0 0 10005
0 255 0 0 10005
0 255 0 0 10005
0 255 0 0 10005
0 255 0 0 10005
0 255 0 0 10005
0 255 0 0 10005
0 255 0 0 10005
0 255 0 0 10005
0 255 0 0 10005
0 255 0 0 10005
0 255 0 0 10005
0 255 0 0 10005
0 255 0 0 10005
0 255 0 0 10005
0 255 0 0 10005
0 255 0 0 10005
0 255 0 0 10005
0 255 0 0 10005
0 255 0 0 10005
0 255 0 0 10005
0 255 0 0 10005
0 255 0 0 10005
0 255 0 0 10005
0 255 0 0 10005
0 255 0 0 10005
0 255 0 0 10005
0 255 0 0 10005
0 255 0 0 10005
0 255 0 0 10005
0 255 0 0 10005
0 255 0 0 10005
0 255 0 0 10005
0 255 0 0 10005
0 255 0 0 10005
0 255 0 0 10005
0 255 0 0 10005
0 255 0 0 10005
0 255 0 0 10005
0 255 0 0 10005
0 255 0 0 10005
0 255 0 0 10005
0 255 0 0 10005
0 255 0 0 10005
0 255 0 0 10005
0 255 0 0 10005
0 255 0 0 10005
0 255 0 0 10005
0 255 0 0 10005
0 255 0 0 10005
0 255 0 0 10005
0 255 0 0 10005
0 255 0 0 10005
0 255 0 0 10005
0 255 0 0 10005
0 255 0 0 10005
0 255 0 0 10005
0 255 0 0 10005
0 255 0 0 10005
0 255 0 0 10005
0 255 0 0 10005
0 255 0 0 10005
0 255 0 0 10005
0 255 0 0 10005
0 255 0 0 10005
0 255 0 0 10005
0 255 0 0 10005
0 255 0 0 10005
0 255 0 0 10005
0 255 0 0 10005
0 255 0 0 10005
0 255 0 0 10005
0 255 0 0 10005
0 255 0 0 10005
0 255 0 0 10005
0 255 0 0 10005
0 255 0 0 10005
0 255 0 0 10005
0 255 0 0 10005
0 255 0 0 10005
0 255 0 0 10005
0 255 0 0 10005
0 255 0 0 10005
0 255 0 0 10005
0 255 0 0 10005
0 255 0 0 10005
0 255 0 0 10005
0 255 0 0 10005
0 255 0 0 10005
0 255 0 0 10005
0 255 0 0 10005
0 255 0 0 10005
0 255 0 0 10005
0 255 0 0 10005
0 255 0 0 10005
0 255 0 0 10005
0 0 0 0 10005
0 0 0 0 10005
0 0 0 0 10005
0 0 0 0 10005
0 0 0 0 10005
0 0 0 0 10005
0 0 0 0 10005
0 0 0 0 10005
0 0 0 0 10005
0 0 0 0 10005
0 0 0 0 10005
0 0 0 0 10005
0 0 0 0 10005
0 0 0 0 10005
0 0 0 0 10005
0 0 0 0 10005
0 0 0 0 10005
0 0 0 0 10005
0 0 0 0 10005
0 0 0 0 10005
0 0 0 0 10005
0 0 0 0 10005
0 0 0 0 10005
0 0 0 0 10005
0 0 0 0 10005
0 0 0 0 10005
0 0 0 0 10005
0 0 0 0 10005
0 0 0 0 10005
0 0 0 0 10005
0 0 0 0 10005
0 0 0 0 10005
0 0 0 0 10005
0 0 0 0 10005
0 0 0 0 10005
0 0 0 0 10005
0 0 0 0 10005
0 0 0 0 10005
0 0 0 0 10005
0 0 0 0 10005
0 0 0 0 10005
0 0 0 0 10005
0 0 0 0 10005
0 0 0 0 10005
0 0 0 0 10005
0 0 0 0 10005
0 0 0 0 10005
0 0 0 0 10005
0 0 0 0 10005
0 0 0 0 10005
0 0 0 0 10005
0 0 0 0 10005
0 0 0 0 10005
0 0 0 0 10005
0 0 0 0 10005
0 0 0 0 10005
0 0 0 0 10005
0 0 0 0 10005
0 0 0 0 10005
0 0 0 0 10005
0 0 0 0 10005
0 0 0 0 10005
0 0 0 0 10005
0 0 0 0 10005
0 0 0 0 10005
0 0 0 0 10005
0 0 0 0 10005
0 0 0 0 10005
0 0 0 0 10005
0 0 0 0 10005
0 0 0 0 10005
0 0 0 0 10005
0 0 0 0 10005
0 0 0 0 10005
0 0 0 0 10005
0 0 0 0 10005
0 0 0 0 10005
0 0 0 0 10005
0 0 0 0 10005
0 0 0 0 10005
0 0 0 0 10005
0 0 0 0 10005
0 0 0 0 10005
0 0 0 0 10005
0 0 0 0 10005
0 0 0 0 10005
0 0 0 0 10005
0 0 0 0 10005
0 0 0 0 10005
0 0 0 0 10005
0 0 0 0 10005
0 0 0 0 10005
0 0 0 0 10005
0 0 0 0 10005
0 0 0 0 10005
0 0 0 0 10005
0 0 0 0 10005
0 0 0 0 10005
0 0 0 0 10005
0 0 0 0 10005
0 0 0 0 10005
0 0 0 0 10005
0 0 0 0 10005
0 0 0 0 10005
0 0 0 0 10005
0 0 0 0 10005
0 0 0 0 10005
0 0 0 0 10005
0 0 0 0 10005
0 0 0 0 10005
0 0 0 0 10005
0 0 0 0 10005
0 0 0 0 10005
0 0 0 0 10005
0 0 0 0 10005
0 0 0 0 10005
0 0 0 0 10005
0 0 0 0 10005
0 0 0 0 10005
0 0 0 0 10005
0 0 0 0 10005
0 0 0 0 10005
0 0 0 0 10005
0 0 0 0 10005
0 0 0 0 10005
0 0 0 0 10005
0 0 0 0 10005
0 0 0 0 10005
0 0 0 0 10005
0 0 0 0 10005
0 0 0 0 10005
0 0 0 0 10005
0 0 0 0 10005
0 0 0 0 10005
0 0 0 0 10005
0 0 0 0 10005
0 0 0 0 10005
0 0 0 0 10005
0 0 0 0 10005
0 0 0 0 10005
0 0 0 0 10005
0 0 0 0 10005
0 0 0 0 10005
0 0 0 0 10005
0 0 0 0 10005
0 0 0 0 10005
0 0 0 0 10005
0 0 0 0 10005
0 0 0 0 10005
0 0 0 0 10005
0 128 0 0 10005
0 128 0 0 10005
0 128 0 0 10005
0 128 0 0 10005
0 128 0 0 10005
0 128 0 0 10005
0 128 0 0 10005
0 128 0 0 10005
0 128 0 0 10005
0 128 0 0 10005
0 128 0 0 10005
0 128 0 0 10005
0 128 0 0 10005
0 128 0 0 10005
0 128 0 0 10005
0 128 0 0 10005
0 128 0 0 10005
0 128 0 0 10005
0 128 0 0 10005
0 128 0 0 10005
0 128 0 0 10005
0 128 0 0 10005
0 128 0 0 10005
0 128 0 0 10005
0 128 0 0 10005
0 128 0 0 10005
0 128 0 0 10005
0 128 0 0 10005
0 128 0 0 10005
0 128 0 0 10005
0 128 0 0 10005
0 128 0 0 10005
0 128 0 0 10005
0 128 0 0 10005
0 128 0 0 10005
0 128 0 0 10005
0 128 0 0 10005
0 128 0 0 10005
0 128 0 0 10005
0 128 0 0 10005
0 128 0 0 10005
0 128 0 0 10005
0 128 0 0 10005
0 128 0 0 10005
0 128 0 0 10005
0 128 0 0 10005
0 128 0 0 10005
0 128 0 0 10005
0 128 0 0 10005
0 128 0 0 10005
0 128 0 0 10005
0 128 0 0 10005
0 128 0 0 10005
0 128 0 0 10005
0 128 0 0 10005
0 128 0 0 10005
0 128 0 0 10005
0 128 0 0 10005
0 128 0 0 10005
0 128 0 0 10005
0 128 0 0 10005
0 128 0 0 10005
0 128 0 0 10005
0 128 0 0 10005
0 128 0 0 10005
0 128 0 0 10005
0 128 0 0 10005
0 128 0 0 10005
0 128 0 0 10005
0 128 0 0 10005
0 128 0 0 10005
0 128 0 0 10005
0 128 0 0 10005
0 128 0 0 10005
0 128 0 0 10005
0 128 0 0 10005
0 128 0 0 10005
0 128 0 0 10005
0 128 0 0 10005
0 128 0 0 10005
0 128 0 0 10005
0 128 0 0 10005
0 128 0 0 10005
0 128 0 0 10005
0 128 0 0 10005
0 128 0 0 10005
0 128 0 0 10005
0 128 0 0 10005
0 128 0 0 10005
0 128 0 0 10005
0 128 0 0 10005
0 128 0 0 10005
0 128 0 0 10005
0 128 0 0 10005
0 128 0 0 10005
0 128 0 0 10005
0 128 0 0 10005
0 128 0 0 10005
0 128 0 0 10005
0 128 0 0 10005
0 128 0 0 10005
0 128 0 0 10005
0 128 0 0 10005
0 129 0 0 10005
0 130 0 0 10005
0 132 0 0 10005
0 133 0 0 10005
0 135 0 0 10005
0 138 0 0 10005
0 141 0 0 10005
0 144 0 0 10005
0 147 0 0 10005
0 151 0 0 10005
0 154 0 0 10005
0 159 0 0 10005
0 163 0 0 10005
0 168 0 0 10005
0 173 0 0 10005
0 178 0 0 10005
0 184 0 0 10005
0 189 0 0 10005
0 195 0 0 10005
0 201 0 0 10005
0 206 0 0 10005
0 212 0 0 10005
0 218 0 0 10005
0 224 0 0 10005
0 229 0 0 10005
0 234 0 0 10005
0 239 0 0 10005
0 243 0 0 10005
0 247 0 0 10005
0 250 0 0 10005
0 253 0 0 10005
0 255 0 0 10005
0 255 0 0 10005
0 255 0 0 10005
0 254 0 0 10005
0 252 0 0 10005
0 248 0 0 10005
0 243 0 0 10005
0 237 0 0 10005
0 230 0 0 10005
0 221 0 0 10005
0 211 0 0 10005
0 199 0 0 10005
0 187 0 0 10005
0 173 0 0 10005
0 159 0 0 10005
0 143 0 0 10005
0 128 0 0 10005
0 111 0 0 10005
0 95 0 0 10005
0 79 0 0 10005
0 64 0 0 10005
0 49 0 0 10005
0 36 0 0 10005
0 24 0 0 10005
0 14 0 0 10005
0 7 0 0 10005
0 2 0 0 10005
0 0 0 0 10005
0 0 0 0 10005
0 4 0 0 10005
0 11 0 0 10005
0 22 0 0 10005
0 35 0 0 10005
0 51 0 0 10005
0 69 0 0 10005
0 90 0 0 10005
0 111 0 0 10005
0 134 0 0 10005
0 157 0 0 10005
0 179 0 0 10005
0 200 0 0 10005
0 218 0 0 10005
0 233 0 0 10005
0 245 0 0 10005
0 253 0 0 10005
0 255 0 0 10005
0 253 0 0 10005
0 246 0 0 10005
0 233 0 0 10005
0 216 0 0 10005
0 195 0 0 10005
0 171 0 0 10005
0 144 0 0 10005
0 116 0 0 10005
0 89 0 0 10005
0 63 0 0 10005
0 40 0 0 10005
0 21 0 0 10005
0 8 0 0 10005
0 1 0 0 10005
0 0 0 0 10005
0 7 0 0 10005
0 21 0 0 10005
0 41 0 0 10005
0 66 0 0 10005
0 96 0 0 10005
0 127 0 0 10005
0 159 0 0 10005
0 190 0 0 10005
0 216 0 0 10005
0 237 0 0 10005
0 250 0 0 10005
0 255 0 0 10005
0 252 0 0 10005
0 239 0 0 10005
0 217 0 0 10005
0 189 0 0 10005
0 156 0 0 10005
0 120 0 0 10005
0 85 0 0 10005
0 53 0 0 10005
0 26 0 0 10005
0 8 0 0 10005
0 0 0 0 10005
0 3 0 0 10005
0 16 0 0 10005
0 40 0 0 10005
0 72 0 0 10005
0 109 0 0 10005
0 148 0 0 10005
0 186 0 0 10005
0 218 0 0 10005
0 242 0 0 10005
0 254 0 0 10005
0 254 0 0 10005
0 240 0 0 10005
0 215 0 0 10005
0 180 0 0 10005
0 140 0 0 10005
0 97 0 0 10005
0 58 0 0 10005
0 26 0 0 10005
0 6 0 0 10005
0 0 0 0 10005
0 8 0 0 10005
0 31 0 0 10005
0 66 0 0 10005
0 108 0 0 10005
0 154 0 0 10005
0 196 0 0 10005
0 230 0 0 10005
0 250 0 0 10005
0 255 0 0 10005
0 243 0 0 10005
0 215 0 0 10005
0 174 0 0 10005
0 128 0 0 10005
0 80 0 0 10005
0 39 0 0 10005
0 11 0 0 10005
0 0 0 0 10005
0 7 0 0 10005
0 33 0 0 10005
0 73 0 0 10005
0 122 0 0 10005
0 172 0 0 10005
0 215 0 0 10005
0 245 0 0 10005
0 255 0 0 10005
0 245 0 0 10005
0 216 0 0 10005
0 171 0 0 10005
0 118 0 0 10005
0 67 0 0 10005
0 26 0 0 10005
0 3 0 0 10005
0 2 0 0 10005
0 23 0 0 10005
0 64 0 0 10005
0 116 0 0 10005
0 171 0 0 10005
0 218 0 0 10005
0 248 0 0 10005
0 255 0 0 10005
0 237 0 0 10005
0 197 0 0 10005
0 144 0 0 10005
0 86 0 0 10005
0 37 0 0 10005
0 6 0 0 10005
0 1 0 0 10005
0 22 0 0 10005
0 65 0 0 10005
0 123 0 0 10005
0 181 0 0 10005
0 228 0 0 10005
0 253 0 0 10005
0 250 0 0 10005
0 219 0 0 10005
0 167 0 0 10005
0 106 0 0 10005
0 49 0 0 10005
0 11 0 0 10005
0 0 0 0 10005
0 20 0 0 10005
0 66 0 0 10005
0 127 0 0 10005
0 189 0 0 10005
0 236 0 0 10005
0 255 0 0 10005
0 242 0 0 10005
0 199 0 0 10005
0 138 0 0 10005
0 73 0 0 10005
0 23 0 0 10005
0 0 0 0 10005
0 12 0 0 10005
0 55 0 0 10005
0 118 0 0 10005
0 185 0 0 10005
0 235 0 0 10005
0 255 0 0 10005
0 239 0 0 10005
0 191 0 0 10005
0 124 0 0 10005
0 57 0 0 10005
0 12 0 0 10005
0 0 0 0 10005
0 27 0 0 10005
0 85 0 0 10005
0 156 0 0 10005
0 218 0 0 10005
0 252 0 0 10005
0 248 0 0 10005
0 205 0 0 10005
0 137 0 0 10005
0 66 0 0 10005
0 14 0 0 10005
0 0 0 0 10005
0 28 0 0 10005
0 89 0 0 10005
0 163 0 0 10005
0 226 0 0 10005
0 255 0 0 10005
0 240 0 0 10005
0 186 0 0 10005
0 111 0 0 10005
0 42 0 0 10005
0 3 0 0 10005
0 8 0 0 10005
0 57 0 0 10005
0 132 0 0 10005
0 205 0 0 10005
0 250 0 0 10005
0 249 0 0 10005
0 203 0 0 10005
0 127 0 0 10005
0 52 0 0 10005
0 6 0 0 10005
0 6 0 0 10005
0 54 0 0 10005
0 132 0 0 10005
0 207 0 0 10005
0 251 0 0 10005
0 246 0 0 10005
0 192 0 0 10005
0 111 0 0 10005
0 37 0 0 10005
0 1 0 0 10005
0 17 0 0 10005
0 80 0 0 10005
0 163 0 0 10005
0 232 0 0 10005
0 255 0 0 10005
0 224 0 0 10005
0 150 0 0 10005
0 66 0 0 10005
0 9 0 0 10005
0 5 0 0 10005
0 56 0 0 10005
0 140 0 0 10005
0 218 0 0 10005
0 255 0 0 10005
0 233 0 0 10005
0 162 0 0 10005
0 74 0 0 10005
0 12 0 0 10005
0 4 0 0 10005
0 55 0 0 10005
0 142 0 0 10005
0 221 0 0 10005
0 255 0 0 10005
0 227 0 0 10005
0 148 0 0 10005
0 60 0 0 10005
0 5 0 0 10005
0 12 0 0 10005
0 78 0 0 10005
0 169 0 0 10005
0 240 0 0 10005
0 252 0 0 10005
0 199 0 0 10005
0 109 0 0 10005
0 28 0 0 10005
0 0 0 0 10005
0 40 0 0 10005
0 127 0 0 10005
0 215 0 0 10005
0 255 0 0 10005
0 225 0 0 10005
0 141 0 0 10005
0 49 0 0 10005
0 1 0 0 10005
0 24 0 0 10005
0 106 0 0 10005
0 200 0 0 10005
0 253 0 0 10005
0 234 0 0 10005
0 152 0 0 10005
0 56 0 0 10005
0 2 0 0 10005
0 22 0 0 10005
0 104 0 0 10005
0 201 0 0 10005
0 254 0 0 10005
0 230 0 0 10005
0 144 0 0 10005
0 47 0 0 10005
0 0 0 0 10005
0 32 0 0 10005
0 124 0 0 10005
0 218 0 0 10005
0 255 0 0 10005
0 212 0 0 10005
0 114 0 0 10005
0 25 0 0 10005
0 2 0 0 10005
0 60 0 0 10005
0 163 0 0 10005
0 243 0 0 10005
0 246 0 0 10005
0 171 0 0 10005
0 66 0 0 10005
0 3 0 0 10005
0 23 0 0 10005
0 115 0 0 10005
0 215 0 0 10005
0 255 0 0 10005
0 207 0 0 10005
0 104 0 0 10005
0 16 0 0 10005
0 7 0 0 10005
0 83 0 0 10005
0 190 0 0 10005
0 253 0 0 10005
0 226 0 0 10005
0 128 0 0 10005
0 29 0 0 10005
0 2 0 0 10005
0 67 0 0 10005
0 177 0 0 10005
0 250 0 0 10005
0 232 0 0 10005
0 136 0 0 10005
0 33 0 0 10005
0 1 0 0 10005
0 66 0 0 10005
0 178 0 0 10005
0 251 0 0 10005
0 229 0 0 10005
0 128 0 0 10005
0 26 0 0 10005
0 4 0 0 10005
0 79 0 0 10005
0 193 0 0 10005
0 255 0 0 10005
0 215 0 0 10005
0 105 0 0 10005
0 13 0 0 10005
0 14 0 0 10005
0 108 0 0 10005
0 218 0 0 10005
0 254 0 0 10005
0 185 0 0 10005
0 68 0 0 10005
0 1 0 0 10005
0 40 0 0 10005
0 153 0 0 10005
0 245 0 0 10005
0 237 0 0 10005
0 135 0 0 10005
0 26 0 0 10005
0 6 0 0 10005
0 91 0 0 10005
0 208 0 0 10005
0 255 0 0 10005
0 189 0 0 10005
0 69 0 0 10005
0 0 0 0 10005
0 46 0 0 10005
0 165 0 0 10005
0 250 0 0 10005
0 224 0 0 10005
0 110 0 0 10005
0 11 0 0 10005
0 20 0 0 10005
0 128 0 0 10005
0 128 0 0 10005
0 128 0 0 10005
0 128 0 0 10005
0 128 0 0 10005
0 128 0 0 10005
0 128 0 0 10005
0 128 0 0 10005
0 128 0 0 10005
0 128 0 0 10005
0 128 0 0 10005
0 128 0 0 10005
0 128 0 0 10005
0 128 0 0 10005
0 128 0 0 10005
0 128 0 0 10005
0 128 0 0 10005
0 128 0 0 10005
0 128 0 0 10005
0 128 0 0 10005
0 128 0 0 10005
0 128 0 0 10005
0 128 0 0 10005
0 128 0 0 10005
0 128 0 0 10005
0 128 0 0 10005
0 128 0 0 10005
0 128 0 0 10005
0 128 0 0 10005
0 128 0 0 10005
0 128 0 0 10005
0 128 0 0 10005
0 128 0 0 10005
0 128 0 0 10005
0 128 0 0 10005
0 128 0 0 10005
0 128 0 0 10005
0 128 0 0 10005
0 128 0 0 10005
0 128 0 0 10005
0 128 0 0 10005
0 128 0 0 10005
0 128 0 0 10005
0 128 0 0 10005
0 128 0 0 10005
0 128 0 0 10005
0 128 0 0 10005
0 128 0 0 10005
0 128 0 0 10005
0 128 0 0 10005
0 128 0 0 10005
0 128 0 0 10005
0 128 0 0 10005
0 128 0 0 10005
0 128 0 0 10005
0 128 0 0 10005
0 128 0 0 10005
0 128 0 0 10005
0 128 0 0 10005
0 128 0 0 10005
0 128 0 0 10005
0 128 0 0 10005
0 128 0 0 10005
0 128 0 0 10005
0 128 0 0 10005
0 128 0 0 10005
0 128 0 0 10005
0 128 0 0 10005
0 128 0 0 10005
0 128 0 0 10005
0 128 0 0 10005
0 128 0 0 10005
0 128 0 0 10005
0 128 0 0 10005
0 128 0 0 10005
0 128 0 0 10005
0 128 0 0 10005
0 128 0 0 10005
0 128 0 0 10005
0 128 0 0 10005
0 128 0 0 10005
0 128 0 0 10005
0 128 0 0 10005
0 128 0 0 10005
0 128 0 0 10005
0 128 0 0 10005
0 128 0 0 10005
0 128 0 0 10005
0 128 0 0 10005
0 128 0 0 10005
0 128 0 0 10005
0 128 0 0 10005
0 128 0 0 10005
0 128 0 0 10005
0 128 0 0 10005
0 128 0 0 10005
0 128 0 0 10005
0 128 0 0 10005
0 128 0 0 10005
0 128 0 0 10005
0 128 0 0 10005
0 128 0 0 10005
0 128 0 0 10005
0 128 0 0 10005
0 129 0 0 10005
0 129 0 0 10005
0 129 0 0 10005
0 130 0 0 10005
0 130 0 0 10005
0 130 0 0 10005
0 129 0 0 10005
0 129 0 0 10005
0 128 0 0 10005
0 127 0 0 10005
0 126 0 0 10005
0 125 0 0 10005
0 124 0 0 10005
0 123 0 0 10005
0 122 0 0 10005
0 121 0 0 10005
0 121 0 0 10005
0 122 0 0 10005
0 123 0 0 10005
0 124 0 0 10005
0 126 0 0 10005
0 128 0 0 10005
0 130 0 0 10005
0 132 0 0 10005
0 134 0 0 10005
0 135 0 0 10005
0 137 0 0 10005
0 137 0 0 10005
0 138 0 0 10005
0 137 0 0 10005
0 136 0 0 10005
0 134 0 0 10005
0 132 0 0 10005
0 129 0 0 10005
0 126 0 0 10005
0 123 0 0 10005
0 120 0 0 10005
0 117 0 0 10005
0 115 0 0 10005
0 114 0 0 10005
0 113 0 0 10005
0 114 0 0 10005
0 115 0 0 10005
0 117 0 0 10005
0 120 0 0 10005
0 124 0 0 10005
0 127 0 0 10005
0 132 0 0 10005
0 136 0 0 10005
0 139 0 0 10005
0 142 0 0 10005
0 144 0 0 10005
0 145 0 0 10005
0 145 0 0 10005
0 144 0 0 10005
0 142 0 0 10005
0 139 0 0 10005
0 135 0 0 10005
0 130 0 0 10005
0 125 0 0 10005
0 120 0 0 10005
0 115 0 0 10005
0 111 0 0 10005
0 108 0 0 10005
0 106 0 0 10005
0 105 0 0 10005
0 106 0 0 10005
0 108 0 0 10005
0 112 0 0 10005
0 116 0 0 10005
0 122 0 0 10005
0 127 0 0 10005
0 134 0 0 10005
0 139 0 0 10005
0 145 0 0 10005
0 149 0 0 10005
0 152 0 0 10005
0 153 0 0 10005
0 153 0 0 10005
0 152 0 0 10005
0 148 0 0 10005
0 143 0 0 10005
0 138 0 0 10005
0 131 0 0 10005
0 124 0 0 10005
0 117 0 0 10005
0 111 0 0 10005
0 105 0 0 10005
0 101 0 0 10005
0 98 0 0 10005
0 97 0 0 10005
0 99 0 0 10005
0 102 0 0 10005
0 106 0 0 10005
0 112 0 0 10005
0 120 0 0 10005
0 127 0 0 10005
0 136 0 0 10005
0 143 0 0 10005
0 150 0 0 10005
0 156 0 0 10005
0 159 0 0 10005
0 161 0 0 10005
0 161 0 0 10005
0 159 0 0 10005
0 154 0 0 10005
0 148 0 0 10005
0 141 0 0 10005
0 132 0 0 10005
0 123 0 0 10005
0 114 0 0 10005
0 106 0 0 10005
0 99 0 0 10005
0 94 0 0 10005
0 90 0 0 10005
0 89 0 0 10005
0 91 0 0 10005
0 95 0 0 10005
0 101 0 0 10005
0 109 0 0 10005
0 118 0 0 10005
0 127 0 0 10005
0 138 0 0 10005
0 147 0 0 10005
0 156 0 0 10005
0 162 0 0 10005
0 167 0 0 10005
0 169 0 0 10005
0 169 0 0 10005
0 166 0 0 10005
0 161 0 0 10005
0 153 0 0 10005
0 144 0 0 10005
0 133 0 0 10005
0 122 0 0 10005
0 111 0 0 10005
0 101 0 0 10005
0 93 0 0 10005
0 86 0 0 10005
0 83 0 0 10005
0 82 0 0 10005
0 83 0 0 10005
0 88 0 0 10005
0 95 0 0 10005
0 105 0 0 10005
0 116 0 0 10005
0 127 0 0 10005
0 140 0 0 10005
0 151 0 0 10005
0 161 0 0 10005
0 169 0 0 10005
0 175 0 0 10005
0 177 0 0 10005
0 177 0 0 10005
0 173 0 0 10005
0 167 0 0 10005
0 158 0 0 10005
0 146 0 0 10005
0 134 0 0 10005
0 121 0 0 10005
0 108 0 0 10005
0 96 0 0 10005
0 87 0 0 10005
0 79 0 0 10005
0 75 0 0 10005
0 74 0 0 10005
0 76 0 0 10005
0 81 0 0 10005
0 90 0 0 10005
0 101 0 0 10005
0 114 0 0 10005
0 127 0 0 10005
0 142 0 0 10005
0 155 0 0 10005
0 166 0 0 10005
0 176 0 0 10005
0 182 0 0 10005
0 185 0 0 10005
0 185 0 0 10005
0 180 0 0 10005
0 173 0 0 10005
0 162 0 0 10005
0 149 0 0 10005
0 135 0 0 10005
0 120 0 0 10005
0 105 0 0 10005
0 92 0 0 10005
0 80 0 0 10005
0 72 0 0 10005
0 67 0 0 10005
0 66 0 0 10005
0 68 0 0 10005
0 75 0 0 10005
0 84 0 0 10005
0 97 0 0 10005
0 112 0 0 10005
0 127 0 0 10005
0 143 0 0 10005
0 159 0 0 10005
0 172 0 0 10005
0 183 0 0 10005
0 190 0 0 10005
0 193 0 0 10005
0 193 0 0 10005
0 188 0 0 10005
0 179 0 0 10005
0 167 0 0 10005
0 152 0 0 10005
0 136 0 0 10005
0 119 0 0 10005
0 102 0 0 10005
0 87 0 0 10005
0 74 0 0 10005
0 65 0 0 10005
0 59 0 0 10005
0 58 0 0 10005
0 61 0 0 10005
0 68 0 0 10005
0 79 0 0 10005
0 93 0 0 10005
0 110 0 0 10005
0 127 0 0 10005
0 145 0 0 10005
0 162 0 0 10005
0 177 0 0 10005
0 189 0 0 10005
0 197 0 0 10005
0 201 0 0 10005
0 200 0 0 10005
0 195 0 0 10005
0 185 0 0 10005
0 172 0 0 10005
0 155 0 0 10005
0 137 0 0 10005
0 118 0 0 10005
0 99 0 0 10005
0 82 0 0 10005
0 68 0 0 10005
0 57 0 0 10005
0 51 0 0 10005
0 50 0 0 10005
0 53 0 0 10005
0 61 0 0 10005
0 73 0 0 10005
0 89 0 0 10005
0 108 0 0 10005
0 127 0 0 10005
0 147 0 0 10005
0 166 0 0 10005
0 183 0 0 10005
0 196 0 0 10005
0 205 0 0 10005
0 209 0 0 10005
0 208 0 0 10005
0 202 0 0 10005
0 191 0 0 10005
0 176 0 0 10005
0 158 0 0 10005
0 138 0 0 10005
0 117 0 0 10005
0 96 0 0 10005
0 78 0 0 10005
0 62 0 0 10005
0 50 0 0 10005
0 43 0 0 10005
0 42 0 0 10005
0 45 0 0 10005
0 54 0 0 10005
0 68 0 0 10005
0 85 0 0 10005
0 106 0 0 10005
0 127 0 0 10005
0 149 0 0 10005
0 170 0 0 10005
0 188 0 0 10005
0 203 0 0 10005
0 213 0 0 10005
0 217 0 0 10005
0 216 0 0 10005
0 209 0 0 10005
0 198 0 0 10005
0 181 0 0 10005
0 161 0 0 10005
0 139 0 0 10005
0 116 0 0 10005
0 93 0 0 10005
0 73 0 0 10005
0 56 0 0 10005
0 43 0 0 10005
0 35 0 0 10005
0 34 0 0 10005
0 38 0 0 10005
0 48 0 0 10005
0 62 0 0 10005
0 82 0 0 10005
0 104 0 0 10005
0 127 0 0 10005
0 151 0 0 10005
0 174 0 0 10005
0 194 0 0 10005
0 210 0 0 10005
0 220 0 0 10005
0 225 0 0 10005
0 224 0 0 10005
0 217 0 0 10005
0 204 0 0 10005
0 186 0 0 10005
0 164 0 0 10005
0 140 0 0 10005
0 115 0 0 10005
0 91 0 0 10005
0 68 0 0 10005
0 50 0 0 10005
0 36 0 0 10005
0 28 0 0 10005
0 26 0 0 10005
0 30 0 0 10005
0 41 0 0 10005
0 57 0 0 10005
0 78 0 0 10005
0 102 0 0 10005
0 128 0 0 10005
0 153 0 0 10005
0 178 0 0 10005
0 199 0 0 10005
0 216 0 0 10005
0 228 0 0 10005
0 233 0 0 10005
0 232 0 0 10005
0 224 0 0 10005
0 210 0 0 10005
0 191 0 0 10005
0 167 0 0 10005
0 141 0 0 10005
0 114 0 0 10005
0 88 0 0 10005
0 64 0 0 10005
0 43 0 0 10005
0 28 0 0 10005
0 20 0 0 10005
0 18 0 0 10005
0 23 0 0 10005
0 34 0 0 10005
0 51 0 0 10005
0 74 0 0 10005
0 100 0 0 10005
0 127 0 0 10005
0 155 0 0 10005
0 182 0 0 10005
0 205 0 0 10005
0 223 0 0 10005
0 236 0 0 10005
0 241 0 0 10005
0 240 0 0 10005
0 231 0 0 10005
0 216 0 0 10005
0 195 0 0 10005
0 170 0 0 10005
0 142 0 0 10005
0 113 0 0 10005
0 85 0 0 10005
0 59 0 0 10005
0 37 0 0 10005
0 21 0 0 10005
0 12 0 0 10005
0 10 0 0 10005
0 15 0 0 10005
0 27 0 0 10005
0 46 0 0 10005
0 70 0 0 10005
0 98 0 0 10005
0 127 0 0 10005
0 157 0 0 10005
0 186 0 0 10005
0 210 0 0 10005
0 230 0 0 10005
0 243 0 0 10005
0 249 0 0 10005
0 248 0 0 10005
0 238 0 0 10005
0 222 0 0 10005
0 200 0 0 10005
0 173 0 0 10005
0 143 0 0 10005
0 112 0 0 10005
0 82 0 0 10005
0 54 0 0 10005
0 31 0 0 10005
0 14 0 0 10005
0 4 0 0 10005
0 2 0 0 10005
0 7 0 0 10005
0 21 0 0 10005
0 41 0 0 10005
0 66 0 0 10005
0 96 0 0 10005
0 128 0 0 10005
0 128 0 0 10005
0 128 0 0 10005
0 128 0 0 10005
0 128 0 0 10005
0 128 0 0 10005
0 128 0 0 10005
0 128 0 0 10005
0 128 0 0 10005
0 128 0 0 10005
0 128 0 0 10005
0 128 0 0 10005
0 128 0 0 10005
0 128 0 0 10005
0 128 0 0 10005
0 128 0 0 10005
0 128 0 0 10005
0 128 0 0 10005
0 128 0 0 10005
0 128 0 0 10005
0 128 0 0 10005
0 128 0 0 10005
0 128 0 0 10005
0 128 0 0 10005
0 128 0 0 10005
0 128 0 0 10005
0 128 0 0 10005
0 128 0 0 10005
0 128 0 0 10005
0 128 0 0 10005
0 128 0 0 10005
0 128 0 0 10005
0 128 0 0 10005
0 128 0 0 10005
0 128 0 0 10005
0 128 0 0 10005
0 128 0 0 10005
0 128 0 0 10005
0 128 0 0 10005
0 128 0 0 10005
0 128 0 0 10005
0 128 0 0 10005
0 128 0 0 10005
0 128 0 0 10005
0 128 0 0 10005
0 128 0 0 10005
0 128 0 0 10005
0 128 0 0 10005
0 128 0 0 10005
0 128 0 0 10005
0 128 0 0 10005
0 128 0 0 10005
0 128 0 0 10005
0 128 0 0 10005
0 128 0 0 10005
0 128 0 0 10005
0 128 0 0 10005
0 128 0 0 10005
0 128 0 0 10005
0 128 0 0 10005
0 128 0 0 10005
0 128 0 0 10005
0 128 0 0 10005
0 128 0 0 10005
0 128 0 0 10005
0 128 0 0 10005
0 128 0 0 10005
0 128 0 0 10005
0 128 0 0 10005
0 128 0 0 10005
0 128 0 0 10005
0 128 0 0 10005
0 128 0 0 10005
0 128 0 0 10005
0 128 0 0 10005
0 128 0 0 10005
0 128 0 0 10005
0 128 0 0 10005
0 128 0 0 10005
0 128 0 0 10005
0 128 0 0 10005
0 128 0 0 10005
0 128 0 0 10005
0 128 0 0 10005
0 128 0 0 10005
0 128 0 0 10005
0 128 0 0 10005
0 128 0 0 10005
0 128 0 0 10005
0 128 0 0 10005
0 128 0 0 10005
0 128 0 0 10005
0 128 0 0 10005
0 128 0 0 10005
0 128 0 0 10005
0 128 0 0 10005
0 128 0 0 10005
0 128 0 0 10005
0 128 0 0 10005
0 128 0 0 10005
0 0 0 0 10005
0 0 0 0 10006
0 0 0 0 10006
0 0 0 0 10006
0 0 0 0 10006
0 0 0 0 10006
0 0 0 0 10006
0 0 0 0 10006
0 0 0 0 10006
0 0 0 0 10006
0 0 0 0 10006
0 0 0 0 10006
0 0 0 0 10006
0 0 0 0 10006
0 0 0 0 10006
0 0 0 0 10006
0 0 0 0 10006
0 0 0 0 10006
0 0 0 0 10006
0 0 0 0 10006
0 0 0 0 10006
0 0 0 0 10006
0 0 0 0 10006
0 0 0 0 10006
0 0 0 0 10006
0 0 0 0 10006
0 0 0 0 10006
0 0 0 0 10006
0 0 0 0 10006
0 0 0 0 10006
0 0 0 0 10006
0 0 0 0 10006
0 0 0 0 10006
0 0 0 0 10006
0 0 0 0 10006
0 0 0 0 10006
0 0 0 0 10006
0 0 0 0 10006
0 0 0 0 10006
0 0 0 0 10006
0 0 0 0 10006
0 0 0 0 10006
0 0 0 0 10006
0 0 0 0 10006
0 0 0 0 10006
0 0 0 0 10006
0 0 0 0 10006
0 0 0 0 10006
0 0 0 0 10006
0 0 0 0 10006
0 0 0 0 10006
0 0 0 0 10006
0 0 0 0 10006
0 0 0 0 10006
0 0 0 0 10006
0 0 0 0 10006
0 0 0 0 10006
0 0 0 0 10006
0 0 0 0 10006
0 0 0 0 10006
0 0 0 0 10006
0 0 0 0 10006
0 0 0 0 10006
0 0 0 0 10006
0 0 0 0 10006
0 0 0 0 10006
0 0 0 0 10006
0 0 0 0 10006
0 0 0 0 10006
0 0 0 0 10006
0 0 0 0 10006
0 0 0 0 10006
0 0 0 0 10006
0 0 0 0 10006
0 0 0 0 10006
0 0 0 0 10006
0 0 0 0 10006
0 0 0 0 10006
0 0 0 0 10006
0 0 0 0 10006
0 0 0 0 10006
0 0 0 0 10006
0 0 0 0 10006
0 0 0 0 10006
0 0 0 0 10006
0 0 0 0 10006
0 0 0 0 10006
0 0 0 0 10006
0 0 0 0 10006
0 0 0 0 10006
0 0 0 0 10006
0 0 0 0 10006
0 0 0 0 10006
0 0 0 0 10006
0 0 0 0 10006
0 0 0 0 10006
0 0 0 0 10006
0 0 0 0 10006
0 0 0 0 10006
0 0 0 0 10006
0 0 0 0 10006
0 0 0 0 10006
0 0 0 0 10006
0 0 0 0 10006
0 0 0 0 10006
0 0 0 0 10006
0 0 0 0 10006
0 0 0 0 10006
0 0 0 0 10006
0 0 0 0 10006
0 0 0 0 10006
0 0 0 0 10006
0 0 0 0 10006
0 0 0 0 10006
0 0 0 0 10006
0 0 0 0 10006
0 0 0 0 10006
0 0 0 0 10006
0 0 0 0 10006
0 0 0 0 10006
0 0 0 0 10006
0 0 0 0 10006
0 0 0 0 10006
0 0 0 0 10006
0 0 0 0 10006
0 0 0 0 10006
0 0 0 0 10006
0 0 0 0 10006
0 0 0 0 10006
0 0 0 0 10006
0 0 0 0 10006
0 0 0 0 10006
0 0 0 0 10006
0 0 0 0 10006
0 0 0 0 10006
0 0 0 0 10006
0 0 0 0 10006
0 0 0 0 10006
0 0 0 0 10006
0 0 0 0 10006
0 0 0 0 10006
0 0 0 0 10006
0 0 0 0 10006
0 0 0 0 10006
0 0 0 0 10006
0 0 0 0 10006
0 0 0 0 10006
0 0 0 0 10006
0 0 0 0 10006
0 0 0 0 10006
0 0 0 0 10006
0 0 0 0 10006
0 0 0 0 10006
0 0 0 0 10006
0 0 0 0 10006
0 0 0 0 10006
0 0 0 0 10006
0 0 0 0 10006
0 0 0 0 10006
0 0 0 0 10006
0 0 0 0 10006
0 0 0 0 10006
0 0 0 0 10006
0 0 0 0 10006
0 0 0 0 10006
0 0 0 0 10006
0 0 0 0 10006
0 0 0 0 10006
0 0 0 0 10006
0 0 0 0 10006
0 0 0 0 10006
0 0 0 0 10006
0 0 0 0 10006
0 0 0 0 10006
0 0 0 0 10006
0 0 0 0 10006
0 0 0 0 10006
0 0 0 0 10006
0 0 0 0 10006
0 0 0 0 10006
0 0 0 0 10006
0 0 0 0 10006
0 0 0 0 10006
0 0 0 0 10006
0 0 0 0 10006
0 0 0 0 10006
0 0 0 0 10006
0 0 0 0 10006
0 0 0 0 10006
0 0 0 0 10006
0 0 0 0 10006
0 0 0 0 10006
0 0 0 0 10006
0 0 0 0 10006
0 0 0 0 10006
0 0 0 0 10006
0 0 0 0 10006
0 0 0 0 10006
0 0 0 0 10006
0 0 0 0 10006
0 255 0 0 10006
0 255 0 0 10006
0 255 0 0 10006
0 255 0 0 10006
0 255 0 0 10006
0 255 0 0 10006
0 255 0 0 10006
0 255 0 0 10006
0 255 0 0 10006
0 255 0 0 10006
0 255 0 0 10006
0 255 0 0 10006
0 255 0 0 10006
0 255 0 0 10006
0 255 0 0 10006
0 255 0 0 10006
0 255 0 0 10006
0 255 0 0 10006
0 255 0 0 10006
0 255 0 0 10006
0 255 0 0 10006
0 255 0 0 10006
0 255 0 0 10006
0 255 0 0 10006
0 255 0 0 10006
0 255 0 0 10006
0 255 0 0 10006
0 255 0 0 10006
0 255 0 0 10006
0 255 0 0 10006
0 255 0 0 10006
0 255 0 0 10006
0 255 0 0 10006
0 255 0 0 10006
0 255 0 0 10006
0 255 0 0 10006
0 255 0 0 10006
0 255 0 0 10006
0 255 0 0 10006
0 255 0 0 10006
0 255 0 0 10006
0 255 0 0 10006
0 255 0 0 10006
0 255 0 0 10006
0 255 0 0 10006
0 255 0 0 10006
0 255 0 0 10006
0 255 0 0 10006
0 255 0 0 10006
0 255 0 0 10006
0 255 0 0 10006
0 255 0 0 10006
0 255 0 0 10006
0 255 0 0 10006
0 255 0 0 10006
0 255 0 0 10006
0 255 0 0 10006
0 255 0 0 10006
0 255 0 0 10006
0 255 0 0 10006
0 255 0 0 10006
0 255 0 0 10006
0 255 0 0 10006
0 255 0 0 10006
0 255 0 0 10006
0 255 0 0 10006
0 255 0 0 10006
0 255 0 0 10006
0 255 0 0 10006
0 255 0 0 10006
0 255 0 0 10006
0 255 0 0 10006
0 255 0 0 10006
0 255 0 0 10006
0 255 0 0 10006
0 255 0 0 10006
0 255 0 0 10006
0 255 0 0 10006
0 255 0 0 10006
0 255 0 0 10006
0 255 0 0 10006
0 255 0 0 10006
0 255 0 0 10006
0 255 0 0 10006
0 255 0 0 10006
0 255 0 0 10006
0 255 0 0 10006
0 255 0 0 10006
0 255 0 0 10006
0 255 0 0 10006
0 255 0 0 10006
0 255 0 0 10006
0 255 0 0 10006
0 255 0 0 10006
0 255 0 0 10006
0 255 0 0 10006
0 255 0 0 10006
0 255 0 0 10006
0 255 0 0 10006
0 255 0 0 10006
0 255 0 0 10006
0 255 0 0 10006
0 255 0 0 10006
0 255 0 0 10006
0 255 0 0 10006
0 255 0 0 10006
0 255 0 0 10006
0 255 0 0 10006
0 255 0 0 10006
0 255 0 0 10006
0 255 0 0 10006
0 255 0 0 10006
0 255 0 0 10006
0 255 0 0 10006
0 255 0 0 10006
0 255 0 0 10006
0 255 0 0 10006
0 255 0 0 10006
0 255 0 0 10006
0 255 0 0 10006
0 255 0 0 10006
0 255 0 0 10006
0 255 0 0 10006
0 255 0 0 10006
0 255 0 0 10006
0 255 0 0 10006
0 255 0 0 10006
0 255 0 0 10006
0 255 0 0 10006
0 255 0 0 10006
0 255 0 0 10006
0 255 0 0 10006
0 255 0 0 10006
0 255 0 0 10006
0 255 0 0 10006
0 255 0 0 10006
0 255 0 0 10006
0 255 0 0 10006
0 255 0 0 10006
0 255 0 0 10006
0 255 0 0 10006
0 255 0 0 10006
0 255 0 0 10006
0 255 0 0 10006
0 255 0 0 10006
0 255 0 0 10006
0 255 0 0 10006
0 255 0 0 10006
0 255 0 0 10006
0 255 0 0 10006
0 0 0 0 10006
0 0 0 0 10006
0 0 0 0 10006
0 0 0 0 10006
0 0 0 0 10006
0 0 0 0 10006
0 0 0 0 10006
0 0 0 0 10006
0 0 0 0 10006
0 0 0 0 10006
0 0 0 0 10006
0 0 0 0 10006
0 0 0 0 10006
0 0 0 0 10006
0 0 0 0 10006
0 0 0 0 10006
0 0 0 0 10006
0 0 0 0 10006
0 0 0 0 10006
0 0 0 0 10006
0 0 0 0 10006
0 0 0 0 10006
0 0 0 0 10006
0 0 0 0 10006
0 0 0 0 10006
0 0 0 0 10006
0 0 0 0 10006
0 0 0 0 10006
0 0 0 0 10006
0 0 0 0 10006
0 0 0 0 10006
0 0 0 0 10006
0 0 0 0 10006
0 0 0 0 10006
0 0 0 0 10006
0 0 0 0 10006
0 0 0 0 10006
0 0 0 0 10006
0 0 0 0 10006
0 0 0 0 10006
0 0 0 0 10006
0 0 0 0 10006
0 0 0 0 10006
0 0 0 0 10006
0 0 0 0 10006
0 0 0 0 10006
0 0 0 0 10006
0 0 0 0 10006
0 0 0 0 10006
0 0 0 0 10006
0 0 0 0 10006
0 0 0 0 10006
0 0 0 0 10006
0 0 0 0 10006
0 0 0 0 10006
0 0 0 0 10006
0 0 0 0 10006
0 0 0 0 10006
0 0 0 0 10006
0 0 0 0 10006
0 0 0 0 10006
0 0 0 0 10006
0 0 0 0 10006
0 0 0 0 10006
0 0 0 0 10006
0 0 0 0 10006
0 0 0 0 10006
0 0 0 0 10006
0 0 0 0 10006
0 0 0 0 10006
0 0 0 0 10006
0 0 0 0 10006
0 0 0 0 10006
0 0 0 0 10006
0 0 0 0 10006
0 0 0 0 10006
0 0 0 0 10006
0 0 0 0 10006
0 0 0 0 10006
0 0 0 0 10006
0 0 0 0 10006
0 0 0 0 10006
0 0 0 0 10006
0 0 0 0 10006
0 0 0 0 10006
0 0 0 0 10006
0 0 0 0 10006
0 0 0 0 10006
0 0 0 0 10006
0 0 0 0 10006
0 0 0 0 10006
0 0 0 0 10006
0 0 0 0 10006
0 0 0 0 10006
0 0 0 0 10006
0 0 0 0 10006
0 0 0 0 10006
0 0 0 0 10006
0 0 0 0 10006
0 0 0 0 10006
0 0 0 0 10006
0 0 0 0 10006
0 0 0 0 10006
0 0 0 0 10006
0 0 0 0 10006
0 0 0 0 10006
0 0 0 0 10006
0 0 0 0 10006
0 0 0 0 10006
0 0 0 0 10006
0 0 0 0 10006
0 0 0 0 10006
0 0 0 0 10006
0 0 0 0 10006
0 0 0 0 10006
0 0 0 0 10006
0 0 0 0 10006
0 0 0 0 10006
0 0 0 0 10006
0 0 0 0 10006
0 0 0 0 10006
0 0 0 0 10006
0 0 0 0 10006
0 0 0 0 10006
0 0 0 0 10006
0 0 0 0 10006
0 0 0 0 10006
0 0 0 0 10006
0 0 0 0 10006
0 0 0 0 10006
0 0 0 0 10006
0 0 0 0 10006
0 0 0 0 10006
0 0 0 0 10006
0 0 0 0 10006
0 0 0 0 10006
0 0 0 0 10006
0 0 0 0 10006
0 0 0 0 10006
0 0 0 0 10006
0 0 0 0 10006
0 0 0 0 10006
0 0 0 0 10006
0 0 0 0 10006
0 0 0 0 10006
0 0 0 0 10006
0 0 0 0 10006
0 0 0 0 10006
0 0 0 0 10006
0 0 0 0 10006
0 128 0 0 10006
0 128 0 0 10006
0 128 0 0 10006
0 128 0 0 10006
0 128 0 0 10006
0 128 0 0 10006
0 128 0 0 10006
0 128 0 0 10006
0 128 0 0 10006
0 128 0 0 10006
0 128 0 0 10006
0 128 0 0 10006
0 128 0 0 10006
0 128 0 0 10006
0 128 0 0 10006
0 128 0 0 10006
0 128 0 0 10006
0 128 0 0 10006
0 128 0 0 10006
0 128 0 0 10006
0 128 0 0 10006
0 128 0 0 10006
0 128 0 0 10006
0 128 0 0 10006
0 128 0 0 10006
0 128 0 0 10006
0 128 0 0 10006
0 128 0 0 10006
0 128 0 0 10006
0 128 0 0 10006
0 128 0 0 10006
0 128 0 0 10006
0 128 0 0 10006
0 128 0 0 10006
0 128 0 0 10006
0 128 0 0 10006
0 128 0 0 10006
0 128 0 0 10006
0 128 0 0 10006
0 128 0 0 10006
0 128 0 0 10006
0 128 0 0 10006
0 128 0 0 10006
0 128 0 0 10006
0 128 0 0 10006
0 128 0 0 10006
0 128 0 0 10006
0 128 0 0 10006
0 128 0 0 10006
0 128 0 0 10006
0 128 0 0 10006
0 128 0 0 10006
0 128 0 0 10006
0 128 0 0 10006
0 128 0 0 10006
0 128 0 0 10006
0 128 0 0 10006
0 128 0 0 10006
0 128 0 0 10006
0 128 0 0 10006
0 128 0 0 10006
0 128 0 0 10006
0 128 0 0 10006
0 128 0 0 10006
0 128 0 0 10006
0 128 0 0 10006
0 128 0 0 10006
0 128 0 0 10006
0 128 0 0 10006
0 128 0 0 10006
0 128 0 0 10006
0 128 0 0 10006
0 128 0 0 10006
0 128 0 0 10006
0 128 0 0 10006
0 128 0 0 10006
0 128 0 0 10006
0 128 0 0 10006
0 128 0 0 10006
0 128 0 0 10006
0 128 0 0 10006
0 128 0 0 10006
0 128 0 0 10006
0 128 0 0 10006
0 128 0 0 10006
0 128 0 0 10006
0 128 0 0 10006
0 128 0 0 10006
0 128 0 0 10006
0 128 0 0 10006
0 128 0 0 10006
0 128 0 0 10006
0 128 0 0 10006
0 128 0 0 10006
0 128 0 0 10006
0 128 0 0 10006
0 128 0 0 10006
0 128 0 0 10006
0 128 0 0 10006
0 128 0 0 10006
0 128 0 0 10006
0 128 0 0 10006
0 128 0 0 10006
0 129 0 0 10006
0 130 0 0 10006
0 132 0 0 10006
0 133 0 0 10006
0 135 0 0 10006
0 138 0 0 10006
0 141 0 0 10006
0 144 0 0 10006
0 147 0 0 10006
0 151 0 0 10006
0 154 0 0 10006
0 159 0 0 10006
0 163 0 0 10006
0 168 0 0 10006
0 173 0 0 10006
0 178 0 0 10006
0 184 0 0 10006
0 189 0 0 10006
0 195 0 0 10006
0 201 0 0 10006
0 206 0 0 10006
0 212 0 0 10006
0 218 0 0 10006
0 224 0 0 10006
0 229 0 0 10006
0 234 0 0 10006
0 239 0 0 10006
0 243 0 0 10006
0 247 0 0 10006
0 250 0 0 10006
0 253 0 0 10006
0 255 0 0 10006
0 255 0 0 10006
0 255 0 0 10006
0 254 0 0 10006
0 252 0 0 10006
0 248 0 0 10006
0 243 0 0 10006
0 237 0 0 10006
0 230 0 0 10006
0 221 0 0 10006
0 211 0 0 10006
0 199 0 0 10006
0 187 0 0 10006
0 173 0 0 10006
0 159 0 0 10006
0 143 0 0 10006
0 128 0 0 10006
0 111 0 0 10006
0 95 0 0 10006
0 79 0 0 10006
0 64 0 0 10006
0 49 0 0 10006
0 36 0 0 10006
0 24 0 0 10006
0 14 0 0 10006
0 7 0 0 10006
0 2 0 0 10006
0 0 0 0 10006
0 0 0 0 10006
0 4 0 0 10006
0 11 0 0 10006
0 22 0 0 10006
0 35 0 0 10006
0 51 0 0 10006
0 69 0 0 10006
0 90 0 0 10006
0 111 0 0 10006
0 134 0 0 10006
0 157 0 0 10006
0 179 0 0 10006
0 200 0 0 10006
0 218 0 0 10006
0 233 0 0 10006
0 245 0 0 10006
0 253 0 0 10006
0 255 0 0 10006
0 253 0 0 10006
0 246 0 0 10006
0 233 0 0 10006
0 216 0 0 10006
0 195 0 0 10006
0 171 0 0 10006
0 144 0 0 10006
0 116 0 0 10006
0 89 0 0 10006
0 63 0 0 10006
0 40 0 0 10006
0 21 0 0 10006
0 8 0 0 10006
0 1 0 0 10006
0 0 0 0 10006
0 7 0 0 10006
0 21 0 0 10006
0 41 0 0 10006
0 66 0 0 10006
0 96 0 0 10006
0 127 0 0 10006
0 159 0 0 10006
0 190 0 0 10006
0 216 0 0 10006
0 237 0 0 10006
0 250 0 0 10006
0 255 0 0 10006
0 252 0 0 10006
0 239 0 0 10006
0 217 0 0 10006
0 189 0 0 10006
0 156 0 0 10006
0 120 0 0 10006
0 85 0 0 10006
0 53 0 0 10006
0 26 0 0 10006
0 8 0 0 10006
0 0 0 0 10006
0 3 0 0 10006
0 16 0 0 10006
0 40 0 0 10006
0 72 0 0 10006
0 109 0 0 10006
0 148 0 0 10006
0 186 0 0 10006
0 218 0 0 10006
0 242 0 0 10006
0 254 0 0 10006
0 254 0 0 10006
0 240 0 0 10006
0 215 0 0 10006
0 180 0 0 10006
0 140 0 0 10006
0 97 0 0 10006
0 58 0 0 10006
0 26 0 0 10006
0 6 0 0 10006
0 0 0 0 10006
0 8 0 0 10006
0 31 0 0 10006
0 66 0 0 10006
0 108 0 0 10006
0 154 0 0 10006
0 196 0 0 10006
0 230 0 0 10006
0 250 0 0 10006
0 255 0 0 10006
0 243 0 0 10006
0 215 0 0 10006
0 174 0 0 10006
0 128 0 0 10006
0 80 0 0 10006
0 39 0 0 10006
0 11 0 0 10006
0 0 0 0 10006
0 7 0 0 10006
0 33 0 0 10006
0 73 0 0 10006
0 122 0 0 10006
0 172 0 0 10006
0 215 0 0 10006
0 245 0 0 10006
0 255 0 0 10006
0 245 0 0 10006
0 216 0 0 10006
0 171 0 0 10006
0 118 0 0 10006
0 67 0 0 10006
0 26 0 0 10006
0 3 0 0 10006
0 2 0 0 10006
0 23 0 0 10006
0 64 0 0 10006
0 116 0 0 10006
0 171 0 0 10006
0 218 0 0 10006
0 248 0 0 10006
0 255 0 0 10006
0 237 0 0 10006
0 197 0 0 10006
0 144 0 0 10006
0 86 0 0 10006
0 37 0 0 10006
0 6 0 0 10006
0 1 0 0 10006
0 22 0 0 10006
0 65 0 0 10006
0 123 0 0 10006
0 181 0 0 10006
0 228 0 0 10006
0 253 0 0 10006
0 250 0 0 10006
0 219 0 0 10006
0 167 0 0 10006
0 106 0 0 10006
0 49 0 0 10006
0 11 0 0 10006
0 0 0 0 10006
0 20 0 0 10006
0 66 0 0 10006
0 127 0 0 10006
0 189 0 0 10006
0 236 0 0 10006
0 255 0 0 10006
0 242 0 0 10006
0 199 0 0 10006
0 138 0 0 10006
0 73 0 0 10006
0 23 0 0 10006
0 0 0 0 10006
0 12 0 0 10006
0 55 0 0 10006
0 118 0 0 10006
0 185 0 0 10006
0 235 0 0 10006
0 255 0 0 10006
0 239 0 0 10006
0 191 0 0 10006
0 124 0 0 10006
0 57 0 0 10006
0 12 0 0 10006
0 0 0 0 10006
0 27 0 0 10006
0 85 0 0 10006
0 156 0 0 10006
0 218 0 0 10006
0 252 0 0 10006
0 248 0 0 10006
0 205 0 0 10006
0 137 0 0 10006
0 66 0 0 10006
0 14 0 0 10006
0 0 0 0 10006
0 28 0 0 10006
0 89 0 0 10006
0 163 0 0 10006
0 226 0 0 10006
0 255 0 0 10006
0 240 0 0 10006
0 186 0 0 10006
0 111 0 0 10006
0 42 0 0 10006
0 3 0 0 10006
0 8 0 0 10006
0 57 0 0 10006
0 132 0 0 10006
0 205 0 0 10006
0 250 0 0 10006
0 249 0 0 10006
0 203 0 0 10006
0 127 0 0 10006
0 52 0 0 10006
0 6 0 0 10006
0 6 0 0 10006
0 54 0 0 10006
0 132 0 0 10006
0 207 0 0 10006
0 251 0 0 10006
0 246 0 0 10006
0 192 0 0 10006
0 111 0 0 10006
0 37 0 0 10006
0 1 0 0 10006
0 17 0 0 10006
0 80 0 0 10006
0 163 0 0 10006
0 232 0 0 10006
0 255 0 0 10006
0 224 0 0 10006
0 150 0 0 10006
0 66 0 0 10006
0 9 0 0 10006
0 5 0 0 10006
0 56 0 0 10006
0 140 0 0 10006
0 218 0 0 10006
0 255 0 0 10006
0 233 0 0 10006
0 162 0 0 10006
0 74 0 0 10006
0 12 0 0 10006
0 4 0 0 10006
0 55 0 0 10006
0 142 0 0 10006
0 221 0 0 10006
0 255 0 0 10006
0 227 0 0 10006
0 148 0 0 10006
0 60 0 0 10006
0 5 0 0 10006
0 12 0 0 10006
0 78 0 0 10006
0 169 0 0 10006
0 240 0 0 10006
0 252 0 0 10006
0 199 0 0 10006
0 109 0 0 10006
0 28 0 0 10006
0 0 0 0 10006
0 40 0 0 10006
0 127 0 0 10006
0 215 0 0 10006
0 255 0 0 10006
0 225 0 0 10006
0 141 0 0 10006
0 49 0 0 10006
0 1 0 0 10006
0 24 0 0 10006
0 106 0 0 10006
0 200 0 0 10006
0 253 0 0 10006
0 234 0 0 10006
0 152 0 0 10006
0 56 0 0 10006
0 2 0 0 10006
0 22 0 0 10006
0 104 0 0 10006
0 201 0 0 10006
0 254 0 0 10006
0 230 0 0 10006
0 144 0 0 10006
0 47 0 0 10006
0 0 0 0 10006
0 32 0 0 10006
0 124 0 0 10006
0 218 0 0 10006
0 255 0 0 10006
0 212 0 0 10006
0 114 0 0 10006
0 25 0 0 10006
0 2 0 0 10006
0 60 0 0 10006
0 163 0 0 10006
0 243 0 0 10006
0 246 0 0 10006
0 171 0 0 10006
0 66 0 0 10006
0 3 0 0 10006
0 23 0 0 10006
0 115 0 0 10006
0 215 0 0 10006
0 255 0 0 10006
0 207 0 0 10006
0 104 0 0 10006
0 16 0 0 10006
0 7 0 0 10006
0 83 0 0 10006
0 190 0 0 10006
0 253 0 0 10006
0 226 0 0 10006
0 128 0 0 10006
0 29 0 0 10006
0 2 0 0 10006
0 67 0 0 10006
0 177 0 0 10006
0 250 0 0 10006
0 232 0 0 10006
0 136 0 0 10006
0 33 0 0 10006
0 1 0 0 10006
0 66 0 0 10006
0 178 0 0 10006
0 251 0 0 10006
0 229 0 0 10006
0 128 0 0 10006
0 26 0 0 10006
0 4 0 0 10006
0 79 0 0 10006
0 193 0 0 10006
0 255 0 0 10006
0 215 0 0 10006
0 105 0 0 10006
0 13 0 0 10006
0 14 0 0 10006
0 108 0 0 10006
0 218 0 0 10006
0 254 0 0 10006
0 185 0 0 10006
0 68 0 0 10006
0 1 0 0 10006
0 40 0 0 10006
0 153 0 0 10006
0 245 0 0 10006
0 237 0 0 10006
0 135 0 0 10006
0 26 0 0 10006
0 6 0 0 10006
0 91 0 0 10006
0 208 0 0 10006
0 255 0 0 10006
0 189 0 0 10006
0 69 0 0 10006
0 0 0 0 10006
0 46 0 0 10006
0 165 0 0 10006
0 250 0 0 10006
0 224 0 0 10006
0 110 0 0 10006
0 11 0 0 10006
0 20 0 0 10006
0 128 0 0 10006
0 128 0 0 10006
0 128 0 0 10006
0 128 0 0 10006
0 128 0 0 10006
0 128 0 0 10006
0 128 0 0 10006
0 128 0 0 10006
0 128 0 0 10006
0 128 0 0 10006
0 128 0 0 10006
0 128 0 0 10006
0 128 0 0 10006
0 128 0 0 10006
0 128 0 0 10006
0 128 0 0 10006
0 128 0 0 10006
0 128 0 0 10006
0 128 0 0 10006
0 128 0 0 10006
0 128 0 0 10006
0 128 0 0 10006
0 128 0 0 10006
0 128 0 0 10006
0 128 0 0 10006
0 128 0 0 10006
0 128 0 0 10006
0 128 0 0 10006
0 128 0 0 10006
0 128 0 0 10006
0 128 0 0 10006
0 128 0 0 10006
0 128 0 0 10006
0 128 0 0 10006
0 128 0 0 10006
0 128 0 0 10006
0 128 0 0 10006
0 128 0 0 10006
0 128 0 0 10006
0 128 0 0 10006
0 128 0 0 10006
0 128 0 0 10006
0 128 0 0 10006
0 128 0 0 10006
0 128 0 0 10006
0 128 0 0 10006
0 128 0 0 10006
0 128 0 0 10006
0 128 0 0 10006
0 128 0 0 10006
0 128 0 0 10006
0 128 0 0 10006
0 128 0 0 10006
0 128 0 0 10006
0 128 0 0 10006
0 128 0 0 10006
0 128 0 0 10006
0 128 0 0 10006
0 128 0 0 10006
0 128 0 0 10006
0 128 0 0 10006
0 128 0 0 10006
0 128 0 0 10006
0 128 0 0 10006
0 128 0 0 10006
0 128 0 0 10006
0 128 0 0 10006
0 128 0 0 10006
0 128 0 0 10006
0 128 0 0 10006
0 128 0 0 10006
0 128 0 0 10006
0 128 0 0 10006
0 128 0 0 10006
0 128 0 0 10006
0 128 0 0 10006
0 128 0 0 10006
0 128 0 0 10006
0 128 0 0 10006
0 128 0 0 10006
0 128 0 0 10006
0 128 0 0 10006
0 128 0 0 10006
0 128 0 0 10006
0 128 0 0 10006
0 128 0 0 10006
0 128 0 0 10006
0 128 0 0 10006
0 128 0 0 10006
0 128 0 0 10006
0 128 0 0 10006
0 128 0 0 10006
0 128 0 0 10006
0 128 0 0 10006
0 128 0 0 10006
0 128 0 0 10006
0 128 0 0 10006
0 128 0 0 10006
0 128 0 0 10006
0 128 0 0 10006
0 128 0 0 10006
0 128 0 0 10006
0 128 0 0 10006
0 128 0 0 10006
0 129 0 0 10006
0 129 0 0 10006
0 129 0 0 10006
0 130 0 0 10006
0 130 0 0 10006
0 130 0 0 10006
0 129 0 0 10006
0 129 0 0 10006
0 128 0 0 10006
0 127 0 0 10006
0 126 0 0 10006
0 125 0 0 10006
0 124 0 0 10006
0 123 0 0 10006
0 122 0 0 10006
0 121 0 0 10006
0 121 0 0 10006
0 122 0 0 10006
0 123 0 0 10006
0 124 0 0 10006
0 126 0 0 10006
0 128 0 0 10006
0 130 0 0 10006
0 132 0 0 10006
0 134 0 0 10006
0 135 0 0 10006
0 137 0 0 10006
0 137 0 0 10006
0 138 0 0 10006
0 137 0 0 10006
0 136 0 0 10006
0 134 0 0 10006
0 132 0 0 10006
0 129 0 0 10006
0 126 0 0 10006
0 123 0 0 10006
0 120 0 0 10006
0 117 0 0 10006
0 115 0 0 10006
0 114 0 0 10006
0 113 0 0 10006
0 114 0 0 10006
0 115 0 0 10006
0 117 0 0 10006
0 120 0 0 10006
0 124 0 0 10006
0 127 0 0 10006
0 132 0 0 10006
0 136 0 0 10006
0 139 0 0 10006
0 142 0 0 10006
0 144 0 0 10006
0 145 0 0 10006
0 145 0 0 10006
0 144 0 0 10006
0 142 0 0 10006
0 139 0 0 10006
0 135 0 0 10006
0 130 0 0 10006
0 125 0 0 10006
0 120 0 0 10006
0 115 0 0 10006
0 111 0 0 10006
0 108 0 0 10006
0 106 0 0 10006
0 105 0 0 10006
0 106 0 0 10006
0 108 0 0 10006
0 112 0 0 10006
0 116 0 0 10006
0 122 0 0 10006
0 127 0 0 10006
0 134 0 0 10006
0 139 0 0 10006
0 145 0 0 10006
0 149 0 0 10006
0 152 0 0 10006
0 153 0 0 10006
0 153 0 0 10006
0 152 0 0 10006
0 148 0 0 10006
0 143 0 0 10006
0 138 0 0 10006
0 131 0 0 10006
0 124 0 0 10006
0 117 0 0 10006
0 111 0 0 10006
0 105 0 0 10006
0 101 0 0 10006
0 98 0 0 10006
0 97 0 0 10006
0 99 0 0 10006
0 102 0 0 10006
0 106 0 0 10006
0 112 0 0 10006
0 120 0 0 10006
0 127 0 0 10006
0 136 0 0 10006
0 143 0 0 10006
0 150 0 0 10006
0 156 0 0 10006
0 159 0 0 10006
0 161 0 0 10006
0 161 0 0 10006
0 159 0 0 10006
0 154 0 0 10006
0 148 0 0 10006
0 141 0 0 10006
0 132 0 0 10006
0 123 0 0 10006
0 114 0 0 10006
0 106 0 0 10006
0 99 0 0 10006
0 94 0 0 10006
0 90 0 0 10006
0 89 0 0 10006
0 91 0 0 10006
0 95 0 0 10006
0 101 0 0 10006
0 109 0 0 10006
0 118 0 0 10006
0 127 0 0 10006
0 138 0 0 10006
0 147 0 0 10006
0 156 0 0 10006
0 162 0 0 10006
0 167 0 0 10006
0 169 0 0 10006
0 169 0 0 10006
0 166 0 0 10006
0 161 0 0 10006
0 153 0 0 10006
0 144 0 0 10006
0 133 0 0 10006
0 122 0 0 10006
0 111 0 0 10006
0 101 0 0 10006
0 93 0 0 10006
0 86 0 0 10006
0 83 0 0 10006
0 82 0 0 10006
0 83 0 0 10006
0 88 0 0 10006
0 95 0 0 10006
0 105 0 0 10006
0 116 0 0 10006
0 127 0 0 10006
0 140 0 0 10006
0 151 0 0 10006
0 161 0 0 10006
0 169 0 0 10006
0 175 0 0 10006
0 177 0 0 10006
0 177 0 0 10006
0 173 0 0 10006
0 167 0 0 10006
0 158 0 0 10006
0 146 0 0 10006
0 134 0 0 10006
0 121 0 0 10006
0 108 0 0 10006
0 96 0 0 10006
0 87 0 0 10006
0 79 0 0 10006
0 75 0 0 10006
0 74 0 0 10006
0 76 0 0 10006
0 81 0 0 10006
0 90 0 0 10006
0 101 0 0 10006
0 114 0 0 10006
0 127 0 0 10006
0 142 0 0 10006
0 155 0 0 10006
0 166 0 0 10006
0 176 0 0 10006
0 182 0 0 10006
0 185 0 0 10006
0 185 0 0 10006
0 180 0 0 10006
0 173 0 0 10006
0 162 0 0 10006
0 149 0 0 10006
0 135 0 0 10006
0 120 0 0 10006
0 105 0 0 10006
0 92 0 0 10006
0 80 0 0 10006
0 72 0 0 10006
0 67 0 0 10006
0 66 0 0 10006
0 68 0 0 10006
0 75 0 0 10006
0 84 0 0 10006
0 97 0 0 10006
0 112 0 0 10006
0 127 0 0 10006
0 143 0 0 10006
0 159 0 0 10006
0 172 0 0 10006
0 183 0 0 10006
0 190 0 0 10006
0 193 0 0 10006
0 193 0 0 10006
0 188 0 0 10006
0 179 0 0 10006
0 167 0 0 10006
0 152 0 0 10006
0 136 0 0 10006
0 119 0 0 10006
0 102 0 0 10006
0 87 0 0 10006
0 74 0 0 10006
0 65 0 0 10006
0 59 0 0 10006
0 58 0 0 10006
0 61 0 0 10006
0 68 0 0 10006
0 79 0 0 10006
0 93 0 0 10006
0 110 0 0 10006
0 127 0 0 10006
0 145 0 0 10006
0 162 0 0 10006
0 177 0 0 10006
0 189 0 0 10006
0 197 0 0 10006
0 201 0 0 10006
0 200 0 0 10006
0 195 0 0 10006
0 185 0 0 10006
0 172 0 0 10006
0 155 0 0 10006
0 137 0 0 10006
0 118 0 0 10006
0 99 0 0 10006
0 82 0 0 10006
0 68 0 0 10006
0 57 0 0 10006
0 51 0 0 10006
0 50 0 0 10006
0 53 0 0 10006
0 61 0 0 10006
0 73 0 0 10006
0 89 0 0 10006
0 108 0 0 10006
0 127 0 0 10006
0 147 0 0 10006
0 166 0 0 10006
0 183 0 0 10006
0 196 0 0 10006
0 205 0 0 10006
0 209 0 0 10006
0 208 0 0 10006
0 202 0 0 10006
0 191 0 0 10006
0 176 0 0 10006
0 158 0 0 10006
0 138 0 0 10006
0 117 0 0 10006
0 96 0 0 10006
0 78 0 0 10006
0 62 0 0 10006
0 50 0 0 10006
0 43 0 0 10006
0 42 0 0 10006
0 45 0 0 10006
0 54 0 0 10006
0 68 0 0 10006
0 85 0 0 10006
0 106 0 0 10006
0 127 0 0 10006
0 149 0 0 10006
0 170 0 0 10006
0 188 0 0 10006
0 203 0 0 10006
0 213 0 0 10006
0 217 0 0 10006
0 216 0 0 10006
0 209 0 0 10006
0 198 0 0 10006
0 181 0 0 10006
0 161 0 0 10006
0 139 0 0 10006
0 116 0 0 10006
0 93 0 0 10006
0 73 0 0 10006
0 56 0 0 10006
0 43 0 0 10006
0 35 0 0 10006
0 34 0 0 10006
0 38 0 0 10006
0 48 0 0 10006
0 62 0 0 10006
0 82 0 0 10006
0 104 0 0 10006
0 127 0 0 10006
0 151 0 0 10006
0 174 0 0 10006
0 194 0 0 10006
0 210 0 0 10006
0 220 0 0 10006
0 225 0 0 10006
0 224 0 0 10006
0 217 0 0 10006
0 204 0 0 10006
0 186 0 0 10006
0 164 0 0 10006
0 140 0 0 10006
0 115 0 0 10006
0 91 0 0 10006
0 68 0 0 10006
0 50 0 0 10006
0 36 0 0 10006
0 28 0 0 10006
0 26 0 0 10006
0 30 0 0 10006
0 41 0 0 10006
0 57 0 0 10006
0 78 0 0 10006
0 102 0 0 10006
0 128 0 0 10006
0 153 0 0 10006
0 178 0 0 10006
0 199 0 0 10006
0 216 0 0 10006
0 228 0 0 10006
0 233 0 0 10006
0 232 0 0 10006
0 224 0 0 10006
0 210 0 0 10006
0 191 0 0 10006
0 167 0 0 10006
0 141 0 0 10006
0 114 0 0 10006
0 88 0 0 10006
0 64 0 0 10006
0 43 0 0 10006
0 28 0 0 10006
0 20 0 0 10006
0 18 0 0 10006
0 23 0 0 10006
0 34 0 0 10006
0 51 0 0 10006
0 74 0 0 10006
0 100 0 0 10006
0 127 0 0 10006
0 155 0 0 10006
0 182 0 0 10006
0 205 0 0 10006
0 223 0 0 10006
0 236 0 0 10006
0 241 0 0 10006
0 240 0 0 10006
0 231 0 0 10006
0 216 0 0 10006
0 195 0 0 10006
0 170 0 0 10006
0 142 0 0 10006
0 113 0 0 10006
0 85 0 0 10006
0 59 0 0 10006
0 37 0 0 10006
0 21 0 0 10006
0 12 0 0 10006
0 10 0 0 10006
0 15 0 0 10006
0 27 0 0 10006
0 46 0 0 10006
0 70 0 0 10006
0 98 0 0 10006
0 127 0 0 10006
0 157 0 0 10006
0 186 0 0 10006
0 210 0 0 10006
0 230 0 0 10006
0 243 0 0 10006
0 249 0 0 10006
0 248 0 0 10006
0 238 0 0 10006
0 222 0 0 10006
0 200 0 0 10006
0 173 0 0 10006
0 143 0 0 10006
0 112 0 0 10006
0 82 0 0 10006
0 54 0 0 10006
0 31 0 0 10006
0 14 0 0 10006
0 4 0 0 10006
0 2 0 0 10006
0 7 0 0 10006
0 21 0 0 10006
0 41 0 0 10006
0 66 0 0 10006
0 96 0 0 10006
0 128 0 0 10006
0 128 0 0 10006
0 128 0 0 10006
0 128 0 0 10006
0 128 0 0 10006
0 128 0 0 10006
0 128 0 0 10006
0 128 0 0 10006
0 128 0 0 10006
0 128 0 0 10006
0 128 0 0 10006
0 128 0 0 10006
0 128 0 0 10006
0 128 0 0 10006
0 128 0 0 10006
0 128 0 0 10006
0 128 0 0 10006
0 128 0 0 10006
0 128 0 0 10006
0 128 0 0 10006
0 128 0 0 10006
0 128 0 0 10006
0 128 0 0 10006
0 128 0 0 10006
0 128 0 0 10006
0 128 0 0 10006
0 128 0 0 10006
0 128 0 0 10006
0 128 0 0 10006
0 128 0 0 10006
0 128 0 0 10006
0 128 0 0 10006
0 128 0 0 10006
0 128 0 0 10006
0 128 0 0 10006
0 128 0 0 10006
0 128 0 0 10006
0 128 0 0 10006
0 128 0 0 10006
0 128 0 0 10006
0 128 0 0 10006
0 128 0 0 10006
0 128 0 0 10006
0 128 0 0 10006
0 128 0 0 10006
0 128 0 0 10006
0 128 0 0 10006
0 128 0 0 10006
0 128 0 0 10006
0 128 0 0 10006
0 128 0 0 10006
0 128 0 0 10006
0 128 0 0 10006
0 128 0 0 10006
0 128 0 0 10006
0 128 0 0 10006
0 128 0 0 10006
0 128 0 0 10006
0 128 0 0 10006
0 128 0 0 10006
0 128 0 0 10006
0 128 0 0 10006
0 128 0 0 10006
0 128 0 0 10006
0 128 0 0 10006
0 128 0 0 10006
0 128 0 0 10006
0 128 0 0 10006
0 128 0 0 10006
0 128 0 0 10006
0 128 0 0 10006
0 128 0 0 10006
0 128 0 0 10006
0 128 0 0 10006
0 128 0 0 10006
0 128 0 0 10006
0 128 0 0 10006
0 128 0 0 10006
0 128 0 0 10006
0 128 0 0 10006
0 128 0 0 10006
0 128 0 0 10006
0 128 0 0 10006
0 128 0 0 10006
0 128 0 0 10006
0 128 0 0 10006
0 128 0 0 10006
0 128 0 0 10006
0 128 0 0 10006
0 128 0 0 10006
0 128 0 0 10006
0 128 0 0 10006
0 128 0 0 10006
0 128 0 0 10006
0 128 0 0 10006
0 128 0 0 10006
0 128 0 0 10006
0 128 0 0 10006
0 128 0 0 10006
0 128 0 0 10006
0 0 0 0 10006
0 0 0 0 10007
0 0 0 0 10007
0 0 0 0 10007
0 0 0 0 10007
0 0 0 0 10007
0 0 0 0 10007
0 0 0 0 10007
0 0 0 0 10007
0 0 0 0 10007
0 0 0 0 10007
0 0 0 0 10007
0 0 0 0 10007
0 0 0 0 10007
0 0 0 0 10007
0 0 0 0 10007
0 0 0 0 10007
0 0 0 0 10007
0 0 0 0 10007
0 0 0 0 10007
0 0 0 0 10007
0 0 0 0 10007
0 0 0 0 10007
0 0 0 0 10007
0 0 0 0 10007
0 0 0 0 10007
0 0 0 0 10007
0 0 0 0 10007
0 0 0 0 10007
0 0 0 0 10007
0 0 0 0 10007
0 0 0 0 10007
0 0 0 0 10007
0 0 0 0 10007
0 0 0 0 10007
0 0 0 0 10007
0 0 0 0 10007
0 0 0 0 10007
0 0 0 0 10007
0 0 0 0 10007
0 0 0 0 10007
0 0 0 0 10007
0 0 0 0 10007
0 0 0 0 10007
0 0 0 0 10007
0 0 0 0 10007
0 0 0 0 10007
0 0 0 0 10007
0 0 0 0 10007
0 0 0 0 10007
0 0 0 0 10007
0 0 0 0 10007
0 0 0 0 10007
0 0 0 0 10007
0 0 0 0 10007
0 0 0 0 10007
0 0 0 0 10007
0 0 0 0 10007
0 0 0 0 10007
0 0 0 0 10007
0 0 0 0 10007
0 0 0 0 10007
0 0 0 0 10007
0 0 0 0 10007
0 0 0 0 10007
0 0 0 0 10007
0 0 0 0 10007
0 0 0 0 10007
0 0 0 0 10007
0 0 0 0 10007
0 0 0 0 10007
0 0 0 0 10007
0 0 0 0 10007
0 0 0 0 10007
0 0 0 0 10007
0 0 0 0 10007
0 0 0 0 10007
0 0 0 0 10007
0 0 0 0 10007
0 0 0 0 10007
0 0 0 0 10007
0 0 0 0 10007
0 0 0 0 10007
0 0 0 0 10007
0 0 0 0 10007
0 0 0 0 10007
0 0 0 0 10007
0 0 0 0 10007
0 0 0 0 10007
0 0 0 0 10007
0 0 0 0 10007
0 0 0 0 10007
0 0 0 0 10007
0 0 0 0 10007
0 0 0 0 10007
0 0 0 0 10007
0 0 0 0 10007
0 0 0 0 10007
0 0 0 0 10007
0 0 0 0 10007
0 0 0 0 10007
0 0 0 0 10007
0 0 0 0 10007
0 0 0 0 10007
0 0 0 0 10007
0 0 0 0 10007
0 0 0 0 10007
0 0 0 0 10007
0 0 0 0 10007
0 0 0 0 10007
0 0 0 0 10007
0 0 0 0 10007
0 0 0 0 10007
0 0 0 0 10007
0 0 0 0 10007
0 0 0 0 10007
0 0 0 0 10007
0 0 0 0 10007
0 0 0 0 10007
0 0 0 0 10007
0 0 0 0 10007
0 0 0 0 10007
0 0 0 0 10007
0 0 0 0 10007
0 0 0 0 10007
0 0 0 0 10007
0 0 0 0 10007
0 0 0 0 10007
0 0 0 0 10007
0 0 0 0 10007
0 0 0 0 10007
0 0 0 0 10007
0 0 0 0 10007
0 0 0 0 10007
0 0 0 0 10007
0 0 0 0 10007
0 0 0 0 10007
0 0 0 0 10007
0 0 0 0 10007
0 0 0 0 10007
0 0 0 0 10007
0 0 0 0 10007
0 0 0 0 10007
0 0 0 0 10007
0 0 0 0 10007
0 0 0 0 10007
0 0 0 0 10007
0 0 0 0 10007
0 0 0 0 10007
0 0 0 0 10007
0 0 0 0 10007
0 0 0 0 10007
0 0 0 0 10007
0 0 0 0 10007
0 0 0 0 10007
0 0 0 0 10007
0 0 0 0 10007
0 0 0 0 10007
0 0 0 0 10007
0 0 0 0 10007
0 0 0 0 10007
0 0 0 0 10007
0 0 0 0 10007
0 0 0 0 10007
0 0 0 0 10007
0 0 0 0 10007
0 0 0 0 10007
0 0 0 0 10007
0 0 0 0 10007
0 0 0 0 10007
0 0 0 0 10007
0 0 0 0 10007
0 0 0 0 10007
0 0 0 0 10007
0 0 0 0 10007
0 0 0 0 10007
0 0 0 0 10007
0 0 0 0 10007
0 0 0 0 10007
0 0 0 0 10007
0 0 0 0 10007
0 0 0 0 10007
0 0 0 0 10007
0 0 0 0 10007
0 0 0 0 10007
0 0 0 0 10007
0 0 0 0 10007
0 0 0 0 10007
0 0 0 0 10007
0 0 0 0 10007
0 0 0 0 10007
0 0 0 0 10007
0 0 0 0 10007
0 0 0 0 10007
0 0 0 0 10007
0 0 0 0 10007
0 0 0 0 10007
0 0 0 0 10007
0 0 0 0 10007
0 0 0 0 10007
0 255 0 0 10007
0 255 0 0 10007
0 255 0 0 10007
0 255 0 0 10007
0 255 0 0 10007
0 255 0 0 10007
0 255 0 0 10007
0 255 0 0 10007
0 255 0 0 10007
0 255 0 0 10007
0 255 0 0 10007
0 255 0 0 10007
0 255 0 0 10007
0 255 0 0 10007
0 255 0 0 10007
0 255 0 0 10007
0 255 0 0 10007
0 255 0 0 10007
0 255 0 0 10007
0 255 0 0 10007
0 255 0 0 10007
0 255 0 0 10007
0 255 0 0 10007
0 255 0 0 10007
0 255 0 0 10007
0 255 0 0 10007
0 255 0 0 10007
0 255 0 0 10007
0 255 0 0 10007
0 255 0 0 10007
0 255 0 0 10007
0 255 0 0 10007
0 255 0 0 10007
0 255 0 0 10007
0 255 0 0 10007
0 255 0 0 10007
0 255 0 0 10007
0 255 0 0 10007
0 255 0 0 10007
0 255 0 0 10007
0 255 0 0 10007
0 255 0 0 10007
0 255 0 0 10007
0 255 0 0 10007
0 255 0 0 10007
0 255 0 0 10007
0 255 0 0 10007
0 255 0 0 10007
0 255 0 0 10007
0 255 0 0 10007
0 255 0 0 10007
0 255 0 0 10007
0 255 0 0 10007
0 255 0 0 10007
0 255 0 0 10007
0 255 0 0 10007
0 255 0 0 10007
0 255 0 0 10007
0 255 0 0 10007
0 255 0 0 10007
0 255 0 0 10007
0 255 0 0 10007
0 255 0 0 10007
0 255 0 0 10007
0 255 0 0 10007
0 255 0 0 10007
0 255 0 0 10007
0 255 0 0 10007
0 255 0 0 10007
0 255 0 0 10007
0 255 0 0 10007
0 255 0 0 10007
0 255 0 0 10007
0 255 0 0 10007
0 255 0 0 10007
0 255 0 0 10007
0 255 0 0 10007
0 255 0 0 10007
0 255 0 0 10007
0 255 0 0 10007
0 255 0 0 10007
0 255 0 0 10007
0 255 0 0 10007
0 255 0 0 10007
0 255 0 0 10007
0 255 0 0 10007
0 255 0 0 10007
0 255 0 0 10007
0 255 0 0 10007
0 255 0 0 10007
0 255 0 0 10007
0 255 0 0 10007
0 255 0 0 10007
0 255 0 0 10007
0 255 0 0 10007
0 255 0 0 10007
0 255 0 0 10007
0 255 0 0 10007
0 255 0 0 10007
0 255 0 0 10007
0 255 0 0 10007
0 255 0 0 10007
0 255 0 0 10007
0 255 0 0 10007
0 255 0 0 10007
0 255 0 0 10007
0 255 0 0 10007
0 255 0 0 10007
0 255 0 0 10007
0 255 0 0 10007
0 255 0 0 10007
0 255 0 0 10007
0 255 0 0 10007
0 255 0 0 10007
0 255 0 0 10007
0 255 0 0 10007
0 255 0 0 10007
0 255 0 0 10007
0 255 0 0 10007
0 255 0 0 10007
0 255 0 0 10007
0 255 0 0 10007
0 255 0 0 10007
0 255 0 0 10007
0 255 0 0 10007
0 255 0 0 10007
0 255 0 0 10007
0 255 0 0 10007
0 255 0 0 10007
0 255 0 0 10007
0 255 0 0 10007
0 255 0 0 10007
0 255 0 0 10007
0 255 0 0 10007
0 255 0 0 10007
0 255 0 0 10007
0 255 0 0 10007
0 255 0 0 10007
0 255 0 0 10007
0 255 0 0 10007
0 255 0 0 10007
0 255 0 0 10007
0 255 0 0 10007
0 255 0 0 10007
0 255 0 0 10007
0 255 0 0 10007
0 255 0 0 10007
0 255 0 0 10007
0 255 0 0 10007
0 255 0 0 10007
0 0 0 0 10007
0 0 0 0 10007
0 0 0 0 10007
0 0 0 0 10007
0 0 0 0 10007
0 0 0 0 10007
0 0 0 0 10007
0 0 0 0 10007
0 0 0 0 10007
0 0 0 0 10007
0 0 0 0 10007
0 0 0 0 10007
0 0 0 0 10007
0 0 0 0 10007
0 0 0 0 10007
0 0 0 0 10007
0 0 0 0 10007
0 0 0 0 10007
0 0 0 0 10007
0 0 0 0 10007
0 0 0 0 10007
0 0 0 0 10007
0 0 0 0 10007
0 0 0 0 10007
0 0 0 0 10007
0 0 0 0 10007
0 0 0 0 10007
0 0 0 0 10007
0 0 0 0 10007
0 0 0 0 10007
0 0 0 0 10007
0 0 0 0 10007
0 0 0 0 10007
0 0 0 0 10007
0 0 0 0 10007
0 0 0 0 10007
0 0 0 0 10007
0 0 0 0 10007
0 0 0 0 10007
0 0 0 0 10007
0 0 0 0 10007
0 0 0 0 10007
0 0 0 0 10007
0 0 0 0 10007
0 0 0 0 10007
0 0 0 0 10007
0 0 0 0 10007
0 0 0 0 10007
0 0 0 0 10007
0 0 0 0 10007
0 0 0 0 10007
0 0 0 0 10007
0 0 0 0 10007
0 0 0 0 10007
0 0 0 0 10007
0 0 0 0 10007
0 0 0 0 10007
0 0 0 0 10007
0 0 0 0 10007
0 0 0 0 10007
0 0 0 0 10007
0 0 0 0 10007
0 0 0 0 10007
0 0 0 0 10007
0 0 0 0 10007
0 0 0 0 10007
0 0 0 0 10007
0 0 0 0 10007
0 0 0 0 10007
0 0 0 0 10007
0 0 0 0 10007
0 0 0 0 10007
0 0 0 0 10007
0 0 0 0 10007
0 0 0 0 10007
0 0 0 0 10007
0 0 0 0 10007
0 0 0 0 10007
0 0 0 0 10007
0 0 0 0 10007
0 0 0 0 10007
0 0 0 0 10007
0 0 0 0 10007
0 0 0 0 10007
0 0 0 0 10007
0 0 0 0 10007
0 0 0 0 10007
0 0 0 0 10007
0 0 0 0 10007
0 0 0 0 10007
0 0 0 0 10007
0 0 0 0 10007
0 0 0 0 10007
0 0 0 0 10007
0 0 0 0 10007
0 0 0 0 10007
0 0 0 0 10007
0 0 0 0 10007
0 0 0 0 10007
0 0 0 0 10007
0 0 0 0 10007
0 0 0 0 10007
0 0 0 0 10007
0 0 0 0 10007
0 0 0 0 10007
0 0 0 0 10007
0 0 0 0 10007
0 0 0 0 10007
0 0 0 0 10007
0 0 0 0 10007
0 0 0 0 10007
0 0 0 0 10007
0 0 0 0 10007
0 0 0 0 10007
0 0 0 0 10007
0 0 0 0 10007
0 0 0 0 10007
0 0 0 0 10007
0 0 0 0 10007
0 0 0 0 10007
0 0 0 0 10007
0 0 0 0 10007
0 0 0 0 10007
0 0 0 0 10007
0 0 0 0 10007
0 0 0 0 10007
0 0 0 0 10007
0 0 0 0 10007
0 0 0 0 10007
0 0 0 0 10007
0 0 0 0 10007
0 0 0 0 10007
0 0 0 0 10007
0 0 0 0 10007
0 0 0 0 10007
0 0 0 0 10007
0 0 0 0 10007
0 0 0 0 10007
0 0 0 0 10007
0 0 0 0 10007
0 0 0 0 10007
0 0 0 0 10007
0 0 0 0 10007
0 0 0 0 10007
0 0 0 0 10007
0 0 0 0 10007
0 0 0 0 10007
0 0 0 0 10007
0 0 0 0 10007
0 0 0 0 10007
0 128 0 0 10007
0 128 0 0 10007
0 128 0 0 10007
0 128 0 0 10007
0 128 0 0 10007
0 128 0 0 10007
0 128 0 0 10007
0 128 0 0 10007
0 128 0 0 10007
0 128 0 0 10007
0 128 0 0 10007
0 128 0 0 10007
0 128 0 0 10007
0 128 0 0 10007
0 128 0 0 10007
0 128 0 0 10007
0 128 0 0 10007
0 128 0 0 10007
0 128 0 0 10007
0 128 0 0 10007
0 128 0 0 10007
0 128 0 0 10007
0 128 0 0 10007
0 128 0 0 10007
0 128 0 0 10007
0 128 0 0 10007
0 128 0 0 10007
0 128 0 0 10007
0 128 0 0 10007
0 128 0 0 10007
0 128 0 0 10007
0 128 0 0 10007
0 128 0 0 10007
0 128 0 0 10007
0 128 0 0 10007
0 128 0 0 10007
0 128 0 0 10007
0 128 0 0 10007
0 128 0 0 10007
0 128 0 0 10007
0 128 0 0 10007
0 128 0 0 10007
0 128 0 0 10007
0 128 0 0 10007
0 128 0 0 10007
0 128 0 0 10007
0 128 0 0 10007
0 128 0 0 10007
0 128 0 0 10007
0 128 0 0 10007
0 128 0 0 10007
0 128 0 0 10007
0 128 0 0 10007
0 128 0 0 10007
0 128 0 0 10007
0 128 0 0 10007
0 128 0 0 10007
0 128 0 0 10007
0 128 0 0 10007
0 128 0 0 10007
0 128 0 0 10007
0 128 0 0 10007
0 128 0 0 10007
0 128 0 0 10007
0 128 0 0 10007
0 128 0 0 10007
0 128 0 0 10007
0 128 0 0 10007
0 128 0 0 10007
0 128 0 0 10007
0 128 0 0 10007
0 128 0 0 10007
0 128 0 0 10007
0 128 0 0 10007
0 128 0 0 10007
0 128 0 0 10007
0 128 0 0 10007
0 128 0 0 10007
0 128 0 0 10007
0 128 0 0 10007
0 128 0 0 10007
0 128 0 0 10007
0 128 0 0 10007
0 128 0 0 10007
0 128 0 0 10007
0 128 0 0 10007
0 128 0 0 10007
0 128 0 0 10007
0 128 0 0 10007
0 128 0 0 10007
0 128 0 0 10007
0 128 0 0 10007
0 128 0 0 10007
0 128 0 0 10007
0 128 0 0 10007
0 128 0 0 10007
0 128 0 0 10007
0 128 0 0 10007
0 128 0 0 10007
0 128 0 0 10007
0 128 0 0 10007
0 128 0 0 10007
0 128 0 0 10007
0 129 0 0 10007
0 130 0 0 10007
0 132 0 0 10007
0 133 0 0 10007
0 135 0 0 10007
0 138 0 0 10007
0 141 0 0 10007
0 144 0 0 10007
0 147 0 0 10007
0 151 0 0 10007
0 154 0 0 10007
0 159 0 0 10007
0 163 0 0 10007
0 168 0 0 10007
0 173 0 0 10007
0 178 0 0 10007
0 184 0 0 10007
0 189 0 0 10007
0 195 0 0 10007
0 201 0 0 10007
0 206 0 0 10007
0 212 0 0 10007
0 218 0 0 10007
0 224 0 0 10007
0 229 0 0 10007
0 234 0 0 10007
0 239 0 0 10007
0 243 0 0 10007
0 247 0 0 10007
0 250 0 0 10007
0 253 0 0 10007
0 255 0 0 10007
0 255 0 0 10007
0 255 0 0 10007
0 254 0 0 10007
0 252 0 0 10007
0 248 0 0 10007
0 243 0 0 10007
0 237 0 0 10007
0 230 0 0 10007
0 221 0 0 10007
0 211 0 0 10007
0 199 0 0 10007
0 187 0 0 10007
0 173 0 0 10007
0 159 0 0 10007
0 143 0 0 10007
0 128 0 0 10007
0 111 0 0 10007
0 95 0 0 10007
0 79 0 0 10007
0 64 0 0 10007
0 49 0 0 10007
0 36 0 0 10007
0 24 0 0 10007
0 14 0 0 10007
0 7 0 0 10007
0 2 0 0 10007
0 0 0 0 10007
0 0 0 0 10007
0 4 0 0 10007
0 11 0 0 10007
0 22 0 0 10007
0 35 0 0 10007
0 51 0 0 10007
0 69 0 0 10007
0 90 0 0 10007
0 111 0 0 10007
0 134 0 0 10007
0 157 0 0 10007
0 179 0 0 10007
0 200 0 0 10007
0 218 0 0 10007
0 233 0 0 10007
0 245 0 0 10007
0 253 0 0 10007
0 255 0 0 10007
0 253 0 0 10007
0 246 0 0 10007
0 233 0 0 10007
0 216 0 0 10007
0 195 0 0 10007
0 171 0 0 10007
0 144 0 0 10007
0 116 0 0 10007
0 89 0 0 10007
0 63 0 0 10007
0 40 0 0 10007
0 21 0 0 10007
0 8 0 0 10007
0 1 0 0 10007
0 0 0 0 10007
0 7 0 0 10007
0 21 0 0 10007
0 41 0 0 10007
0 66 0 0 10007
0 96 0 0 10007
0 127 0 0 10007
0 159 0 0 10007
0 190 0 0 10007
0 216 0 0 10007
0 237 0 0 10007
0 250 0 0 10007
0 255 0 0 10007
0 252 0 0 10007
0 239 0 0 10007
0 217 0 0 10007
0 189 0 0 10007
0 156 0 0 10007
0 120 0 0 10007
0 85 0 0 10007
0 53 0 0 10007
0 26 0 0 10007
0 8 0 0 10007
0 0 0 0 10007
0 3 0 0 10007
0 16 0 0 10007
0 40 0 0 10007
0 72 0 0 10007
0 109 0 0 10007
0 148 0 0 10007
0 186 0 0 10007
0 218 0 0 10007
0 242 0 0 10007
0 254 0 0 10007
0 254 0 0 10007
0 240 0 0 10007
0 215 0 0 10007
0 180 0 0 10007
0 140 0 0 10007
0 97 0 0 10007
0 58 0 0 10007
0 26 0 0 10007
0 6 0 0 10007
0 0 0 0 10007
0 8 0 0 10007
0 31 0 0 10007
0 66 0 0 10007
0 108 0 0 10007
0 154 0 0 10007
0 196 0 0 10007
0 230 0 0 10007
0 250 0 0 10007
0 255 0 0 10007
0 243 0 0 10007
0 215 0 0 10007
0 174 0 0 10007
0 128 0 0 10007
0 80 0 0 10007
0 39 0 0 10007
0 11 0 0 10007
0 0 0 0 10007
0 7 0 0 10007
0 33 0 0 10007
0 73 0 0 10007
0 122 0 0 10007
0 172 0 0 10007
0 215 0 0 10007
0 245 0 0 10007
0 255 0 0 10007
0 245 0 0 10007
0 216 0 0 10007
0 171 0 0 10007
0 118 0 0 10007
0 67 0 0 10007
0 26 0 0 10007
0 3 0 0 10007
0 2 0 0 10007
0 23 0 0 10007
0 64 0 0 10007
0 116 0 0 10007
0 171 0 0 10007
0 218 0 0 10007
0 248 0 0 10007
0 255 0 0 10007
0 237 0 0 10007
0 197 0 0 10007
0 144 0 0 10007
0 86 0 0 10007
0 37 0 0 10007
0 6 0 0 10007
0 1 0 0 10007
0 22 0 0 10007
0 65 0 0 10007
0 123 0 0 10007
0 181 0 0 10007
0 228 0 0 10007
0 253 0 0 10007
0 250 0 0 10007
0 219 0 0 10007
0 167 0 0 10007
0 106 0 0 10007
0 49 0 0 10007
0 11 0 0 10007
0 0 0 0 10007
0 20 0 0 10007
0 66 0 0 10007
0 127 0 0 10007
0 189 0 0 10007
0 236 0 0 10007
0 255 0 0 10007
0 242 0 0 10007
0 199 0 0 10007
0 138 0 0 10007
0 73 0 0 10007
0 23 0 0 10007
0 0 0 0 10007
0 12 0 0 10007
0 55 0 0 10007
0 118 0 0 10007
0 185 0 0 10007
0 235 0 0 10007
0 255 0 0 10007
0 239 0 0 10007
0 191 0 0 10007
0 124 0 0 10007
0 57 0 0 10007
0 12 0 0 10007
0 0 0 0 10007
0 27 0 0 10007
0 85 0 0 10007
0 156 0 0 10007
0 218 0 0 10007
0 252 0 0 10007
0 248 0 0 10007
0 205 0 0 10007
0 137 0 0 10007
0 66 0 0 10007
0 14 0 0 10007
0 0 0 0 10007
0 28 0 0 10007
0 89 0 0 10007
0 163 0 0 10007
0 226 0 0 10007
0 255 0 0 10007
0 240 0 0 10007
0 186 0 0 10007
0 111 0 0 10007
0 42 0 0 10007
0 3 0 0 10007
0 8 0 0 10007
0 57 0 0 10007
0 132 0 0 10007
0 205 0 0 10007
0 250 0 0 10007
0 249 0 0 10007
0 203 0 0 10007
0 127 0 0 10007
0 52 0 0 10007
0 6 0 0 10007
0 6 0 0 10007
0 54 0 0 10007
0 132 0 0 10007
0 207 0 0 10007
0 251 0 0 10007
0 246 0 0 10007
0 192 0 0 10007
0 111 0 0 10007
0 37 0 0 10007
0 1 0 0 10007
0 17 0 0 10007
0 80 0 0 10007
0 163 0 0 10007
0 232 0 0 10007
0 255 0 0 10007
0 224 0 0 10007
0 150 0 0 10007
0 66 0 0 10007
0 9 0 0 10007
0 5 0 0 10007
0 56 0 0 10007
0 140 0 0 10007
0 218 0 0 10007
0 255 0 0 10007
0 233 0 0 10007
0 162 0 0 10007
0 74 0 0 10007
0 12 0 0 10007
0 4 0 0 10007
0 55 0 0 10007
0 142 0 0 10007
0 221 0 0 10007
0 255 0 0 10007
0 227 0 0 10007
0 148 0 0 10007
0 60 0 0 10007
0 5 0 0 10007
0 12 0 0 10007
0 78 0 0 10007
0 169 0 0 10007
0 240 0 0 10007
0 252 0 0 10007
0 199 0 0 10007
0 109 0 0 10007
0 28 0 0 10007
0 0 0 0 10007
0 40 0 0 10007
0 127 0 0 10007
0 215 0 0 10007
0 255 0 0 10007
0 225 0 0 10007
0 141 0 0 10007
0 49 0 0 10007
0 1 0 0 10007
0 24 0 0 10007
0 106 0 0 10007
0 200 0 0 10007
0 253 0 0 10007
0 234 0 0 10007
0 152 0 0 10007
0 56 0 0 10007
0 2 0 0 10007
0 22 0 0 10007
0 104 0 0 10007
0 201 0 0 10007
0 254 0 0 10007
0 230 0 0 10007
0 144 0 0 10007
0 47 0 0 10007
0 0 0 0 10007
0 32 0 0 10007
0 124 0 0 10007
0 218 0 0 10007
0 255 0 0 10007
0 212 0 0 10007
0 114 0 0 10007
0 25 0 0 10007
0 2 0 0 10007
0 60 0 0 10007
0 163 0 0 10007
0 243 0 0 10007
0 246 0 0 10007
0 171 0 0 10007
0 66 0 0 10007
0 3 0 0 10007
0 23 0 0 10007
0 115 0 0 10007
0 215 0 0 10007
0 255 0 0 10007
0 207 0 0 10007
0 104 0 0 10007
0 16 0 0 10007
0 7 0 0 10007
0 83 0 0 10007
0 190 0 0 10007
0 253 0 0 10007
0 226 0 0 10007
0 128 0 0 10007
0 29 0 0 10007
0 2 0 0 10007
0 67 0 0 10007
0 177 0 0 10007
0 250 0 0 10007
0 232 0 0 10007
0 136 0 0 10007
0 33 0 0 10007
0 1 0 0 10007
0 66 0 0 10007
0 178 0 0 10007
0 251 0 0 10007
0 229 0 0 10007
0 128 0 0 10007
0 26 0 0 10007
0 4 0 0 10007
0 79 0 0 10007
0 193 0 0 10007
0 255 0 0 10007
0 215 0 0 10007
0 105 0 0 10007
0 13 0 0 10007
0 14 0 0 10007
0 108 0 0 10007
0 218 0 0 10007
0 254 0 0 10007
0 185 0 0 10007
0 68 0 0 10007
0 1 0 0 10007
0 40 0 0 10007
0 153 0 0 10007
0 245 0 0 10007
0 237 0 0 10007
0 135 0 0 10007
0 26 0 0 10007
0 6 0 0 10007
0 91 0 0 10007
0 208 0 0 10007
0 255 0 0 10007
0 189 0 0 10007
0 69 0 0 10007
0 0 0 0 10007
0 46 0 0 10007
0 165 0 0 10007
0 250 0 0 10007
0 224 0 0 10007
0 110 0 0 10007
0 11 0 0 10007
0 20 0 0 10007
0 128 0 0 10007
0 128 0 0 10007
0 128 0 0 10007
0 128 0 0 10007
0 128 0 0 10007
0 128 0 0 10007
0 128 0 0 10007
0 128 0 0 10007
0 128 0 0 10007
0 128 0 0 10007
0 128 0 0 10007
0 128 0 0 10007
0 128 0 0 10007
0 128 0 0 10007
0 128 0 0 10007
0 128 0 0 10007
0 128 0 0 10007
0 128 0 0 10007
0 128 0 0 10007
0 128 0 0 10007
0 128 0 0 10007
0 128 0 0 10007
0 128 0 0 10007
0 128 0 0 10007
0 128 0 0 10007
0 128 0 0 10007
0 128 0 0 10007
0 128 0 0 10007
0 128 0 0 10007
0 128 0 0 10007
0 128 0 0 10007
0 128 0 0 10007
0 128 0 0 10007
0 128 0 0 10007
0 128 0 0 10007
0 128 0 0 10007
0 128 0 0 10007
0 128 0 0 10007
0 128 0 0 10007
0 128 0 0 10007
0 128 0 0 10007
0 128 0 0 10007
0 128 0 0 10007
0 128 0 0 10007
0 128 0 0 10007
0 128 0 0 10007
0 128 0 0 10007
0 128 0 0 10007
0 128 0 0 10007
0 128 0 0 10007
0 128 0 0 10007
0 128 0 0 10007
0 128 0 0 10007
0 128 0 0 10007
0 128 0 0 10007
0 128 0 0 10007
0 128 0 0 10007
0 128 0 0 10007
0 128 0 0 10007
0 128 0 0 10007
0 128 0 0 10007
0 128 0 0 10007
0 128 0 0 10007
0 128 0 0 10007
0 128 0 0 10007
0 128 0 0 10007
0 128 0 0 10007
0 128 0 0 10007
0 128 0 0 10007
0 128 0 0 10007
0 128 0 0 10007
0 128 0 0 10007
0 128 0 0 10007
0 128 0 0 10007
0 128 0 0 10007
0 128 0 0 10007
0 128 0 0 10007
0 128 0 0 10007
0 128 0 0 10007
0 128 0 0 10007
0 128 0 0 10007
0 128 0 0 10007
0 128 0 0 10007
0 128 0 0 10007
0 128 0 0 10007
0 128 0 0 10007
0 128 0 0 10007
0 128 0 0 10007
0 128 0 0 10007
0 128 0 0 10007
0 128 0 0 10007
0 128 0 0 10007
0 128 0 0 10007
0 128 0 0 10007
0 128 0 0 10007
0 128 0 0 10007
0 128 0 0 10007
0 128 0 0 10007
0 128 0 0 10007
0 128 0 0 10007
0 128 0 0 10007
0 128 0 0 10007
0 128 0 0 10007
0 128 0 0 10007
0 129 0 0 10007
0 129 0 0 10007
0 129 0 0 10007
0 130 0 0 10007
0 130 0 0 10007
0 130 0 0 10007
0 129 0 0 10007
0 129 0 0 10007
0 128 0 0 10007
0 127 0 0 10007
0 126 0 0 10007
0 125 0 0 10007
0 124 0 0 10007
0 123 0 0 10007
0 122 0 0 10007
0 121 0 0 10007
0 121 0 0 10007
0 122 0 0 10007
0 123 0 0 10007
0 124 0 0 10007
0 126 0 0 10007
0 128 0 0 10007
0 130 0 0 10007
0 132 0 0 10007
0 134 0 0 10007
0 135 0 0 10007
0 137 0 0 10007
0 137 0 0 10007
0 138 0 0 10007
0 137 0 0 10007
0 136 0 0 10007
0 134 0 0 10007
0 132 0 0 10007
0 129 0 0 10007
0 126 0 0 10007
0 123 0 0 10007
0 120 0 0 10007
0 117 0 0 10007
0 115 0 0 10007
0 114 0 0 10007
0 113 0 0 10007
0 114 0 0 10007
0 115 0 0 10007
0 117 0 0 10007
0 120 0 0 10007
0 124 0 0 10007
0 127 0 0 10007
0 132 0 0 10007
0 136 0 0 10007
0 139 0 0 10007
0 142 0 0 10007
0 144 0 0 10007
0 145 0 0 10007
0 145 0 0 10007
0 144 0 0 10007
0 142 0 0 10007
0 139 0 0 10007
0 135 0 0 10007
0 130 0 0 10007
0 125 0 0 10007
0 120 0 0 10007
0 115 0 0 10007
0 111 0 0 10007
0 108 0 0 10007
0 106 0 0 10007
0 105 0 0 10007
0 106 0 0 10007
0 108 0 0 10007
0 112 0 0 10007
0 116 0 0 10007
0 122 0 0 10007
0 127 0 0 10007
0 134 0 0 10007
0 139 0 0 10007
0 145 0 0 10007
0 149 0 0 10007
0 152 0 0 10007
0 153 0 0 10007
0 153 0 0 10007
0 152 0 0 10007
0 148 0 0 10007
0 143 0 0 10007
0 138 0 0 10007
0 131 0 0 10007
0 124 0 0 10007
0 117 0 0 10007
0 111 0 0 10007
0 105 0 0 10007
0 101 0 0 10007
0 98 0 0 10007
0 97 0 0 10007
0 99 0 0 10007
0 102 0 0 10007
0 106 0 0 10007
0 112 0 0 10007
0 120 0 0 10007
0 127 0 0 10007
0 136 0 0 10007
0 143 0 0 10007
0 150 0 0 10007
0 156 0 0 10007
0 159 0 0 10007
0 161 0 0 10007
0 161 0 0 10007
0 159 0 0 10007
0 154 0 0 10007
0 148 0 0 10007
0 141 0 0 10007
0 132 0 0 10007
0 123 0 0 10007
0 114 0 0 10007
0 106 0 0 10007
0 99 0 0 10007
0 94 0 0 10007
0 90 0 0 10007
0 89 0 0 10007
0 91 0 0 10007
0 95 0 0 10007
0 101 0 0 10007
0 109 0 0 10007
0 118 0 0 10007
0 127 0 0 10007
0 138 0 0 10007
0 147 0 0 10007
0 156 0 0 10007
0 162 0 0 10007
0 167 0 0 10007
0 169 0 0 10007
0 169 0 0 10007
0 166 0 0 10007
0 161 0 0 10007
0 153 0 0 10007
0 144 0 0 10007
0 133 0 0 10007
0 122 0 0 10007
0 111 0 0 10007
0 101 0 0 10007
0 93 0 0 10007
0 86 0 0 10007
0 83 0 0 10007
0 82 0 0 10007
0 83 0 0 10007
0 88 0 0 10007
0 95 0 0 10007
0 105 0 0 10007
0 116 0 0 10007
0 127 0 0 10007
0 140 0 0 10007
0 151 0 0 10007
0 161 0 0 10007
0 169 0 0 10007
0 175 0 0 10007
0 177 0 0 10007
0 177 0 0 10007
0 173 0 0 10007
0 167 0 0 10007
0 158 0 0 10007
0 146 0 0 10007
0 134 0 0 10007
0 121 0 0 10007
0 108 0 0 10007
0 96 0 0 10007
0 87 0 0 10007
0 79 0 0 10007
0 75 0 0 10007
0 74 0 0 10007
0 76 0 0 10007
0 81 0 0 10007
0 90 0 0 10007
0 101 0 0 10007
0 114 0 0 10007
0 127 0 0 10007
0 142 0 0 10007
0 155 0 0 10007
0 166 0 0 10007
0 176 0 0 10007
0 182 0 0 10007
0 185 0 0 10007
0 185 0 0 10007
0 180 0 0 10007
0 173 0 0 10007
0 162 0 0 10007
0 149 0 0 10007
0 135 0 0 10007
0 120 0 0 10007
0 105 0 0 10007
0 92 0 0 10007
0 80 0 0 10007
0 72 0 0 10007
0 67 0 0 10007
0 66 0 0 10007
0 68 0 0 10007
0 75 0 0 10007
0 84 0 0 10007
0 97 0 0 10007
0 112 0 0 10007
0 127 0 0 10007
0 143 0 0 10007
0 159 0 0 10007
0 172 0 0 10007
0 183 0 0 10007
0 190 0 0 10007
0 193 0 0 10007
0 193 0 0 10007
0 188 0 0 10007
0 179 0 0 10007
0 167 0 0 10007
0 152 0 0 10007
0 136 0 0 10007
0 119 0 0 10007
0 102 0 0 10007
0 87 0 0 10007
0 74 0 0 10007
0 65 0 0 10007
0 59 0 0 10007
0 58 0 0 10007
0 61 0 0 10007
0 68 0 0 10007
0 79 0 0 10007
0 93 0 0 10007
0 110 0 0 10007
0 127 0 0 10007
0 145 0 0 10007
0 162 0 0 10007
0 177 0 0 10007
0 189 0 0 10007
0 197 0 0 10007
0 201 0 0 10007
0 200 0 0 10007
0 195 0 0 10007
0 185 0 0 10007
0 172 0 0 10007
0 155 0 0 10007
0 137 0 0 10007
0 118 0 0 10007
0 99 0 0 10007
0 82 0 0 10007
0 68 0 0 10007
0 57 0 0 10007
0 51 0 0 10007
0 50 0 0 10007
0 53 0 0 10007
0 61 0 0 10007
0 73 0 0 10007
0 89 0 0 10007
0 108 0 0 10007
0 127 0 0 10007
0 147 0 0 10007
0 166 0 0 10007
0 183 0 0 10007
0 196 0 0 10007
0 205 0 0 10007
0 209 0 0 10007
0 208 0 0 10007
0 202 0 0 10007
0 191 0 0 10007
0 176 0 0 10007
0 158 0 0 10007
0 138 0 0 10007
0 117 0 0 10007
0 96 0 0 10007
0 78 0 0 10007
0 62 0 0 10007
0 50 0 0 10007
0 43 0 0 10007
0 42 0 0 10007
0 45 0 0 10007
0 54 0 0 10007
0 68 0 0 10007
0 85 0 0 10007
0 106 0 0 10007
0 127 0 0 10007
0 149 0 0 10007
0 170 0 0 10007
0 188 0 0 10007
0 203 0 0 10007
0 213 0 0 10007
0 217 0 0 10007
0 216 0 0 10007
0 209 0 0 10007
0 198 0 0 10007
0 181 0 0 10007
0 161 0 0 10007
0 139 0 0 10007
0 116 0 0 10007
0 93 0 0 10007
0 73 0 0 10007
0 56 0 0 10007
0 43 0 0 10007
0 35 0 0 10007
0 34 0 0 10007
0 38 0 0 10007
0 48 0 0 10007
0 62 0 0 10007
0 82 0 0 10007
0 104 0 0 10007
0 127 0 0 10007
0 151 0 0 10007
0 174 0 0 10007
0 194 0 0 10007
0 210 0 0 10007
0 220 0 0 10007
0 225 0 0 10007
0 224 0 0 10007
0 217 0 0 10007
0 204 0 0 10007
0 186 0 0 10007
0 164 0 0 10007
0 140 0 0 10007
0 115 0 0 10007
0 91 0 0 10007
0 68 0 0 10007
0 50 0 0 10007
0 36 0 0 10007
0 28 0 0 10007
0 26 0 0 10007
0 30 0 0 10007
0 41 0 0 10007
0 57 0 0 10007
0 78 0 0 10007
0 102 0 0 10007
0 128 0 0 10007
0 153 0 0 10007
0 178 0 0 10007
0 199 0 0 10007
0 216 0 0 10007
0 228 0 0 10007
0 233 0 0 10007
0 232 0 0 10007
0 224 0 0 10007
0 210 0 0 10007
0 191 0 0 10007
0 167 0 0 10007
0 141 0 0 10007
0 114 0 0 10007
0 88 0 0 10007
0 64 0 0 10007
0 43 0 0 10007
0 28 0 0 10007
0 20 0 0 10007
0 18 0 0 10007
0 23 0 0 10007
0 34 0 0 10007
0 51 0 0 10007
0 74 0 0 10007
0 100 0 0 10007
0 127 0 0 10007
0 155 0 0 10007
0 182 0 0 10007
0 205 0 0 10007
0 223 0 0 10007
0 236 0 0 10007
0 241 0 0 10007
0 240 0 0 10007
0 231 0 0 10007
0 216 0 0 10007
0 195 0 0 10007
0 170 0 0 10007
0 142 0 0 10007
0 113 0 0 10007
0 85 0 0 10007
0 59 0 0 10007
0 37 0 0 10007
0 21 0 0 10007
0 12 0 0 10007
0 10 0 0 10007
0 15 0 0 10007
0 27 0 0 10007
0 46 0 0 10007
0 70 0 0 10007
0 98 0 0 10007
0 127 0 0 10007
0 157 0 0 10007
0 186 0 0 10007
0 210 0 0 10007
0 230 0 0 10007
0 243 0 0 10007
0 249 0 0 10007
0 248 0 0 10007
0 238 0 0 10007
0 222 0 0 10007
0 200 0 0 10007
0 173 0 0 10007
0 143 0 0 10007
0 112 0 0 10007
0 82 0 0 10007
0 54 0 0 10007
0 31 0 0 10007
0 14 0 0 10007
0 4 0 0 10007
0 2 0 0 10007
0 7 0 0 10007
0 21 0 0 10007
0 41 0 0 10007
0 66 0 0 10007
0 96 0 0 10007
0 128 0 0 10007
0 128 0 0 10007
0 128 0 0 10007
0 128 0 0 10007
0 128 0 0 10007
0 128 0 0 10007
0 128 0 0 10007
0 128 0 0 10007
0 128 0 0 10007
0 128 0 0 10007
0 128 0 0 10007
0 128 0 0 10007
0 128 0 0 10007
0 128 0 0 10007
0 128 0 0 10007
0 128 0 0 10007
0 128 0 0 10007
0 128 0 0 10007
0 128 0 0 10007
0 128 0 0 10007
0 128 0 0 10007
0 128 0 0 10007
0 128 0 0 10007
0 128 0 0 10007
0 128 0 0 10007
0 128 0 0 10007
0 128 0 0 10007
0 128 0 0 10007
0 128 0 0 10007
0 128 0 0 10007
0 128 0 0 10007
0 128 0 0 10007
0 128 0 0 10007
0 128 0 0 10007
0 128 0 0 10007
0 128 0 0 10007
0 128 0 0 10007
0 128 0 0 10007
0 128 0 0 10007
0 128 0 0 10007
0 128 0 0 10007
0 128 0 0 10007
0 128 0 0 10007
0 128 0 0 10007
0 128 0 0 10007
0 128 0 0 10007
0 128 0 0 10007
0 128 0 0 10007
0 128 0 0 10007
0 128 0 0 10007
0 128 0 0 10007
0 128 0 0 10007
0 128 0 0 10007
0 128 0 0 10007
0 128 0 0 10007
0 128 0 0 10007
0 128 0 0 10007
0 128 0 0 10007
0 128 0 0 10007
0 128 0 0 10007
0 128 0 0 10007
0 128 0 0 10007
0 128 0 0 10007
0 128 0 0 10007
0 128 0 0 10007
0 128 0 0 10007
0 128 0 0 10007
0 128 0 0 10007
0 128 0 0 10007
0 128 0 0 10007
0 128 0 0 10007
0 128 0 0 10007
0 128 0 0 10007
0 128 0 0 10007
0 128 0 0 10007
0 128 0 0 10007
0 128 0 0 10007
0 128 0 0 10007
0 128 0 0 10007
0 128 0 0 10007
0 128 0 0 10007
0 128 0 0 10007
0 128 0 0 10007
0 128 0 0 10007
0 128 0 0 10007
0 128 0 0 10007
0 128 0 0 10007
0 128 0 0 10007
0 128 0 0 10007
0 128 0 0 10007
0 128 0 0 10007
0 128 0 0 10007
0 128 0 0 10007
0 128 0 0 10007
0 128 0 0 10007
0 128 0 0 10007
0 128 0 0 10007
0 128 0 0 10007
0 128 0 0 10007
0 128 0 0 10007
0 0 0 0 10007
0 0 0 0 10008
0 0 0 0 10008
0 0 0 0 10008
0 0 0 0 10008
0 0 0 0 10008
0 0 0 0 10008
0 0 0 0 10008
0 0 0 0 10008
0 0 0 0 10008
0 0 0 0 10008
0 0 0 0 10008
0 0 0 0 10008
0 0 0 0 10008
0 0 0 0 10008
0 0 0 0 10008
0 0 0 0 10008
0 0 0 0 10008
0 0 0 0 10008
0 0 0 0 10008
0 0 0 0 10008
0 0 0 0 10008
0 0 0 0 10008
0 0 0 0 10008
0 0 0 0 10008
0 0 0 0 10008
0 0 0 0 10008
0 0 0 0 10008
0 0 0 0 10008
0 0 0 0 10008
0 0 0 0 10008
0 0 0 0 10008
0 0 0 0 10008
0 0 0 0 10008
0 0 0 0 10008
0 0 0 0 10008
0 0 0 0 10008
0 0 0 0 10008
0 0 0 0 10008
0 0 0 0 10008
0 0 0 0 10008
0 0 0 0 10008
0 0 0 0 10008
0 0 0 0 10008
0 0 0 0 10008
0 0 0 0 10008
0 0 0 0 10008
0 0 0 0 10008
0 0 0 0 10008
0 0 0 0 10008
0 0 0 0 10008
0 0 0 0 10008
0 0 0 0 10008
0 0 0 0 10008
0 0 0 0 10008
0 0 0 0 10008
0 0 0 0 10008
0 0 0 0 10008
0 0 0 0 10008
0 0 0 0 10008
0 0 0 0 10008
0 0 0 0 10008
0 0 0 0 10008
0 0 0 0 10008
0 0 0 0 10008
0 0 0 0 10008
0 0 0 0 10008
0 0 0 0 10008
0 0 0 0 10008
0 0 0 0 10008
0 0 0 0 10008
0 0 0 0 10008
0 0 0 0 10008
0 0 0 0 10008
0 0 0 0 10008
0 0 0 0 10008
0 0 0 0 10008
0 0 0 0 10008
0 0 0 0 10008
0 0 0 0 10008
0 0 0 0 10008
0 0 0 0 10008
0 0 0 0 10008
0 0 0 0 10008
0 0 0 0 10008
0 0 0 0 10008
0 0 0 0 10008
0 0 0 0 10008
0 0 0 0 10008
0 0 0 0 10008
0 0 0 0 10008
0 0 0 0 10008
0 0 0 0 10008
0 0 0 0 10008
0 0 0 0 10008
0 0 0 0 10008
0 0 0 0 10008
0 0 0 0 10008
0 0 0 0 10008
0 0 0 0 10008
0 0 0 0 10008
0 0 0 0 10008
0 0 0 0 10008
0 0 0 0 10008
0 0 0 0 10008
0 0 0 0 10008
0 0 0 0 10008
0 0 0 0 10008
0 0 0 0 10008
0 0 0 0 10008
0 0 0 0 10008
0 0 0 0 10008
0 0 0 0 10008
0 0 0 0 10008
0 0 0 0 10008
0 0 0 0 10008
0 0 0 0 10008
0 0 0 0 10008
0 0 0 0 10008
0 0 0 0 10008
0 0 0 0 10008
0 0 0 0 10008
0 0 0 0 10008
0 0 0 0 10008
0 0 0 0 10008
0 0 0 0 10008
0 0 0 0 10008
0 0 0 0 10008
0 0 0 0 10008
0 0 0 0 10008
0 0 0 0 10008
0 0 0 0 10008
0 0 0 0 10008
0 0 0 0 10008
0 0 0 0 10008
0 0 0 0 10008
0 0 0 0 10008
0 0 0 0 10008
0 0 0 0 10008
0 0 0 0 10008
0 0 0 0 10008
0 0 0 0 10008
0 0 0 0 10008
0 0 0 0 10008
0 0 0 0 10008
0 0 0 0 10008
0 0 0 0 10008
0 0 0 0 10008
0 0 0 0 10008
0 0 0 0 10008
0 0 0 0 10008
0 0 0 0 10008
0 0 0 0 10008
0 0 0 0 10008
0 0 0 0 10008
0 0 0 0 10008
0 0 0 0 10008
0 0 0 0 10008
0 0 0 0 10008
0 0 0 0 10008
0 0 0 0 10008
0 0 0 0 10008
0 0 0 0 10008
0 0 0 0 10008
0 0 0 0 10008
0 0 0 0 10008
0 0 0 0 10008
0 0 0 0 10008
0 0 0 0 10008
0 0 0 0 10008
0 0 0 0 10008
0 0 0 0 10008
0 0 0 0 10008
0 0 0 0 10008
0 0 0 0 10008
0 0 0 0 10008
0 0 0 0 10008
0 0 0 0 10008
0 0 0 0 10008
0 0 0 0 10008
0 0 0 0 10008
0 0 0 0 10008
0 0 0 0 10008
0 0 0 0 10008
0 0 0 0 10008
0 0 0 0 10008
0 0 0 0 10008
0 0 0 0 10008
0 0 0 0 10008
0 0 0 0 10008
0 0 0 0 10008
0 0 0 0 10008
0 0 0 0 10008
0 0 0 0 10008
0 0 0 0 10008
0 0 0 0 10008
0 0 0 0 10008
0 0 0 0 10008
0 0 0 0 10008
0 0 0 0 10008
0 255 0 0 10008
0 255 0 0 10008
0 255 0 0 10008
0 255 0 0 10008
0 255 0 0 10008
0 255 0 0 10008
0 255 0 0 10008
0 255 0 0 10008
0 255 0 0 10008
0 255 0 0 10008
0 255 0 0 10008
0 255 0 0 10008
0 255 0 0 10008
0 255 0 0 10008
0 255 0 0 10008
0 255 0 0 10008
0 255 0 0 10008
0 255 0 0 10008
0 255 0 0 10008
0 255 0 0 10008
0 255 0 0 10008
0 255 0 0 10008
0 255 0 0 10008
0 255 0 0 10008
0 255 0 0 10008
0 255 0 0 10008
0 255 0 0 10008
0 255 0 0 10008
0 255 0 0 10008
0 255 0 0 10008
0 255 0 0 10008
0 255 0 0 10008
0 255 0 0 10008
0 255 0 0 10008
0 255 0 0 10008
0 255 0 0 10008
0 255 0 0 10008
0 255 0 0 10008
0 255 0 0 10008
0 255 0 0 10008
0 255 0 0 10008
0 255 0 0 10008
0 255 0 0 10008
0 255 0 0 10008
0 255 0 0 10008
0 255 0 0 10008
0 255 0 0 10008
0 255 0 0 10008
0 255 0 0 10008
0 255 0 0 10008
0 255 0 0 10008
0 255 0 0 10008
0 255 0 0 10008
0 255 0 0 10008
0 255 0 0 10008
0 255 0 0 10008
0 255 0 0 10008
0 255 0 0 10008
0 255 0 0 10008
0 255 0 0 10008
0 255 0 0 10008
0 255 0 0 10008
0 255 0 0 10008
0 255 0 0 10008
0 255 0 0 10008
0 255 0 0 10008
0 255 0 0 10008
0 255 0 0 10008
0 255 0 0 10008
0 255 0 0 10008
0 255 0 0 10008
0 255 0 0 10008
0 255 0 0 10008
0 255 0 0 10008
0 255 0 0 10008
0 255 0 0 10008
0 255 0 0 10008
0 255 0 0 10008
0 255 0 0 10008
0 255 0 0 10008
0 255 0 0 10008
0 255 0 0 10008
0 255 0 0 10008
0 255 0 0 10008
0 255 0 0 10008
0 255 0 0 10008
0 255 0 0 10008
0 255 0 0 10008
0 255 0 0 10008
0 255 0 0 10008
0 255 0 0 10008
0 255 0 0 10008
0 255 0 0 10008
0 255 0 0 10008
0 255 0 0 10008
0 255 0 0 10008
0 255 0 0 10008
0 255 0 0 10008
0 255 0 0 10008
0 255 0 0 10008
0 255 0 0 10008
0 255 0 0 10008
0 255 0 0 10008
0 255 0 0 10008
0 255 0 0 10008
0 255 0 0 10008
0 255 0 0 10008
0 255 0 0 10008
0 255 0 0 10008
0 255 0 0 10008
0 255 0 0 10008
0 255 0 0 10008
0 255 0 0 10008
0 255 0 0 10008
0 255 0 0 10008
0 255 0 0 10008
0 255 0 0 10008
0 255 0 0 10008
0 255 0 0 10008
0 255 0 0 10008
0 255 0 0 10008
0 255 0 0 10008
0 255 0 0 10008
0 255 0 0 10008
0 255 0 0 10008
0 255 0 0 10008
0 255 0 0 10008
0 255 0 0 10008
0 255 0 0 10008
0 255 0 0 10008
0 255 0 0 10008
0 255 0 0 10008
0 255 0 0 10008
0 255 0 0 10008
0 255 0 0 10008
0 255 0 0 10008
0 255 0 0 10008
0 255 0 0 10008
0 255 0 0 10008
0 255 0 0 10008
0 255 0 0 10008
0 255 0 0 10008
0 255 0 0 10008
0 255 0 0 10008
0 255 0 0 10008
0 255 0 0 10008
0 255 0 0 10008
0 255 0 0 10008
0 255 0 0 10008
0 255 0 0 10008
0 0 0 0 10008
0 0 0 0 10008
0 0 0 0 10008
0 0 0 0 10008
0 0 0 0 10008
0 0 0 0 10008
0 0 0 0 10008
0 0 0 0 10008
0 0 0 0 10008
0 0 0 0 10008
0 0 0 0 10008
0 0 0 0 10008
0 0 0 0 10008
0 0 0 0 10008
0 0 0 0 10008
0 0 0 0 10008
0 0 0 0 10008
0 0 0 0 10008
0 0 0 0 10008
0 0 0 0 10008
0 0 0 0 10008
0 0 0 0 10008
0 0 0 0 10008
0 0 0 0 10008
0 0 0 0 10008
0 0 0 0 10008
0 0 0 0 10008
0 0 0 0 10008
0 0 0 0 10008
0 0 0 0 10008
0 0 0 0 10008
0 0 0 0 10008
0 0 0 0 10008
0 0 0 0 10008
0 0 0 0 10008
0 0 0 0 10008
0 0 0 0 10008
0 0 0 0 10008
0 0 0 0 10008
0 0 0 0 10008
0 0 0 0 10008
0 0 0 0 10008
0 0 0 0 10008
0 0 0 0 10008
0 0 0 0 10008
0 0 0 0 10008
0 0 0 0 10008
0 0 0 0 10008
0 0 0 0 10008
0 0 0 0 10008
0 0 0 0 10008
0 0 0 0 10008
0 0 0 0 10008
0 0 0 0 10008
0 0 0 0 10008
0 0 0 0 10008
0 0 0 0 10008
0 0 0 0 10008
0 0 0 0 10008
0 0 0 0 10008
0 0 0 0 10008
0 0 0 0 10008
0 0 0 0 10008
0 0 0 0 10008
0 0 0 0 10008
0 0 0 0 10008
0 0 0 0 10008
0 0 0 0 10008
0 0 0 0 10008
0 0 0 0 10008
0 0 0 0 10008
0 0 0 0 10008
0 0 0 0 10008
0 0 0 0 10008
0 0 0 0 10008
0 0 0 0 10008
0 0 0 0 10008
0 0 0 0 10008
0 0 0 0 10008
0 0 0 0 10008
0 0 0 0 10008
0 0 0 0 10008
0 0 0 0 10008
0 0 0 0 10008
0 0 0 0 10008
0 0 0 0 10008
0 0 0 0 10008
0 0 0 0 10008
0 0 0 0 10008
0 0 0 0 10008
0 0 0 0 10008
0 0 0 0 10008
0 0 0 0 10008
0 0 0 0 10008
0 0 0 0 10008
0 0 0 0 10008
0 0 0 0 10008
0 0 0 0 10008
0 0 0 0 10008
0 0 0 0 10008
0 0 0 0 10008
0 0 0 0 10008
0 0 0 0 10008
0 0 0 0 10008
0 0 0 0 10008
0 0 0 0 10008
0 0 0 0 10008
0 0 0 0 10008
0 0 0 0 10008
0 0 0 0 10008
0 0 0 0 10008
0 0 0 0 10008
0 0 0 0 10008
0 0 0 0 10008
0 0 0 0 10008
0 0 0 0 10008
0 0 0 0 10008
0 0 0 0 10008
0 0 0 0 10008
0 0 0 0 10008
0 0 0 0 10008
0 0 0 0 10008
0 0 0 0 10008
0 0 0 0 10008
0 0 0 0 10008
0 0 0 0 10008
0 0 0 0 10008
0 0 0 0 10008
0 0 0 0 10008
0 0 0 0 10008
0 0 0 0 10008
0 0 0 0 10008
0 0 0 0 10008
0 0 0 0 10008
0 0 0 0 10008
0 0 0 0 10008
0 0 0 0 10008
0 0 0 0 10008
0 0 0 0 10008
0 0 0 0 10008
0 0 0 0 10008
0 0 0 0 10008
0 0 0 0 10008
0 0 0 0 10008
0 0 0 0 10008
0 0 0 0 10008
0 0 0 0 10008
0 0 0 0 10008
0 0 0 0 10008
0 0 0 0 10008
0 128 0 0 10008
0 128 0 0 10008
0 128 0 0 10008
0 128 0 0 10008
0 128 0 0 10008
0 128 0 0 10008
0 128 0 0 10008
0 128 0 0 10008
0 128 0 0 10008
0 128 0 0 10008
0 128 0 0 10008
0 128 0 0 10008
0 128 0 0 10008
0 128 0 0 10008
0 128 0 0 10008
0 128 0 0 10008
0 128 0 0 10008
0 128 0 0 10008
0 128 0 0 10008
0 128 0 0 10008
0 128 0 0 10008
0 128 0 0 10008
0 128 0 0 10008
0 128 0 0 10008
0 128 0 0 10008
0 128 0 0 10008
0 128 0 0 10008
0 128 0 0 10008
0 128 0 0 10008
0 128 0 0 10008
0 128 0 0 10008
0 128 0 0 10008
0 128 0 0 10008
0 128 0 0 10008
0 128 0 0 10008
0 128 0 0 10008
0 128 0 0 10008
0 128 0 0 10008
0 128 0 0 10008
0 128 0 0 10008
0 128 0 0 10008
0 128 0 0 10008
0 128 0 0 10008
0 128 0 0 10008
0 128 0 0 10008
0 128 0 0 10008
0 128 0 0 10008
0 128 0 0 10008
0 128 0 0 10008
0 128 0 0 10008
0 128 0 0 10008
0 128 0 0 10008
0 128 0 0 10008
0 128 0 0 10008
0 128 0 0 10008
0 128 0 0 10008
0 128 0 0 10008
0 128 0 0 10008
0 128 0 0 10008
0 128 0 0 10008
0 128 0 0 10008
0 128 0 0 10008
0 128 0 0 10008
0 128 0 0 10008
0 128 0 0 10008
0 128 0 0 10008
0 128 0 0 10008
0 128 0 0 10008
0 128 0 0 10008
0 128 0 0 10008
0 128 0 0 10008
0 128 0 0 10008
0 128 0 0 10008
0 128 0 0 10008
0 128 0 0 10008
0 128 0 0 10008
0 128 0 0 10008
0 128 0 0 10008
0 128 0 0 10008
0 128 0 0 10008
0 128 0 0 10008
0 128 0 0 10008
0 128 0 0 10008
0 128 0 0 10008
0 128 0 0 10008
0 128 0 0 10008
0 128 0 0 10008
0 128 0 0 10008
0 128 0 0 10008
0 128 0 0 10008
0 128 0 0 10008
0 128 0 0 10008
0 128 0 0 10008
0 128 0 0 10008
0 128 0 0 10008
0 128 0 0 10008
0 128 0 0 10008
0 128 0 0 10008
0 128 0 0 10008
0 128 0 0 10008
0 128 0 0 10008
0 128 0 0 10008
0 128 0 0 10008
0 129 0 0 10008
0 130 0 0 10008
0 132 0 0 10008
0 133 0 0 10008
0 135 0 0 10008
0 138 0 0 10008
0 141 0 0 10008
0 144 0 0 10008
0 147 0 0 10008
0 151 0 0 10008
0 154 0 0 10008
0 159 0 0 10008
0 163 0 0 10008
0 168 0 0 10008
0 173 0 0 10008
0 178 0 0 10008
0 184 0 0 10008
0 189 0 0 10008
0 195 0 0 10008
0 201 0 0 10008
0 206 0 0 10008
0 212 0 0 10008
0 218 0 0 10008
0 224 0 0 10008
0 229 0 0 10008
0 234 0 0 10008
0 239 0 0 10008
0 243 0 0 10008
0 247 0 0 10008
0 250 0 0 10008
0 253 0 0 10008
0 255 0 0 10008
0 255 0 0 10008
0 255 0 0 10008
0 254 0 0 10008
0 252 0 0 10008
0 248 0 0 10008
0 243 0 0 10008
0 237 0 0 10008
0 230 0 0 10008
0 221 0 0 10008
0 211 0 0 10008
0 199 0 0 10008
0 187 0 0 10008
0 173 0 0 10008
0 159 0 0 10008
0 143 0 0 10008
0 128 0 0 10008
0 111 0 0 10008
0 95 0 0 10008
0 79 0 0 10008
0 64 0 0 10008
0 49 0 0 10008
0 36 0 0 10008
0 24 0 0 10008
0 14 0 0 10008
0 7 0 0 10008
0 2 0 0 10008
0 0 0 0 10008
0 0 0 0 10008
0 4 0 0 10008
0 11 0 0 10008
0 22 0 0 10008
0 35 0 0 10008
0 51 0 0 10008
0 69 0 0 10008
0 90 0 0 10008
0 111 0 0 10008
0 134 0 0 10008
0 157 0 0 10008
0 179 0 0 10008
0 200 0 0 10008
0 218 0 0 10008
0 233 0 0 10008
0 245 0 0 10008
0 253 0 0 10008
0 255 0 0 10008
0 253 0 0 10008
0 246 0 0 10008
0 233 0 0 10008
0 216 0 0 10008
0 195 0 0 10008
0 171 0 0 10008
0 144 0 0 10008
0 116 0 0 10008
0 89 0 0 10008
0 63 0 0 10008
0 40 0 0 10008
0 21 0 0 10008
0 8 0 0 10008
0 1 0 0 10008
0 0 0 0 10008
0 7 0 0 10008
0 21 0 0 10008
0 41 0 0 10008
0 66 0 0 10008
0 96 0 0 10008
0 127 0 0 10008
0 159 0 0 10008
0 190 0 0 10008
0 216 0 0 10008
0 237 0 0 10008
0 250 0 0 10008
0 255 0 0 10008
0 252 0 0 10008
0 239 0 0 10008
0 217 0 0 10008
0 189 0 0 10008
0 156 0 0 10008
0 120 0 0 10008
0 85 0 0 10008
0 53 0 0 10008
0 26 0 0 10008
0 8 0 0 10008
0 0 0 0 10008
0 3 0 0 10008
0 16 0 0 10008
0 40 0 0 10008
0 72 0 0 10008
0 109 0 0 10008
0 148 0 0 10008
0 186 0 0 10008
0 218 0 0 10008
0 242 0 0 10008
0 254 0 0 10008
0 254 0 0 10008
0 240 0 0 10008
0 215 0 0 10008
0 180 0 0 10008
0 140 0 0 10008
0 97 0 0 10008
0 58 0 0 10008
0 26 0 0 10008
0 6 0 0 10008
0 0 0 0 10008
0 8 0 0 10008
0 31 0 0 10008
0 66 0 0 10008
0 108 0 0 10008
0 154 0 0 10008
0 196 0 0 10008
0 230 0 0 10008
0 250 0 0 10008
0 255 0 0 10008
0 243 0 0 10008
0 215 0 0 10008
0 174 0 0 10008
0 128 0 0 10008
0 80 0 0 10008
0 39 0 0 10008
0 11 0 0 10008
0 0 0 0 10008
0 7 0 0 10008
0 33 0 0 10008
0 73 0 0 10008
0 122 0 0 10008
0 172 0 0 10008
0 215 0 0 10008
0 245 0 0 10008
0 255 0 0 10008
0 245 0 0 10008
0 216 0 0 10008
0 171 0 0 10008
0 118 0 0 10008
0 67 0 0 10008
0 26 0 0 10008
0 3 0 0 10008
0 2 0 0 10008
0 23 0 0 10008
0 64 0 0 10008
0 116 0 0 10008
0 171 0 0 10008
0 218 0 0 10008
0 248 0 0 10008
0 255 0 0 10008
0 237 0 0 10008
0 197 0 0 10008
0 144 0 0 10008
0 86 0 0 10008
0 37 0 0 10008
0 6 0 0 10008
0 1 0 0 10008
0 22 0 0 10008
0 65 0 0 10008
0 123 0 0 10008
0 181 0 0 10008
0 228 0 0 10008
0 253 0 0 10008
0 250 0 0 10008
0 219 0 0 10008
0 167 0 0 10008
0 106 0 0 10008
0 49 0 0 10008
0 11 0 0 10008
0 0 0 0 10008
0 20 0 0 10008
0 66 0 0 10008
0 127 0 0 10008
0 189 0 0 10008
0 236 0 0 10008
0 255 0 0 10008
0 242 0 0 10008
0 199 0 0 10008
0 138 0 0 10008
0 73 0 0 10008
0 23 0 0 10008
0 0 0 0 10008
0 12 0 0 10008
0 55 0 0 10008
0 118 0 0 10008
0 185 0 0 10008
0 235 0 0 10008
0 255 0 0 10008
0 239 0 0 10008
0 191 0 0 10008
0 124 0 0 10008
0 57 0 0 10008
0 12 0 0 10008
0 0 0 0 10008
0 27 0 0 10008
0 85 0 0 10008
0 156 0 0 10008
0 218 0 0 10008
0 252 0 0 10008
0 248 0 0 10008
0 205 0 0 10008
0 137 0 0 10008
0 66 0 0 10008
0 14 0 0 10008
0 0 0 0 10008
0 28 0 0 10008
0 89 0 0 10008
0 163 0 0 10008
0 226 0 0 10008
0 255 0 0 10008
0 240 0 0 10008
0 186 0 0 10008
0 111 0 0 10008
0 42 0 0 10008
0 3 0 0 10008
0 8 0 0 10008
0 57 0 0 10008
0 132 0 0 10008
0 205 0 0 10008
0 250 0 0 10008
0 249 0 0 10008
0 203 0 0 10008
0 127 0 0 10008
0 52 0 0 10008
0 6 0 0 10008
0 6 0 0 10008
0 54 0 0 10008
0 132 0 0 10008
0 207 0 0 10008
0 251 0 0 10008
0 246 0 0 10008
0 192 0 0 10008
0 111 0 0 10008
0 37 0 0 10008
0 1 0 0 10008
0 17 0 0 10008
0 80 0 0 10008
0 163 0 0 10008
0 232 0 0 10008
0 255 0 0 10008
0 224 0 0 10008
0 150 0 0 10008
0 66 0 0 10008
0 9 0 0 10008
0 5 0 0 10008
0 56 0 0 10008
0 140 0 0 10008
0 218 0 0 10008
0 255 0 0 10008
0 233 0 0 10008
0 162 0 0 10008
0 74 0 0 10008
0 12 0 0 10008
0 4 0 0 10008
0 55 0 0 10008
0 142 0 0 10008
0 221 0 0 10008
0 255 0 0 10008
0 227 0 0 10008
0 148 0 0 10008
0 60 0 0 10008
0 5 0 0 10008
0 12 0 0 10008
0 78 0 0 10008
0 169 0 0 10008
0 240 0 0 10008
0 252 0 0 10008
0 199 0 0 10008
0 109 0 0 10008
0 28 0 0 10008
0 0 0 0 10008
0 40 0 0 10008
0 127 0 0 10008
0 215 0 0 10008
0 255 0 0 10008
0 225 0 0 10008
0 141 0 0 10008
0 49 0 0 10008
0 1 0 0 10008
0 24 0 0 10008
0 106 0 0 10008
0 200 0 0 10008
0 253 0 0 10008
0 234 0 0 10008
0 152 0 0 10008
0 56 0 0 10008
0 2 0 0 10008
0 22 0 0 10008
0 104 0 0 10008
0 201 0 0 10008
0 254 0 0 10008
0 230 0 0 10008
0 144 0 0 10008
0 47 0 0 10008
0 0 0 0 10008
0 32 0 0 10008
0 124 0 0 10008
0 218 0 0 10008
0 255 0 0 10008
0 212 0 0 10008
0 114 0 0 10008
0 25 0 0 10008
0 2 0 0 10008
0 60 0 0 10008
0 163 0 0 10008
0 243 0 0 10008
0 246 0 0 10008
0 171 0 0 10008
0 66 0 0 10008
0 3 0 0 10008
0 23 0 0 10008
0 115 0 0 10008
0 215 0 0 10008
0 255 0 0 10008
0 207 0 0 10008
0 104 0 0 10008
0 16 0 0 10008
0 7 0 0 10008
0 83 0 0 10008
0 190 0 0 10008
0 253 0 0 10008
0 226 0 0 10008
0 128 0 0 10008
0 29 0 0 10008
0 2 0 0 10008
0 67 0 0 10008
0 177 0 0 10008
0 250 0 0 10008
0 232 0 0 10008
0 136 0 0 10008
0 33 0 0 10008
0 1 0 0 10008
0 66 0 0 10008
0 178 0 0 10008
0 251 0 0 10008
0 229 0 0 10008
0 128 0 0 10008
0 26 0 0 10008
0 4 0 0 10008
0 79 0 0 10008
0 193 0 0 10008
0 255 0 0 10008
0 215 0 0 10008
0 105 0 0 10008
0 13 0 0 10008
0 14 0 0 10008
0 108 0 0 10008
0 218 0 0 10008
0 254 0 0 10008
0 185 0 0 10008
0 68 0 0 10008
0 1 0 0 10008
0 40 0 0 10008
0 153 0 0 10008
0 245 0 0 10008
0 237 0 0 10008
0 135 0 0 10008
0 26 0 0 10008
0 6 0 0 10008
0 91 0 0 10008
0 208 0 0 10008
0 255 0 0 10008
0 189 0 0 10008
0 69 0 0 10008
0 0 0 0 10008
0 46 0 0 10008
0 165 0 0 10008
0 250 0 0 10008
0 224 0 0 10008
0 110 0 0 10008
0 11 0 0 10008
0 20 0 0 10008
0 128 0 0 10008
0 128 0 0 10008
0 128 0 0 10008
0 128 0 0 10008
0 128 0 0 10008
0 128 0 0 10008
0 128 0 0 10008
0 128 0 0 10008
0 128 0 0 10008
0 128 0 0 10008
0 128 0 0 10008
0 128 0 0 10008
0 128 0 0 10008
0 128 0 0 10008
0 128 0 0 10008
0 128 0 0 10008
0 128 0 0 10008
0 128 0 0 10008
0 128 0 0 10008
0 128 0 0 10008
0 128 0 0 10008
0 128 0 0 10008
0 128 0 0 10008
0 128 0 0 10008
0 128 0 0 10008
0 128 0 0 10008
0 128 0 0 10008
0 128 0 0 10008
0 128 0 0 10008
0 128 0 0 10008
0 128 0 0 10008
0 128 0 0 10008
0 128 0 0 10008
0 128 0 0 10008
0 128 0 0 10008
0 128 0 0 10008
0 128 0 0 10008
0 128 0 0 10008
0 128 0 0 10008
0 128 0 0 10008
0 128 0 0 10008
0 128 0 0 10008
0 128 0 0 10008
0 128 0 0 10008
0 128 0 0 10008
0 128 0 0 10008
0 128 0 0 10008
0 128 0 0 10008
0 128 0 0 10008
0 128 0 0 10008
0 128 0 0 10008
0 128 0 0 10008
0 128 0 0 10008
0 128 0 0 10008
0 128 0 0 10008
0 128 0 0 10008
0 128 0 0 10008
0 128 0 0 10008
0 128 0 0 10008
0 128 0 0 10008
0 128 0 0 10008
0 128 0 0 10008
0 128 0 0 10008
0 128 0 0 10008
0 128 0 0 10008
0 128 0 0 10008
0 128 0 0 10008
0 128 0 0 10008
0 128 0 0 10008
0 128 0 0 10008
0 128 0 0 10008
0 128 0 0 10008
0 128 0 0 10008
0 128 0 0 10008
0 128 0 0 10008
0 128 0 0 10008
0 128 0 0 10008
0 128 0 0 10008
0 128 0 0 10008
0 128 0 0 10008
0 128 0 0 10008
0 128 0 0 10008
0 128 0 0 10008
0 128 0 0 10008
0 128 0 0 10008
0 128 0 0 10008
0 128 0 0 10008
0 128 0 0 10008
0 128 0 0 10008
0 128 0 0 10008
0 128 0 0 10008
0 128 0 0 10008
0 128 0 0 10008
0 128 0 0 10008
0 128 0 0 10008
0 128 0 0 10008
0 128 0 0 10008
0 128 0 0 10008
0 128 0 0 10008
0 128 0 0 10008
0 128 0 0 10008
0 128 0 0 10008
0 128 0 0 10008
0 128 0 0 10008
0 129 0 0 10008
0 129 0 0 10008
0 129 0 0 10008
0 130 0 0 10008
0 130 0 0 10008
0 130 0 0 10008
0 129 0 0 10008
0 129 0 0 10008
0 128 0 0 10008
0 127 0 0 10008
0 126 0 0 10008
0 125 0 0 10008
0 124 0 0 10008
0 123 0 0 10008
0 122 0 0 10008
0 121 0 0 10008
0 121 0 0 10008
0 122 0 0 10008
0 123 0 0 10008
0 124 0 0 10008
0 126 0 0 10008
0 128 0 0 10008
0 130 0 0 10008
0 132 0 0 10008
0 134 0 0 10008
0 135 0 0 10008
0 137 0 0 10008
0 137 0 0 10008
0 138 0 0 10008
0 137 0 0 10008
0 136 0 0 10008
0 134 0 0 10008
0 132 0 0 10008
0 129 0 0 10008
0 126 0 0 10008
0 123 0 0 10008
0 120 0 0 10008
0 117 0 0 10008
0 115 0 0 10008
0 114 0 0 10008
0 113 0 0 10008
0 114 0 0 10008
0 115 0 0 10008
0 117 0 0 10008
0 120 0 0 10008
0 124 0 0 10008
0 127 0 0 10008
0 132 0 0 10008
0 136 0 0 10008
0 139 0 0 10008
0 142 0 0 10008
0 144 0 0 10008
0 145 0 0 10008
0 145 0 0 10008
0 144 0 0 10008
0 142 0 0 10008
0 139 0 0 10008
0 135 0 0 10008
0 130 0 0 10008
0 125 0 0 10008
0 120 0 0 10008
0 115 0 0 10008
0 111 0 0 10008
0 108 0 0 10008
0 106 0 0 10008
0 105 0 0 10008
0 106 0 0 10008
0 108 0 0 10008
0 112 0 0 10008
0 116 0 0 10008
0 122 0 0 10008
0 127 0 0 10008
0 134 0 0 10008
0 139 0 0 10008
0 145 0 0 10008
0 149 0 0 10008
0 152 0 0 10008
0 153 0 0 10008
0 153 0 0 10008
0 152 0 0 10008
0 148 0 0 10008
0 143 0 0 10008
0 138 0 0 10008
0 131 0 0 10008
0 124 0 0 10008
0 117 0 0 10008
0 111 0 0 10008
0 105 0 0 10008
0 101 0 0 10008
0 98 0 0 10008
0 97 0 0 10008
0 99 0 0 10008
0 102 0 0 10008
0 106 0 0 10008
0 112 0 0 10008
0 120 0 0 10008
0 127 0 0 10008
0 136 0 0 10008
0 143 0 0 10008
0 150 0 0 10008
0 156 0 0 10008
0 159 0 0 10008
0 161 0 0 10008
0 161 0 0 10008
0 159 0 0 10008
0 154 0 0 10008
0 148 0 0 10008
0 141 0 0 10008
0 132 0 0 10008
0 123 0 0 10008
0 114 0 0 10008
0 106 0 0 10008
0 99 0 0 10008
0 94 0 0 10008
0 90 0 0 10008
0 89 0 0 10008
0 91 0 0 10008
0 95 0 0 10008
0 101 0 0 10008
0 109 0 0 10008
0 118 0 0 10008
0 127 0 0 10008
0 138 0 0 10008
0 147 0 0 10008
0 156 0 0 10008
0 162 0 0 10008
0 167 0 0 10008
0 169 0 0 10008
0 169 0 0 10008
0 166 0 0 10008
0 161 0 0 10008
0 153 0 0 10008
0 144 0 0 10008
0 133 0 0 10008
0 122 0 0 10008
0 111 0 0 10008
0 101 0 0 10008
0 93 0 0 10008
0 86 0 0 10008
0 83 0 0 10008
0 82 0 0 10008
0 83 0 0 10008
0 88 0 0 10008
0 95 0 0 10008
0 105 0 0 10008
0 116 0 0 10008
0 127 0 0 10008
0 140 0 0 10008
0 151 0 0 10008
0 161 0 0 10008
0 169 0 0 10008
0 175 0 0 10008
0 177 0 0 10008
0 177 0 0 10008
0 173 0 0 10008
0 167 0 0 10008
0 158 0 0 10008
0 146 0 0 10008
0 134 0 0 10008
0 121 0 0 10008
0 108 0 0 10008
0 96 0 0 10008
0 87 0 0 10008
0 79 0 0 10008
0 75 0 0 10008
0 74 0 0 10008
0 76 0 0 10008
0 81 0 0 10008
0 90 0 0 10008
0 101 0 0 10008
0 114 0 0 10008
0 127 0 0 10008
0 142 0 0 10008
0 155 0 0 10008
0 166 0 0 10008
0 176 0 0 10008
0 182 0 0 10008
0 185 0 0 10008
0 185 0 0 10008
0 180 0 0 10008
0 173 0 0 10008
0 162 0 0 10008
0 149 0 0 10008
0 135 0 0 10008
0 120 0 0 10008
0 105 0 0 10008
0 92 0 0 10008
0 80 0 0 10008
0 72 0 0 10008
0 67 0 0 10008
0 66 0 0 10008
0 68 0 0 10008
0 75 0 0 10008
0 84 0 0 10008
0 97 0 0 10008
0 112 0 0 10008
0 127 0 0 10008
0 143 0 0 10008
0 159 0 0 10008
0 172 0 0 10008
0 183 0 0 10008
0 190 0 0 10008
0 193 0 0 10008
0 193 0 0 10008
0 188 0 0 10008
0 179 0 0 10008
0 167 0 0 10008
0 152 0 0 10008
0 136 0 0 10008
0 119 0 0 10008
0 102 0 0 10008
0 87 0 0 10008
0 74 0 0 10008
0 65 0 0 10008
0 59 0 0 10008
0 58 0 0 10008
0 61 0 0 10008
0 68 0 0 10008
0 79 0 0 10008
0 93 0 0 10008
0 110 0 0 10008
0 127 0 0 10008
0 145 0 0 10008
0 162 0 0 10008
0 177 0 0 10008
0 189 0 0 10008
0 197 0 0 10008
0 201 0 0 10008
0 200 0 0 10008
0 195 0 0 10008
0 185 0 0 10008
0 172 0 0 10008
0 155 0 0 10008
0 137 0 0 10008
0 118 0 0 10008
0 99 0 0 10008
0 82 0 0 10008
0 68 0 0 10008
0 57 0 0 10008
0 51 0 0 10008
0 50 0 0 10008
0 53 0 0 10008
0 61 0 0 10008
0 73 0 0 10008
0 89 0 0 10008
0 108 0 0 10008
0 127 0 0 10008
0 147 0 0 10008
0 166 0 0 10008
0 183 0 0 10008
0 196 0 0 10008
0 205 0 0 10008
0 209 0 0 10008
0 208 0 0 10008
0 202 0 0 10008
0 191 0 0 10008
0 176 0 0 10008
0 158 0 0 10008
0 138 0 0 10008
0 117 0 0 10008
0 96 0 0 10008
0 78 0 0 10008
0 62 0 0 10008
0 50 0 0 10008
0 43 0 0 10008
0 42 0 0 10008
0 45 0 0 10008
0 54 0 0 10008
0 68 0 0 10008
0 85 0 0 10008
0 106 0 0 10008
0 127 0 0 10008
0 149 0 0 10008
0 170 0 0 10008
0 188 0 0 10008
0 203 0 0 10008
0 213 0 0 10008
0 217 0 0 10008
0 216 0 0 10008
0 209 0 0 10008
0 198 0 0 10008
0 181 0 0 10008
0 161 0 0 10008
0 139 0 0 10008
0 116 0 0 10008
0 93 0 0 10008
0 73 0 0 10008
0 56 0 0 10008
0 43 0 0 10008
0 35 0 0 10008
0 34 0 0 10008
0 38 0 0 10008
0 48 0 0 10008
0 62 0 0 10008
0 82 0 0 10008
0 104 0 0 10008
0 127 0 0 10008
0 151 0 0 10008
0 174 0 0 10008
0 194 0 0 10008
0 210 0 0 10008
0 220 0 0 10008
0 225 0 0 10008
0 224 0 0 10008
0 217 0 0 10008
0 204 0 0 10008
0 186 0 0 10008
0 164 0 0 10008
0 140 0 0 10008
0 115 0 0 10008
0 91 0 0 10008
0 68 0 0 10008
0 50 0 0 10008
0 36 0 0 10008
0 28 0 0 10008
0 26 0 0 10008
0 30 0 0 10008
0 41 0 0 10008
0 57 0 0 10008
0 78 0 0 10008
0 102 0 0 10008
0 128 0 0 10008
0 153 0 0 10008
0 178 0 0 10008
0 199 0 0 10008
0 216 0 0 10008
0 228 0 0 10008
0 233 0 0 10008
0 232 0 0 10008
0 224 0 0 10008
0 210 0 0 10008
0 191 0 0 10008
0 167 0 0 10008
0 141 0 0 10008
0 114 0 0 10008
0 88 0 0 10008
0 64 0 0 10008
0 43 0 0 10008
0 28 0 0 10008
0 20 0 0 10008
0 18 0 0 10008
0 23 0 0 10008
0 34 0 0 10008
0 51 0 0 10008
0 74 0 0 10008
0 100 0 0 10008
0 127 0 0 10008
0 155 0 0 10008
0 182 0 0 10008
0 205 0 0 10008
0 223 0 0 10008
0 236 0 0 10008
0 241 0 0 10008
0 240 0 0 10008
0 231 0 0 10008
0 216 0 0 10008
0 195 0 0 10008
0 170 0 0 10008
0 142 0 0 10008
0 113 0 0 10008
0 85 0 0 10008
0 59 0 0 10008
0 37 0 0 10008
0 21 0 0 10008
0 12 0 0 10008
0 10 0 0 10008
0 15 0 0 10008
0 27 0 0 10008
0 46 0 0 10008
0 70 0 0 10008
0 98 0 0 10008
0 127 0 0 10008
0 157 0 0 10008
0 186 0 0 10008
0 210 0 0 10008
0 230 0 0 10008
0 243 0 0 10008
0 249 0 0 10008
0 248 0 0 10008
0 238 0 0 10008
0 222 0 0 10008
0 200 0 0 10008
0 173 0 0 10008
0 143 0 0 10008
0 112 0 0 10008
0 82 0 0 10008
0 54 0 0 10008
0 31 0 0 10008
0 14 0 0 10008
0 4 0 0 10008
0 2 0 0 10008
0 7 0 0 10008
0 21 0 0 10008
0 41 0 0 10008
0 66 0 0 10008
0 96 0 0 10008
0 128 0 0 10008
0 128 0 0 10008
0 128 0 0 10008
0 128 0 0 10008
0 128 0 0 10008
0 128 0 0 10008
0 128 0 0 10008
0 128 0 0 10008
0 128 0 0 10008
0 128 0 0 10008
0 128 0 0 10008
0 128 0 0 10008
0 128 0 0 10008
0 128 0 0 10008
0 128 0 0 10008
0 128 0 0 10008
0 128 0 0 10008
0 128 0 0 10008
0 128 0 0 10008
0 128 0 0 10008
0 128 0 0 10008
0 128 0 0 10008
0 128 0 0 10008
0 128 0 0 10008
0 128 0 0 10008
0 128 0 0 10008
0 128 0 0 10008
0 128 0 0 10008
0 128 0 0 10008
0 128 0 0 10008
0 128 0 0 10008
0 128 0 0 10008
0 128 0 0 10008
0 128 0 0 10008
0 128 0 0 10008
0 128 0 0 10008
0 128 0 0 10008
0 128 0 0 10008
0 128 0 0 10008
0 128 0 0 10008
0 128 0 0 10008
0 128 0 0 10008
0 128 0 0 10008
0 128 0 0 10008
0 128 0 0 10008
0 128 0 0 10008
0 128 0 0 10008
0 128 0 0 10008
0 128 0 0 10008
0 128 0 0 10008
0 128 0 0 10008
0 128 0 0 10008
0 128 0 0 10008
0 128 0 0 10008
0 128 0 0 10008
0 128 0 0 10008
0 128 0 0 10008
0 128 0 0 10008
0 128 0 0 10008
0 128 0 0 10008
0 128 0 0 10008
0 128 0 0 10008
0 128 0 0 10008
0 128 0 0 10008
0 128 0 0 10008
0 128 0 0 10008
0 128 0 0 10008
0 128 0 0 10008
0 128 0 0 10008
0 128 0 0 10008
0 128 0 0 10008
0 128 0 0 10008
0 128 0 0 10008
0 128 0 0 10008
0 128 0 0 10008
0 128 0 0 10008
0 128 0 0 10008
0 128 0 0 10008
0 128 0 0 10008
0 128 0 0 10008
0 128 0 0 10008
0 128 0 0 10008
0 128 0 0 10008
0 128 0 0 10008
0 128 0 0 10008
0 128 0 0 10008
0 128 0 0 10008
0 128 0 0 10008
0 128 0 0 10008
0 128 0 0 10008
0 128 0 0 10008
0 128 0 0 10008
0 128 0 0 10008
0 128 0 0 10008
0 128 0 0 10008
0 128 0 0 10008
0 128 0 0 10008
0 128 0 0 10008
0 128 0 0 10008
0 128 0 0 10008
0 0 0 0 10008
0 0 0 0 10009
0 0 0 0 10009
0 0 0 0 10009
0 0 0 0 10009
0 0 0 0 10009
0 0 0 0 10009
0 0 0 0 10009
0 0 0 0 10009
0 0 0 0 10009
0 0 0 0 10009
0 0 0 0 10009
0 0 0 0 10009
0 0 0 0 10009
0 0 0 0 10009
0 0 0 0 10009
0 0 0 0 10009
0 0 0 0 10009
0 0 0 0 10009
0 0 0 0 10009
0 0 0 0 10009
0 0 0 0 10009
0 0 0 0 10009
0 0 0 0 10009
0 0 0 0 10009
0 0 0 0 10009
0 0 0 0 10009
0 0 0 0 10009
0 0 0 0 10009
0 0 0 0 10009
0 0 0 0 10009
0 0 0 0 10009
0 0 0 0 10009
0 0 0 0 10009
0 0 0 0 10009
0 0 0 0 10009
0 0 0 0 10009
0 0 0 0 10009
0 0 0 0 10009
0 0 0 0 10009
0 0 0 0 10009
0 0 0 0 10009
0 0 0 0 10009
0 0 0 0 10009
0 0 0 0 10009
0 0 0 0 10009
0 0 0 0 10009
0 0 0 0 10009
0 0 0 0 10009
0 0 0 0 10009
0 0 0 0 10009
0 0 0 0 10009
0 0 0 0 10009
0 0 0 0 10009
0 0 0 0 10009
0 0 0 0 10009
0 0 0 0 10009
0 0 0 0 10009
0 0 0 0 10009
0 0 0 0 10009
0 0 0 0 10009
0 0 0 0 10009
0 0 0 0 10009
0 0 0 0 10009
0 0 0 0 10009
0 0 0 0 10009
0 0 0 0 10009
0 0 0 0 10009
0 0 0 0 10009
0 0 0 0 10009
0 0 0 0 10009
0 0 0 0 10009
0 0 0 0 10009
0 0 0 0 10009
0 0 0 0 10009
0 0 0 0 10009
0 0 0 0 10009
0 0 0 0 10009
0 0 0 0 10009
0 0 0 0 10009
0 0 0 0 10009
0 0 0 0 10009
0 0 0 0 10009
0 0 0 0 10009
0 0 0 0 10009
0 0 0 0 10009
0 0 0 0 10009
0 0 0 0 10009
0 0 0 0 10009
0 0 0 0 10009
0 0 0 0 10009
0 0 0 0 10009
0 0 0 0 10009
0 0 0 0 10009
0 0 0 0 10009
0 0 0 0 10009
0 0 0 0 10009
0 0 0 0 10009
0 0 0 0 10009
0 0 0 0 10009
0 0 0 0 10009
0 0 0 0 10009
0 0 0 0 10009
0 0 0 0 10009
0 0 0 0 10009
0 0 0 0 10009
0 0 0 0 10009
0 0 0 0 10009
0 0 0 0 10009
0 0 0 0 10009
0 0 0 0 10009
0 0 0 0 10009
0 0 0 0 10009
0 0 0 0 10009
0 0 0 0 10009
0 0 0 0 10009
0 0 0 0 10009
0 0 0 0 10009
0 0 0 0 10009
0 0 0 0 10009
0 0 0 0 10009
0 0 0 0 10009
0 0 0 0 10009
0 0 0 0 10009
0 0 0 0 10009
0 0 0 0 10009
0 0 0 0 10009
0 0 0 0 10009
0 0 0 0 10009
0 0 0 0 10009
0 0 0 0 10009
0 0 0 0 10009
0 0 0 0 10009
0 0 0 0 10009
0 0 0 0 10009
0 0 0 0 10009
0 0 0 0 10009
0 0 0 0 10009
0 0 0 0 10009
0 0 0 0 10009
0 0 0 0 10009
0 0 0 0 10009
0 0 0 0 10009
0 0 0 0 10009
0 0 0 0 10009
0 0 0 0 10009
0 0 0 0 10009
0 0 0 0 10009
0 0 0 0 10009
0 0 0 0 10009
0 0 0 0 10009
0 0 0 0 10009
0 0 0 0 10009
0 0 0 0 10009
0 0 0 0 10009
0 0 0 0 10009
0 0 0 0 10009
0 0 0 0 10009
0 0 0 0 10009
0 0 0 0 10009
0 0 0 0 10009
0 0 0 0 10009
0 0 0 0 10009
0 0 0 0 10009
0 0 0 0 10009
0 0 0 0 10009
0 0 0 0 10009
0 0 0 0 10009
0 0 0 0 10009
0 0 0 0 10009
0 0 0 0 10009
0 0 0 0 10009
0 0 0 0 10009
0 0 0 0 10009
0 0 0 0 10009
0 0 0 0 10009
0 0 0 0 10009
0 0 0 0 10009
0 0 0 0 10009
0 0 0 0 10009
0 0 0 0 10009
0 0 0 0 10009
0 0 0 0 10009
0 0 0 0 10009
0 0 0 0 10009
0 0 0 0 10009
0 0 0 0 10009
0 0 0 0 10009
0 0 0 0 10009
0 0 0 0 10009
0 0 0 0 10009
0 0 0 0 10009
0 0 0 0 10009
0 0 0 0 10009
0 0 0 0 10009
0 0 0 0 10009
0 0 0 0 10009
0 0 0 0 10009
0 0 0 0 10009
0 0 0 0 10009
0 255 0 0 10009
0 255 0 0 10009
0 255 0 0 10009
0 255 0 0 10009
0 255 0 0 10009
0 255 0 0 10009
0 255 0 0 10009
0 255 0 0 10009
0 255 0 0 10009
0 255 0 0 10009
0 255 0 0 10009
0 255 0 0 10009
0 255 0 0 10009
0 255 0 0 10009
0 255 0 0 10009
0 255 0 0 10009
0 255 0 0 10009
0 255 0 0 10009
0 255 0 0 10009
0 255 0 0 10009
0 255 0 0 10009
0 255 0 0 10009
0 255 0 0 10009
0 255 0 0 10009
0 255 0 0 10009
0 255 0 0 10009
0 255 0 0 10009
0 255 0 0 10009
0 255 0 0 10009
0 255 0 0 10009
0 255 0 0 10009
0 255 0 0 10009
0 255 0 0 10009
0 255 0 0 10009
0 255 0 0 10009
0 255 0 0 10009
0 255 0 0 10009
0 255 0 0 10009
0 255 0 0 10009
0 255 0 0 10009
0 255 0 0 10009
0 255 0 0 10009
0 255 0 0 10009
0 255 0 0 10009
0 255 0 0 10009
0 255 0 0 10009
0 255 0 0 10009
0 255 0 0 10009
0 255 0 0 10009
0 255 0 0 10009
0 255 0 0 10009
0 255 0 0 10009
0 255 0 0 10009
0 255 0 0 10009
0 255 0 0 10009
0 255 0 0 10009
0 255 0 0 10009
0 255 0 0 10009
0 255 0 0 10009
0 255 0 0 10009
0 255 0 0 10009
0 255 0 0 10009
0 255 0 0 10009
0 255 0 0 10009
0 255 0 0 10009
0 255 0 0 10009
0 255 0 0 10009
0 255 0 0 10009
0 255 0 0 10009
0 255 0 0 10009
0 255 0 0 10009
0 255 0 0 10009
0 255 0 0 10009
0 255 0 0 10009
0 255 0 0 10009
0 255 0 0 10009
0 255 0 0 10009
0 255 0 0 10009
0 255 0 0 10009
0 255 0 0 10009
0 255 0 0 10009
0 255 0 0 10009
0 255 0 0 10009
0 255 0 0 10009
0 255 0 0 10009
0 255 0 0 10009
0 255 0 0 10009
0 255 0 0 10009
0 255 0 0 10009
0 255 0 0 10009
0 255 0 0 10009
0 255 0 0 10009
0 255 0 0 10009
0 255 0 0 10009
0 255 0 0 10009
0 255 0 0 10009
0 255 0 0 10009
0 255 0 0 10009
0 255 0 0 10009
0 255 0 0 10009
0 255 0 0 10009
0 255 0 0 10009
0 255 0 0 10009
0 255 0 0 10009
0 255 0 0 10009
0 255 0 0 10009
0 255 0 0 10009
0 255 0 0 10009
0 255 0 0 10009
0 255 0 0 10009
0 255 0 0 10009
0 255 0 0 10009
0 255 0 0 10009
0 255 0 0 10009
0 255 0 0 10009
0 255 0 0 10009
0 255 0 0 10009
0 255 0 0 10009
0 255 0 0 10009
0 255 0 0 10009
0 255 0 0 10009
0 255 0 0 10009
0 255 0 0 10009
0 255 0 0 10009
0 255 0 0 10009
0 255 0 0 10009
0 255 0 0 10009
0 255 0 0 10009
0 255 0 0 10009
0 255 0 0 10009
0 255 0 0 10009
0 255 0 0 10009
0 255 0 0 10009
0 255 0 0 10009
0 255 0 0 10009
0 255 0 0 10009
0 255 0 0 10009
0 255 0 0 10009
0 255 0 0 10009
0 255 0 0 10009
0 255 0 0 10009
0 255 0 0 10009
0 255 0 0 10009
0 255 0 0 10009
0 255 0 0 10009
0 255 0 0 10009
0 255 0 0 10009
0 255 0 0 10009
0 255 0 0 10009
0 255 0 0 10009
0 0 0 0 10009
0 0 0 0 10009
0 0 0 0 10009
0 0 0 0 10009
0 0 0 0 10009
0 0 0 0 10009
0 0 0 0 10009
0 0 0 0 10009
0 0 0 0 10009
0 0 0 0 10009
0 0 0 0 10009
0 0 0 0 10009
0 0 0 0 10009
0 0 0 0 10009
0 0 0 0 10009
0 0 0 0 10009
0 0 0 0 10009
0 0 0 0 10009
0 0 0 0 10009
0 0 0 0 10009
0 0 0 0 10009
0 0 0 0 10009
0 0 0 0 10009
0 0 0 0 10009
0 0 0 0 10009
0 0 0 0 10009
0 0 0 0 10009
0 0 0 0 10009
0 0 0 0 10009
0 0 0 0 10009
0 0 0 0 10009
0 0 0 0 10009
0 0 0 0 10009
0 0 0 0 10009
0 0 0 0 10009
0 0 0 0 10009
0 0 0 0 10009
0 0 0 0 10009
0 0 0 0 10009
0 0 0 0 10009
0 0 0 0 10009
0 0 0 0 10009
0 0 0 0 10009
0 0 0 0 10009
0 0 0 0 10009
0 0 0 0 10009
0 0 0 0 10009
0 0 0 0 10009
0 0 0 0 10009
0 0 0 0 10009
0 0 0 0 10009
0 0 0 0 10009
0 0 0 0 10009
0 0 0 0 10009
0 0 0 0 10009
0 0 0 0 10009
0 0 0 0 10009
0 0 0 0 10009
0 0 0 0 10009
0 0 0 0 10009
0 0 0 0 10009
0 0 0 0 10009
0 0 0 0 10009
0 0 0 0 10009
0 0 0 0 10009
0 0 0 0 10009
0 0 0 0 10009
0 0 0 0 10009
0 0 0 0 10009
0 0 0 0 10009
0 0 0 0 10009
0 0 0 0 10009
0 0 0 0 10009
0 0 0 0 10009
0 0 0 0 10009
0 0 0 0 10009
0 0 0 0 10009
0 0 0 0 10009
0 0 0 0 10009
0 0 0 0 10009
0 0 0 0 10009
0 0 0 0 10009
0 0 0 0 10009
0 0 0 0 10009
0 0 0 0 10009
0 0 0 0 10009
0 0 0 0 10009
0 0 0 0 10009
0 0 0 0 10009
0 0 0 0 10009
0 0 0 0 10009
0 0 0 0 10009
0 0 0 0 10009
0 0 0 0 10009
0 0 0 0 10009
0 0 0 0 10009
0 0 0 0 10009
0 0 0 0 10009
0 0 0 0 10009
0 0 0 0 10009
0 0 0 0 10009
0 0 0 0 10009
0 0 0 0 10009
0 0 0 0 10009
0 0 0 0 10009
0 0 0 0 10009
0 0 0 0 10009
0 0 0 0 10009
0 0 0 0 10009
0 0 0 0 10009
0 0 0 0 10009
0 0 0 0 10009
0 0 0 0 10009
0 0 0 0 10009
0 0 0 0 10009
0 0 0 0 10009
0 0 0 0 10009
0 0 0 0 10009
0 0 0 0 10009
0 0 0 0 10009
0 0 0 0 10009
0 0 0 0 10009
0 0 0 0 10009
0 0 0 0 10009
0 0 0 0 10009
0 0 0 0 10009
0 0 0 0 10009
0 0 0 0 10009
0 0 0 0 10009
0 0 0 0 10009
0 0 0 0 10009
0 0 0 0 10009
0 0 0 0 10009
0 0 0 0 10009
0 0 0 0 10009
0 0 0 0 10009
0 0 0 0 10009
0 0 0 0 10009
0 0 0 0 10009
0 0 0 0 10009
0 0 0 0 10009
0 0 0 0 10009
0 0 0 0 10009
0 0 0 0 10009
0 0 0 0 10009
0 0 0 0 10009
0 0 0 0 10009
0 0 0 0 10009
0 0 0 0 10009
0 0 0 0 10009
0 128 0 0 10009
0 128 0 0 10009
0 128 0 0 10009
0 128 0 0 10009
0 128 0 0 10009
0 128 0 0 10009
0 128 0 0 10009
0 128 0 0 10009
0 128 0 0 10009
0 128 0 0 10009
0 128 0 0 10009
0 128 0 0 10009
0 128 0 0 10009
0 128 0 0 10009
0 128 0 0 10009
0 128 0 0 10009
0 128 0 0 10009
0 128 0 0 10009
0 128 0 0 10009
0 128 0 0 10009
0 128 0 0 10009
0 128 0 0 10009
0 128 0 0 10009
0 128 0 0 10009
0 128 0 0 10009
0 128 0 0 10009
0 128 0 0 10009
0 128 0 0 10009
0 128 0 0 10009
0 128 0 0 10009
0 128 0 0 10009
0 128 0 0 10009
0 128 0 0 10009
0 128 0 0 10009
0 128 0 0 10009
0 128 0 0 10009
0 128 0 0 10009
0 128 0 0 10009
0 128 0 0 10009
0 128 0 0 10009
0 128 0 0 10009
0 128 0 0 10009
0 128 0 0 10009
0 128 0 0 10009
0 128 0 0 10009
0 128 0 0 10009
0 128 0 0 10009
0 128 0 0 10009
0 128 0 0 10009
0 128 0 0 10009
0 128 0 0 10009
0 128 0 0 10009
0 128 0 0 10009
0 128 0 0 10009
0 128 0 0 10009
0 128 0 0 10009
0 128 0 0 10009
0 128 0 0 10009
0 128 0 0 10009
0 128 0 0 10009
0 128 0 0 10009
0 128 0 0 10009
0 128 0 0 10009
0 128 0 0 10009
0 128 0 0 10009
0 128 0 0 10009
0 128 0 0 10009
0 128 0 0 10009
0 128 0 0 10009
0 128 0 0 10009
0 128 0 0 10009
0 128 0 0 10009
0 128 0 0 10009
0 128 0 0 10009
0 128 0 0 10009
0 128 0 0 10009
0 128 0 0 10009
0 128 0 0 10009
0 128 0 0 10009
0 128 0 0 10009
0 128 0 0 10009
0 128 0 0 10009
0 128 0 0 10009
0 128 0 0 10009
0 128 0 0 10009
0 128 0 0 10009
0 128 0 0 10009
0 128 0 0 10009
0 128 0 0 10009
0 128 0 0 10009
0 128 0 0 10009
0 128 0 0 10009
0 128 0 0 10009
0 128 0 0 10009
0 128 0 0 10009
0 128 0 0 10009
0 128 0 0 10009
0 128 0 0 10009
0 128 0 0 10009
0 128 0 0 10009
0 128 0 0 10009
0 128 0 0 10009
0 128 0 0 10009
0 129 0 0 10009
0 130 0 0 10009
0 132 0 0 10009
0 133 0 0 10009
0 135 0 0 10009
0 138 0 0 10009
0 141 0 0 10009
0 144 0 0 10009
0 147 0 0 10009
0 151 0 0 10009
0 154 0 0 10009
0 159 0 0 10009
0 163 0 0 10009
0 168 0 0 10009
0 173 0 0 10009
0 178 0 0 10009
0 184 0 0 10009
0 189 0 0 10009
0 195 0 0 10009
0 201 0 0 10009
0 206 0 0 10009
0 212 0 0 10009
0 218 0 0 10009
0 224 0 0 10009
0 229 0 0 10009
0 234 0 0 10009
0 239 0 0 10009
0 243 0 0 10009
0 247 0 0 10009
0 250 0 0 10009
0 253 0 0 10009
0 255 0 0 10009
0 255 0 0 10009
0 255 0 0 10009
0 254 0 0 10009
0 252 0 0 10009
0 248 0 0 10009
0 243 0 0 10009
0 237 0 0 10009
0 230 0 0 10009
0 221 0 0 10009
0 211 0 0 10009
0 199 0 0 10009
0 187 0 0 10009
0 173 0 0 10009
0 159 0 0 10009
0 143 0 0 10009
0 128 0 0 10009
0 111 0 0 10009
0 95 0 0 10009
0 79 0 0 10009
0 64 0 0 10009
0 49 0 0 10009
0 36 0 0 10009
0 24 0 0 10009
0 14 0 0 10009
0 7 0 0 10009
0 2 0 0 10009
0 0 0 0 10009
0 0 0 0 10009
0 4 0 0 10009
0 11 0 0 10009
0 22 0 0 10009
0 35 0 0 10009
0 51 0 0 10009
0 69 0 0 10009
0 90 0 0 10009
0 111 0 0 10009
0 134 0 0 10009
0 157 0 0 10009
0 179 0 0 10009
0 200 0 0 10009
0 218 0 0 10009
0 233 0 0 10009
0 245 0 0 10009
0 253 0 0 10009
0 255 0 0 10009
0 253 0 0 10009
0 246 0 0 10009
0 233 0 0 10009
0 216 0 0 10009
0 195 0 0 10009
0 171 0 0 10009
0 144 0 0 10009
0 116 0 0 10009
0 89 0 0 10009
0 63 0 0 10009
0 40 0 0 10009
0 21 0 0 10009
0 8 0 0 10009
0 1 0 0 10009
0 0 0 0 10009
0 7 0 0 10009
0 21 0 0 10009
0 41 0 0 10009
0 66 0 0 10009
0 96 0 0 10009
0 127 0 0 10009
0 159 0 0 10009
0 190 0 0 10009
0 216 0 0 10009
0 237 0 0 10009
0 250 0 0 10009
0 255 0 0 10009
0 252 0 0 10009
0 239 0 0 10009
0 217 0 0 10009
0 189 0 0 10009
0 156 0 0 10009
0 120 0 0 10009
0 85 0 0 10009
0 53 0 0 10009
0 26 0 0 10009
0 8 0 0 10009
0 0 0 0 10009
0 3 0 0 10009
0 16 0 0 10009
0 40 0 0 10009
0 72 0 0 10009
0 109 0 0 10009
0 148 0 0 10009
0 186 0 0 10009
0 218 0 0 10009
0 242 0 0 10009
0 254 0 0 10009
0 254 0 0 10009
0 240 0 0 10009
0 215 0 0 10009
0 180 0 0 10009
0 140 0 0 10009
0 97 0 0 10009
0 58 0 0 10009
0 26 0 0 10009
0 6 0 0 10009
0 0 0 0 10009
0 8 0 0 10009
0 31 0 0 10009
0 66 0 0 10009
0 108 0 0 10009
0 154 0 0 10009
0 196 0 0 10009
0 230 0 0 10009
0 250 0 0 10009
0 255 0 0 10009
0 243 0 0 10009
0 215 0 0 10009
0 174 0 0 10009
0 128 0 0 10009
0 80 0 0 10009
0 39 0 0 10009
0 11 0 0 10009
0 0 0 0 10009
0 7 0 0 10009
0 33 0 0 10009
0 73 0 0 10009
0 122 0 0 10009
0 172 0 0 10009
0 215 0 0 10009
0 245 0 0 10009
0 255 0 0 10009
0 245 0 0 10009
0 216 0 0 10009
0 171 0 0 10009
0 118 0 0 10009
0 67 0 0 10009
0 26 0 0 10009
0 3 0 0 10009
0 2 0 0 10009
0 23 0 0 10009
0 64 0 0 10009
0 116 0 0 10009
0 171 0 0 10009
0 218 0 0 10009
0 248 0 0 10009
0 255 0 0 10009
0 237 0 0 10009
0 197 0 0 10009
0 144 0 0 10009
0 86 0 0 10009
0 37 0 0 10009
0 6 0 0 10009
0 1 0 0 10009
0 22 0 0 10009
0 65 0 0 10009
0 123 0 0 10009
0 181 0 0 10009
0 228 0 0 10009
0 253 0 0 10009
0 250 0 0 10009
0 219 0 0 10009
0 167 0 0 10009
0 106 0 0 10009
0 49 0 0 10009
0 11 0 0 10009
0 0 0 0 10009
0 20 0 0 10009
0 66 0 0 10009
0 127 0 0 10009
0 189 0 0 10009
0 236 0 0 10009
0 255 0 0 10009
0 242 0 0 10009
0 199 0 0 10009
0 138 0 0 10009
0 73 0 0 10009
0 23 0 0 10009
0 0 0 0 10009
0 12 0 0 10009
0 55 0 0 10009
0 118 0 0 10009
0 185 0 0 10009
0 235 0 0 10009
0 255 0 0 10009
0 239 0 0 10009
0 191 0 0 10009
0 124 0 0 10009
0 57 0 0 10009
0 12 0 0 10009
0 0 0 0 10009
0 27 0 0 10009
0 85 0 0 10009
0 156 0 0 10009
0 218 0 0 10009
0 252 0 0 10009
0 248 0 0 10009
0 205 0 0 10009
0 137 0 0 10009
0 66 0 0 10009
0 14 0 0 10009
0 0 0 0 10009
0 28 0 0 10009
0 89 0 0 10009
0 163 0 0 10009
0 226 0 0 10009
0 255 0 0 10009
0 240 0 0 10009
0 186 0 0 10009
0 111 0 0 10009
0 42 0 0 10009
0 3 0 0 10009
0 8 0 0 10009
0 57 0 0 10009
0 132 0 0 10009
0 205 0 0 10009
0 250 0 0 10009
0 249 0 0 10009
0 203 0 0 10009
0 127 0 0 10009
0 52 0 0 10009
0 6 0 0 10009
0 6 0 0 10009
0 54 0 0 10009
0 132 0 0 10009
0 207 0 0 10009
0 251 0 0 10009
0 246 0 0 10009
0 192 0 0 10009
0 111 0 0 10009
0 37 0 0 10009
0 1 0 0 10009
0 17 0 0 10009
0 80 0 0 10009
0 163 0 0 10009
0 232 0 0 10009
0 255 0 0 10009
0 224 0 0 10009
0 150 0 0 10009
0 66 0 0 10009
0 9 0 0 10009
0 5 0 0 10009
0 56 0 0 10009
0 140 0 0 10009
0 218 0 0 10009
0 255 0 0 10009
0 233 0 0 10009
0 162 0 0 10009
0 74 0 0 10009
0 12 0 0 10009
0 4 0 0 10009
0 55 0 0 10009
0 142 0 0 10009
0 221 0 0 10009
0 255 0 0 10009
0 227 0 0 10009
0 148 0 0 10009
0 60 0 0 10009
0 5 0 0 10009
0 12 0 0 10009
0 78 0 0 10009
0 169 0 0 10009
0 240 0 0 10009
0 252 0 0 10009
0 199 0 0 10009
0 109 0 0 10009
0 28 0 0 10009
0 0 0 0 10009
0 40 0 0 10009
0 127 0 0 10009
0 215 0 0 10009
0 255 0 0 10009
0 225 0 0 10009
0 141 0 0 10009
0 49 0 0 10009
0 1 0 0 10009
0 24 0 0 10009
0 106 0 0 10009
0 200 0 0 10009
0 253 0 0 10009
0 234 0 0 10009
0 152 0 0 10009
0 56 0 0 10009
0 2 0 0 10009
0 22 0 0 10009
0 104 0 0 10009
0 201 0 0 10009
0 254 0 0 10009
0 230 0 0 10009
0 144 0 0 10009
0 47 0 0 10009
0 0 0 0 10009
0 32 0 0 10009
0 124 0 0 10009
0 218 0 0 10009
0 255 0 0 10009
0 212 0 0 10009
0 114 0 0 10009
0 25 0 0 10009
0 2 0 0 10009
0 60 0 0 10009
0 163 0 0 10009
0 243 0 0 10009
0 246 0 0 10009
0 171 0 0 10009
0 66 0 0 10009
0 3 0 0 10009
0 23 0 0 10009
0 115 0 0 10009
0 215 0 0 10009
0 255 0 0 10009
0 207 0 0 10009
0 104 0 0 10009
0 16 0 0 10009
0 7 0 0 10009
0 83 0 0 10009
0 190 0 0 10009
0 253 0 0 10009
0 226 0 0 10009
0 128 0 0 10009
0 29 0 0 10009
0 2 0 0 10009
0 67 0 0 10009
0 177 0 0 10009
0 250 0 0 10009
0 232 0 0 10009
0 136 0 0 10009
0 33 0 0 10009
0 1 0 0 10009
0 66 0 0 10009
0 178 0 0 10009
0 251 0 0 10009
0 229 0 0 10009
0 128 0 0 10009
0 26 0 0 10009
0 4 0 0 10009
0 79 0 0 10009
0 193 0 0 10009
0 255 0 0 10009
0 215 0 0 10009
0 105 0 0 10009
0 13 0 0 10009
0 14 0 0 10009
0 108 0 0 10009
0 218 0 0 10009
0 254 0 0 10009
0 185 0 0 10009
0 68 0 0 10009
0 1 0 0 10009
0 40 0 0 10009
0 153 0 0 10009
0 245 0 0 10009
0 237 0 0 10009
0 135 0 0 10009
0 26 0 0 10009
0 6 0 0 10009
0 91 0 0 10009
0 208 0 0 10009
0 255 0 0 10009
0 189 0 0 10009
0 69 0 0 10009
0 0 0 0 10009
0 46 0 0 10009
0 165 0 0 10009
0 250 0 0 10009
0 224 0 0 10009
0 110 0 0 10009
0 11 0 0 10009
0 20 0 0 10009
0 128 0 0 10009
0 128 0 0 10009
0 128 0 0 10009
0 128 0 0 10009
0 128 0 0 10009
0 128 0 0 10009
0 128 0 0 10009
0 128 0 0 10009
0 128 0 0 10009
0 128 0 0 10009
0 128 0 0 10009
0 128 0 0 10009
0 128 0 0 10009
0 128 0 0 10009
0 128 0 0 10009
0 128 0 0 10009
0 128 0 0 10009
0 128 0 0 10009
0 128 0 0 10009
0 128 0 0 10009
0 128 0 0 10009
0 128 0 0 10009
0 128 0 0 10009
0 128 0 0 10009
0 128 0 0 10009
0 128 0 0 10009
0 128 0 0 10009
0 128 0 0 10009
0 128 0 0 10009
0 128 0 0 10009
0 128 0 0 10009
0 128 0 0 10009
0 128 0 0 10009
0 128 0 0 10009
0 128 0 0 10009
0 128 0 0 10009
0 128 0 0 10009
0 128 0 0 10009
0 128 0 0 10009
0 128 0 0 10009
0 128 0 0 10009
0 128 0 0 10009
0 128 0 0 10009
0 128 0 0 10009
0 128 0 0 10009
0 128 0 0 10009
0 128 0 0 10009
0 128 0 0 10009
0 128 0 0 10009
0 128 0 0 10009
0 128 0 0 10009
0 128 0 0 10009
0 128 0 0 10009
0 128 0 0 10009
0 128 0 0 10009
0 128 0 0 10009
0 128 0 0 10009
0 128 0 0 10009
0 128 0 0 10009
0 128 0 0 10009
0 128 0 0 10009
0 128 0 0 10009
0 128 0 0 10009
0 128 0 0 10009
0 128 0 0 10009
0 128 0 0 10009
0 128 0 0 10009
0 128 0 0 10009
0 128 0 0 10009
0 128 0 0 10009
0 128 0 0 10009
0 128 0 0 10009
0 128 0 0 10009
0 128 0 0 10009
0 128 0 0 10009
0 128 0 0 10009
0 128 0 0 10009
0 128 0 0 10009
0 128 0 0 10009
0 128 0 0 10009
0 128 0 0 10009
0 128 0 0 10009
0 128 0 0 10009
0 128 0 0 10009
0 128 0 0 10009
0 128 0 0 10009
0 128 0 0 10009
0 128 0 0 10009
0 128 0 0 10009
0 128 0 0 10009
0 128 0 0 10009
0 128 0 0 10009
0 128 0 0 10009
0 128 0 0 10009
0 128 0 0 10009
0 128 0 0 10009
0 128 0 0 10009
0 128 0 0 10009
0 128 0 0 10009
0 128 0 0 10009
0 128 0 0 10009
0 128 0 0 10009
0 128 0 0 10009
0 128 0 0 10009
0 129 0 0 10009
0 129 0 0 10009
0 129 0 0 10009
0 130 0 0 10009
0 130 0 0 10009
0 130 0 0 10009
0 129 0 0 10009
0 129 0 0 10009
0 128 0 0 10009
0 127 0 0 10009
0 126 0 0 10009
0 125 0 0 10009
0 124 0 0 10009
0 123 0 0 10009
0 122 0 0 10009
0 121 0 0 10009
0 121 0 0 10009
0 122 0 0 10009
0 123 0 0 10009
0 124 0 0 10009
0 126 0 0 10009
0 128 0 0 10009
0 130 0 0 10009
0 132 0 0 10009
0 134 0 0 10009
0 135 0 0 10009
0 137 0 0 10009
0 137 0 0 10009
0 138 0 0 10009
0 137 0 0 10009
0 136 0 0 10009
0 134 0 0 10009
0 132 0 0 10009
0 129 0 0 10009
0 126 0 0 10009
0 123 0 0 10009
0 120 0 0 10009
0 117 0 0 10009
0 115 0 0 10009
0 114 0 0 10009
0 113 0 0 10009
0 114 0 0 10009
0 115 0 0 10009
0 117 0 0 10009
0 120 0 0 10009
0 124 0 0 10009
0 127 0 0 10009
0 132 0 0 10009
0 136 0 0 10009
0 139 0 0 10009
0 142 0 0 10009
0 144 0 0 10009
0 145 0 0 10009
0 145 0 0 10009
0 144 0 0 10009
0 142 0 0 10009
0 139 0 0 10009
0 135 0 0 10009
0 130 0 0 10009
0 125 0 0 10009
0 120 0 0 10009
0 115 0 0 10009
0 111 0 0 10009
0 108 0 0 10009
0 106 0 0 10009
0 105 0 0 10009
0 106 0 0 10009
0 108 0 0 10009
0 112 0 0 10009
0 116 0 0 10009
0 122 0 0 10009
0 127 0 0 10009
0 134 0 0 10009
0 139 0 0 10009
0 145 0 0 10009
0 149 0 0 10009
0 152 0 0 10009
0 153 0 0 10009
0 153 0 0 10009
0 152 0 0 10009
0 148 0 0 10009
0 143 0 0 10009
0 138 0 0 10009
0 131 0 0 10009
0 124 0 0 10009
0 117 0 0 10009
0 111 0 0 10009
0 105 0 0 10009
0 101 0 0 10009
0 98 0 0 10009
0 97 0 0 10009
0 99 0 0 10009
0 102 0 0 10009
0 106 0 0 10009
0 112 0 0 10009
0 120 0 0 10009
0 127 0 0 10009
0 136 0 0 10009
0 143 0 0 10009
0 150 0 0 10009
0 156 0 0 10009
0 159 0 0 10009
0 161 0 0 10009
0 161 0 0 10009
0 159 0 0 10009
0 154 0 0 10009
0 148 0 0 10009
0 141 0 0 10009
0 132 0 0 10009
0 123 0 0 10009
0 114 0 0 10009
0 106 0 0 10009
0 99 0 0 10009
0 94 0 0 10009
0 90 0 0 10009
0 89 0 0 10009
0 91 0 0 10009
0 95 0 0 10009
0 101 0 0 10009
0 109 0 0 10009
0 118 0 0 10009
0 127 0 0 10009
0 138 0 0 10009
0 147 0 0 10009
0 156 0 0 10009
0 162 0 0 10009
0 167 0 0 10009
0 169 0 0 10009
0 169 0 0 10009
0 166 0 0 10009
0 161 0 0 10009
0 153 0 0 10009
0 144 0 0 10009
0 133 0 0 10009
0 122 0 0 10009
0 111 0 0 10009
0 101 0 0 10009
0 93 0 0 10009
0 86 0 0 10009
0 83 0 0 10009
0 82 0 0 10009
0 83 0 0 10009
0 88 0 0 10009
0 95 0 0 10009
0 105 0 0 10009
0 116 0 0 10009
0 127 0 0 10009
0 140 0 0 10009
0 151 0 0 10009
0 161 0 0 10009
0 169 0 0 10009
0 175 0 0 10009
0 177 0 0 10009
0 177 0 0 10009
0 173 0 0 10009
0 167 0 0 10009
0 158 0 0 10009
0 146 0 0 10009
0 134 0 0 10009
0 121 0 0 10009
0 108 0 0 10009
0 96 0 0 10009
0 87 0 0 10009
0 79 0 0 10009
0 75 0 0 10009
0 74 0 0 10009
0 76 0 0 10009
0 81 0 0 10009
0 90 0 0 10009
0 101 0 0 10009
0 114 0 0 10009
0 127 0 0 10009
0 142 0 0 10009
0 155 0 0 10009
0 166 0 0 10009
0 176 0 0 10009
0 182 0 0 10009
0 185 0 0 10009
0 185 0 0 10009
0 180 0 0 10009
0 173 0 0 10009
0 162 0 0 10009
0 149 0 0 10009
0 135 0 0 10009
0 120 0 0 10009
0 105 0 0 10009
0 92 0 0 10009
0 80 0 0 10009
0 72 0 0 10009
0 67 0 0 10009
0 66 0 0 10009
0 68 0 0 10009
0 75 0 0 10009
0 84 0 0 10009
0 97 0 0 10009
0 112 0 0 10009
0 127 0 0 10009
0 143 0 0 10009
0 159 0 0 10009
0 172 0 0 10009
0 183 0 0 10009
0 190 0 0 10009
0 193 0 0 10009
0 193 0 0 10009
0 188 0 0 10009
0 179 0 0 10009
0 167 0 0 10009
0 152 0 0 10009
0 136 0 0 10009
0 119 0 0 10009
0 102 0 0 10009
0 87 0 0 10009
0 74 0 0 10009
0 65 0 0 10009
0 59 0 0 10009
0 58 0 0 10009
0 61 0 0 10009
0 68 0 0 10009
0 79 0 0 10009
0 93 0 0 10009
0 110 0 0 10009
0 127 0 0 10009
0 145 0 0 10009
0 162 0 0 10009
0 177 0 0 10009
0 189 0 0 10009
0 197 0 0 10009
0 201 0 0 10009
0 200 0 0 10009
0 195 0 0 10009
0 185 0 0 10009
0 172 0 0 10009
0 155 0 0 10009
0 137 0 0 10009
0 118 0 0 10009
0 99 0 0 10009
0 82 0 0 10009
0 68 0 0 10009
0 57 0 0 10009
0 51 0 0 10009
0 50 0 0 10009
0 53 0 0 10009
0 61 0 0 10009
0 73 0 0 10009
0 89 0 0 10009
0 108 0 0 10009
0 127 0 0 10009
0 147 0 0 10009
0 166 0 0 10009
0 183 0 0 10009
0 196 0 0 10009
0 205 0 0 10009
0 209 0 0 10009
0 208 0 0 10009
0 202 0 0 10009
0 191 0 0 10009
0 176 0 0 10009
0 158 0 0 10009
0 138 0 0 10009
0 117 0 0 10009
0 96 0 0 10009
0 78 0 0 10009
0 62 0 0 10009
0 50 0 0 10009
0 43 0 0 10009
0 42 0 0 10009
0 45 0 0 10009
0 54 0 0 10009
0 68 0 0 10009
0 85 0 0 10009
0 106 0 0 10009
0 127 0 0 10009
0 149 0 0 10009
0 170 0 0 10009
0 188 0 0 10009
0 203 0 0 10009
0 213 0 0 10009
0 217 0 0 10009
0 216 0 0 10009
0 209 0 0 10009
0 198 0 0 10009
0 181 0 0 10009
0 161 0 0 10009
0 139 0 0 10009
0 116 0 0 10009
0 93 0 0 10009
0 73 0 0 10009
0 56 0 0 10009
0 43 0 0 10009
0 35 0 0 10009
0 34 0 0 10009
0 38 0 0 10009
0 48 0 0 10009
0 62 0 0 10009
0 82 0 0 10009
0 104 0 0 10009
0 127 0 0 10009
0 151 0 0 10009
0 174 0 0 10009
0 194 0 0 10009
0 210 0 0 10009
0 220 0 0 10009
0 225 0 0 10009
0 224 0 0 10009
0 217 0 0 10009
0 204 0 0 10009
0 186 0 0 10009
0 164 0 0 10009
0 140 0 0 10009
0 115 0 0 10009
0 91 0 0 10009
0 68 0 0 10009
0 50 0 0 10009
0 36 0 0 10009
0 28 0 0 10009
0 26 0 0 10009
0 30 0 0 10009
0 41 0 0 10009
0 57 0 0 10009
0 78 0 0 10009
0 102 0 0 10009
0 128 0 0 10009
0 153 0 0 10009
0 178 0 0 10009
0 199 0 0 10009
0 216 0 0 10009
0 228 0 0 10009
0 233 0 0 10009
0 232 0 0 10009
0 224 0 0 10009
0 210 0 0 10009
0 191 0 0 10009
0 167 0 0 10009
0 141 0 0 10009
0 114 0 0 10009
0 88 0 0 10009
0 64 0 0 10009
0 43 0 0 10009
0 28 0 0 10009
0 20 0 0 10009
0 18 0 0 10009
0 23 0 0 10009
0 34 0 0 10009
0 51 0 0 10009
0 74 0 0 10009
0 100 0 0 10009
0 127 0 0 10009
0 155 0 0 10009
0 182 0 0 10009
0 205 0 0 10009
0 223 0 0 10009
0 236 0 0 10009
0 241 0 0 10009
0 240 0 0 10009
0 231 0 0 10009
0 216 0 0 10009
0 195 0 0 10009
0 170 0 0 10009
0 142 0 0 10009
0 113 0 0 10009
0 85 0 0 10009
0 59 0 0 10009
0 37 0 0 10009
0 21 0 0 10009
0 12 0 0 10009
0 10 0 0 10009
0 15 0 0 10009
0 27 0 0 10009
0 46 0 0 10009
0 70 0 0 10009
0 98 0 0 10009
0 127 0 0 10009
0 157 0 0 10009
0 186 0 0 10009
0 210 0 0 10009
0 230 0 0 10009
0 243 0 0 10009
0 249 0 0 10009
0 248 0 0 10009
0 238 0 0 10009
0 222 0 0 10009
0 200 0 0 10009
0 173 0 0 10009
0 143 0 0 10009
0 112 0 0 10009
0 82 0 0 10009
0 54 0 0 10009
0 31 0 0 10009
0 14 0 0 10009
0 4 0 0 10009
0 2 0 0 10009
0 7 0 0 10009
0 21 0 0 10009
0 41 0 0 10009
0 66 0 0 10009
0 96 0 0 10009
0 128 0 0 10009
0 128 0 0 10009
0 128 0 0 10009
0 128 0 0 10009
0 128 0 0 10009
0 128 0 0 10009
0 128 0 0 10009
0 128 0 0 10009
0 128 0 0 10009
0 128 0 0 10009
0 128 0 0 10009
0 128 0 0 10009
0 128 0 0 10009
0 128 0 0 10009
0 128 0 0 10009
0 128 0 0 10009
0 128 0 0 10009
0 128 0 0 10009
0 128 0 0 10009
0 128 0 0 10009
0 128 0 0 10009
0 128 0 0 10009
0 128 0 0 10009
0 128 0 0 10009
0 128 0 0 10009
0 128 0 0 10009
0 128 0 0 10009
0 128 0 0 10009
0 128 0 0 10009
0 128 0 0 10009
0 128 0 0 10009
0 128 0 0 10009
0 128 0 0 10009
0 128 0 0 10009
0 128 0 0 10009
0 128 0 0 10009
0 128 0 0 10009
0 128 0 0 10009
0 128 0 0 10009
0 128 0 0 10009
0 128 0 0 10009
0 128 0 0 10009
0 128 0 0 10009
0 128 0 0 10009
0 128 0 0 10009
0 128 0 0 10009
0 128 0 0 10009
0 128 0 0 10009
0 128 0 0 10009
0 128 0 0 10009
0 128 0 0 10009
0 128 0 0 10009
0 128 0 0 10009
0 128 0 0 10009
0 128 0 0 10009
0 128 0 0 10009
0 128 0 0 10009
0 128 0 0 10009
0 128 0 0 10009
0 128 0 0 10009
0 128 0 0 10009
0 128 0 0 10009
0 128 0 0 10009
0 128 0 0 10009
0 128 0 0 10009
0 128 0 0 10009
0 128 0 0 10009
0 128 0 0 10009
0 128 0 0 10009
0 128 0 0 10009
0 128 0 0 10009
0 128 0 0 10009
0 128 0 0 10009
0 128 0 0 10009
0 128 0 0 10009
0 128 0 0 10009
0 128 0 0 10009
0 128 0 0 10009
0 128 0 0 10009
0 128 0 0 10009
0 128 0 0 10009
0 128 0 0 10009
0 128 0 0 10009
0 128 0 0 10009
0 128 0 0 10009
0 128 0 0 10009
0 128 0 0 10009
0 128 0 0 10009
0 128 0 0 10009
0 128 0 0 10009
0 128 0 0 10009
0 128 0 0 10009
0 128 0 0 10009
0 128 0 0 10009
0 128 0 0 10009
0 128 0 0 10009
0 128 0 0 10009
0 128 0 0 10009
0 128 0 0 10009
0 128 0 0 10009
0 0 0 0 10009
0 0 0 0 10010
0 0 0 0 10010
0 0 0 0 10010
0 0 0 0 10010
0 0 0 0 10010
0 0 0 0 10010
0 0 0 0 10010
0 0 0 0 10010
0 0 0 0 10010
0 0 0 0 10010
0 0 0 0 10010
0 0 0 0 10010
0 0 0 0 10010
0 0 0 0 10010
0 0 0 0 10010
0 0 0 0 10010
0 0 0 0 10010
0 0 0 0 10010
0 0 0 0 10010
0 0 0 0 10010
0 0 0 0 10010
0 0 0 0 10010
0 0 0 0 10010
0 0 0 0 10010
0 0 0 0 10010
0 0 0 0 10010
0 0 0 0 10010
0 0 0 0 10010
0 0 0 0 10010
0 0 0 0 10010
0 0 0 0 10010
0 0 0 0 10010
0 0 0 0 10010
0 0 0 0 10010
0 0 0 0 10010
0 0 0 0 10010
0 0 0 0 10010
0 0 0 0 10010
0 0 0 0 10010
0 0 0 0 10010
0 0 0 0 10010
0 0 0 0 10010
0 0 0 0 10010
0 0 0 0 10010
0 0 0 0 10010
0 0 0 0 10010
0 0 0 0 10010
0 0 0 0 10010
0 0 0 0 10010
0 0 0 0 10010
0 0 0 0 10010
0 0 0 0 10010
0 0 0 0 10010
0 0 0 0 10010
0 0 0 0 10010
0 0 0 0 10010
0 0 0 0 10010
0 0 0 0 10010
0 0 0 0 10010
0 0 0 0 10010
0 0 0 0 10010
0 0 0 0 10010
0 0 0 0 10010
0 0 0 0 10010
0 0 0 0 10010
0 0 0 0 10010
0 0 0 0 10010
0 0 0 0 10010
0 0 0 0 10010
0 0 0 0 10010
0 0 0 0 10010
0 0 0 0 10010
0 0 0 0 10010
0 0 0 0 10010
0 0 0 0 10010
0 0 0 0 10010
0 0 0 0 10010
0 0 0 0 10010
0 0 0 0 10010
0 0 0 0 10010
0 0 0 0 10010
0 0 0 0 10010
0 0 0 0 10010
0 0 0 0 10010
0 0 0 0 10010
0 0 0 0 10010
0 0 0 0 10010
0 0 0 0 10010
0 0 0 0 10010
0 0 0 0 10010
0 0 0 0 10010
0 0 0 0 10010
0 0 0 0 10010
0 0 0 0 10010
0 0 0 0 10010
0 0 0 0 10010
0 0 0 0 10010
0 0 0 0 10010
0 0 0 0 10010
0 0 0 0 10010
0 0 0 0 10010
0 0 0 0 10010
0 0 0 0 10010
0 0 0 0 10010
0 0 0 0 10010
0 0 0 0 10010
0 0 0 0 10010
0 0 0 0 10010
0 0 0 0 10010
0 0 0 0 10010
0 0 0 0 10010
0 0 0 0 10010
0 0 0 0 10010
0 0 0 0 10010
0 0 0 0 10010
0 0 0 0 10010
0 0 0 0 10010
0 0 0 0 10010
0 0 0 0 10010
0 0 0 0 10010
0 0 0 0 10010
0 0 0 0 10010
0 0 0 0 10010
0 0 0 0 10010
0 0 0 0 10010
0 0 0 0 10010
0 0 0 0 10010
0 0 0 0 10010
0 0 0 0 10010
0 0 0 0 10010
0 0 0 0 10010
0 0 0 0 10010
0 0 0 0 10010
0 0 0 0 10010
0 0 0 0 10010
0 0 0 0 10010
0 0 0 0 10010
0 0 0 0 10010
0 0 0 0 10010
0 0 0 0 10010
0 0 0 0 10010
0 0 0 0 10010
0 0 0 0 10010
0 0 0 0 10010
0 0 0 0 10010
0 0 0 0 10010
0 0 0 0 10010
0 0 0 0 10010
0 0 0 0 10010
0 0 0 0 10010
0 0 0 0 10010
0 0 0 0 10010
0 0 0 0 10010
0 0 0 0 10010
0 0 0 0 10010
0 0 0 0 10010
0 0 0 0 10010
0 0 0 0 10010
0 0 0 0 10010
0 0 0 0 10010
0 0 0 0 10010
0 0 0 0 10010
0 0 0 0 10010
0 0 0 0 10010
0 0 0 0 10010
0 0 0 0 10010
0 0 0 0 10010
0 0 0 0 10010
0 0 0 0 10010
0 0 0 0 10010
0 0 0 0 10010
0 0 0 0 10010
0 0 0 0 10010
0 0 0 0 10010
0 0 0 0 10010
0 0 0 0 10010
0 0 0 0 10010
0 0 0 0 10010
0 0 0 0 10010
0 0 0 0 10010
0 0 0 0 10010
0 0 0 0 10010
0 0 0 0 10010
0 0 0 0 10010
0 0 0 0 10010
0 0 0 0 10010
0 0 0 0 10010
0 0 0 0 10010
0 0 0 0 10010
0 0 0 0 10010
0 0 0 0 10010
0 0 0 0 10010
0 0 0 0 10010
0 0 0 0 10010
0 0 0 0 10010
0 0 0 0 10010
0 0 0 0 10010
0 0 0 0 10010
0 0 0 0 10010
0 255 0 0 10010
0 255 0 0 10010
0 255 0 0 10010
0 255 0 0 10010
0 255 0 0 10010
0 255 0 0 10010
0 255 0 0 10010
0 255 0 0 10010
0 255 0 0 10010
0 255 0 0 10010
0 255 0 0 10010
0 255 0 0 10010
0 255 0 0 10010
0 255 0 0 10010
0 255 0 0 10010
0 255 0 0 10010
0 255 0 0 10010
0 255 0 0 10010
0 255 0 0 10010
0 255 0 0 10010
0 255 0 0 10010
0 255 0 0 10010
0 255 0 0 10010
0 255 0 0 10010
0 255 0 0 10010
0 255 0 0 10010
0 255 0 0 10010
0 255 0 0 10010
0 255 0 0 10010
0 255 0 0 10010
0 255 0 0 10010
0 255 0 0 10010
0 255 0 0 10010
0 255 0 0 10010
0 255 0 0 10010
0 255 0 0 10010
0 255 0 0 10010
0 255 0 0 10010
0 255 0 0 10010
0 255 0 0 10010
0 255 0 0 10010
0 255 0 0 10010
0 255 0 0 10010
0 255 0 0 10010
0 255 0 0 10010
0 255 0 0 10010
0 255 0 0 10010
0 255 0 0 10010
0 255 0 0 10010
0 255 0 0 10010
0 255 0 0 10010
0 255 0 0 10010
0 255 0 0 10010
0 255 0 0 10010
0 255 0 0 10010
0 255 0 0 10010
0 255 0 0 10010
0 255 0 0 10010
0 255 0 0 10010
0 255 0 0 10010
0 255 0 0 10010
0 255 0 0 10010
0 255 0 0 10010
0 255 0 0 10010
0 255 0 0 10010
0 255 0 0 10010
0 255 0 0 10010
0 255 0 0 10010
0 255 0 0 10010
0 255 0 0 10010
0 255 0 0 10010
0 255 0 0 10010
0 255 0 0 10010
0 255 0 0 10010
0 255 0 0 10010
0 255 0 0 10010
0 255 0 0 10010
0 255 0 0 10010
0 255 0 0 10010
0 255 0 0 10010
0 255 0 0 10010
0 255 0 0 10010
0 255 0 0 10010
0 255 0 0 10010
0 255 0 0 10010
0 255 0 0 10010
0 255 0 0 10010
0 255 0 0 10010
0 255 0 0 10010
0 255 0 0 10010
0 255 0 0 10010
0 255 0 0 10010
0 255 0 0 10010
0 255 0 0 10010
0 255 0 0 10010
0 255 0 0 10010
0 255 0 0 10010
0 255 0 0 10010
0 255 0 0 10010
0 255 0 0 10010
0 255 0 0 10010
0 255 0 0 10010
0 255 0 0 10010
0 255 0 0 10010
0 255 0 0 10010
0 255 0 0 10010
0 255 0 0 10010
0 255 0 0 10010
0 255 0 0 10010
0 255 0 0 10010
0 255 0 0 10010
0 255 0 0 10010
0 255 0 0 10010
0 255 0 0 10010
0 255 0 0 10010
0 255 0 0 10010
0 255 0 0 10010
0 255 0 0 10010
0 255 0 0 10010
0 255 0 0 10010
0 255 0 0 10010
0 255 0 0 10010
0 255 0 0 10010
0 255 0 0 10010
0 255 0 0 10010
0 255 0 0 10010
0 255 0 0 10010
0 255 0 0 10010
0 255 0 0 10010
0 255 0 0 10010
0 255 0 0 10010
0 255 0 0 10010
0 255 0 0 10010
0 255 0 0 10010
0 255 0 0 10010
0 255 0 0 10010
0 255 0 0 10010
0 255 0 0 10010
0 255 0 0 10010
0 255 0 0 10010
0 255 0 0 10010
0 255 0 0 10010
0 255 0 0 10010
0 255 0 0 10010
0 255 0 0 10010
0 255 0 0 10010
0 255 0 0 10010
0 255 0 0 10010
0 255 0 0 10010
0 255 0 0 10010
0 0 0 0 10010
0 0 0 0 10010
0 0 0 0 10010
0 0 0 0 10010
0 0 0 0 10010
0 0 0 0 10010
0 0 0 0 10010
0 0 0 0 10010
0 0 0 0 10010
0 0 0 0 10010
0 0 0 0 10010
0 0 0 0 10010
0 0 0 0 10010
0 0 0 0 10010
0 0 0 0 10010
0 0 0 0 10010
0 0 0 0 10010
0 0 0 0 10010
0 0 0 0 10010
0 0 0 0 10010
0 0 0 0 10010
0 0 0 0 10010
0 0 0 0 10010
0 0 0 0 10010
0 0 0 0 10010
0 0 0 0 10010
0 0 0 0 10010
0 0 0 0 10010
0 0 0 0 10010
0 0 0 0 10010
0 0 0 0 10010
0 0 0 0 10010
0 0 0 0 10010
0 0 0 0 10010
0 0 0 0 10010
0 0 0 0 10010
0 0 0 0 10010
0 0 0 0 10010
0 0 0 0 10010
0 0 0 0 10010
0 0 0 0 10010
0 0 0 0 10010
0 0 0 0 10010
0 0 0 0 10010
0 0 0 0 10010
0 0 0 0 10010
0 0 0 0 10010
0 0 0 0 10010
0 0 0 0 10010
0 0 0 0 10010
0 0 0 0 10010
0 0 0 0 10010
0 0 0 0 10010
0 0 0 0 10010
0 0 0 0 10010
0 0 0 0 10010
0 0 0 0 10010
0 0 0 0 10010
0 0 0 0 10010
0 0 0 0 10010
0 0 0 0 10010
0 0 0 0 10010
0 0 0 0 10010
0 0 0 0 10010
0 0 0 0 10010
0 0 0 0 10010
0 0 0 0 10010
0 0 0 0 10010
0 0 0 0 10010
0 0 0 0 10010
0 0 0 0 10010
0 0 0 0 10010
0 0 0 0 10010
0 0 0 0 10010
0 0 0 0 10010
0 0 0 0 10010
0 0 0 0 10010
0 0 0 0 10010
0 0 0 0 10010
0 0 0 0 10010
0 0 0 0 10010
0 0 0 0 10010
0 0 0 0 10010
0 0 0 0 10010
0 0 0 0 10010
0 0 0 0 10010
0 0 0 0 10010
0 0 0 0 10010
0 0 0 0 10010
0 0 0 0 10010
0 0 0 0 10010
0 0 0 0 10010
0 0 0 0 10010
0 0 0 0 10010
0 0 0 0 10010
0 0 0 0 10010
0 0 0 0 10010
0 0 0 0 10010
0 0 0 0 10010
0 0 0 0 10010
0 0 0 0 10010
0 0 0 0 10010
0 0 0 0 10010
0 0 0 0 10010
0 0 0 0 10010
0 0 0 0 10010
0 0 0 0 10010
0 0 0 0 10010
0 0 0 0 10010
0 0 0 0 10010
0 0 0 0 10010
0 0 0 0 10010
0 0 0 0 10010
0 0 0 0 10010
0 0 0 0 10010
0 0 0 0 10010
0 0 0 0 10010
0 0 0 0 10010
0 0 0 0 10010
0 0 0 0 10010
0 0 0 0 10010
0 0 0 0 10010
0 0 0 0 10010
0 0 0 0 10010
0 0 0 0 10010
0 0 0 0 10010
0 0 0 0 10010
0 0 0 0 10010
0 0 0 0 10010
0 0 0 0 10010
0 0 0 0 10010
0 0 0 0 10010
0 0 0 0 10010
0 0 0 0 10010
0 0 0 0 10010
0 0 0 0 10010
0 0 0 0 10010
0 0 0 0 10010
0 0 0 0 10010
0 0 0 0 10010
0 0 0 0 10010
0 0 0 0 10010
0 0 0 0 10010
0 0 0 0 10010
0 0 0 0 10010
0 0 0 0 10010
0 0 0 0 10010
0 0 0 0 10010
0 0 0 0 10010
0 0 0 0 10010
0 128 0 0 10010
0 128 0 0 10010
0 128 0 0 10010
0 128 0 0 10010
0 128 0 0 10010
0 128 0 0 10010
0 128 0 0 10010
0 128 0 0 10010
0 128 0 0 10010
0 128 0 0 10010
0 128 0 0 10010
0 128 0 0 10010
0 128 0 0 10010
0 128 0 0 10010
0 128 0 0 10010
0 128 0 0 10010
0 128 0 0 10010
0 128 0 0 10010
0 128 0 0 10010
0 128 0 0 10010
0 128 0 0 10010
0 128 0 0 10010
0 128 0 0 10010
0 128 0 0 10010
0 128 0 0 10010
0 128 0 0 10010
0 128 0 0 10010
0 128 0 0 10010
0 128 0 0 10010
0 128 0 0 10010
0 128 0 0 10010
0 128 0 0 10010
0 128 0 0 10010
0 128 0 0 10010
0 128 0 0 10010
0 128 0 0 10010
0 128 0 0 10010
0 128 0 0 10010
0 128 0 0 10010
0 128 0 0 10010
0 128 0 0 10010
0 128 0 0 10010
0 128 0 0 10010
0 128 0 0 10010
0 128 0 0 10010
0 128 0 0 10010
0 128 0 0 10010
0 128 0 0 10010
0 128 0 0 10010
0 128 0 0 10010
0 128 0 0 10010
0 128 0 0 10010
0 128 0 0 10010
0 128 0 0 10010
0 128 0 0 10010
0 128 0 0 10010
0 128 0 0 10010
0 128 0 0 10010
0 128 0 0 10010
0 128 0 0 10010
0 128 0 0 10010
0 128 0 0 10010
0 128 0 0 10010
0 128 0 0 10010
0 128 0 0 10010
0 128 0 0 10010
0 128 0 0 10010
0 128 0 0 10010
0 128 0 0 10010
0 128 0 0 10010
0 128 0 0 10010
0 128 0 0 10010
0 128 0 0 10010
0 128 0 0 10010
0 128 0 0 10010
0 128 0 0 10010
0 128 0 0 10010
0 128 0 0 10010
0 128 0 0 10010
0 128 0 0 10010
0 128 0 0 10010
0 128 0 0 10010
0 128 0 0 10010
0 128 0 0 10010
0 128 0 0 10010
0 128 0 0 10010
0 128 0 0 10010
0 128 0 0 10010
0 128 0 0 10010
0 128 0 0 10010
0 128 0 0 10010
0 128 0 0 10010
0 128 0 0 10010
0 128 0 0 10010
0 128 0 0 10010
0 128 0 0 10010
0 128 0 0 10010
0 128 0 0 10010
0 128 0 0 10010
0 128 0 0 10010
0 128 0 0 10010
0 128 0 0 10010
0 128 0 0 10010
0 129 0 0 10010
0 130 0 0 10010
0 132 0 0 10010
0 133 0 0 10010
0 135 0 0 10010
0 138 0 0 10010
0 141 0 0 10010
0 144 0 0 10010
0 147 0 0 10010
0 151 0 0 10010
0 154 0 0 10010
0 159 0 0 10010
0 163 0 0 10010
0 168 0 0 10010
0 173 0 0 10010
0 178 0 0 10010
0 184 0 0 10010
0 189 0 0 10010
0 195 0 0 10010
0 201 0 0 10010
0 206 0 0 10010
0 212 0 0 10010
0 218 0 0 10010
0 224 0 0 10010
0 229 0 0 10010
0 234 0 0 10010
0 239 0 0 10010
0 243 0 0 10010
0 247 0 0 10010
0 250 0 0 10010
0 253 0 0 10010
0 255 0 0 10010
0 255 0 0 10010
0 255 0 0 10010
0 254 0 0 10010
0 252 0 0 10010
0 248 0 0 10010
0 243 0 0 10010
0 237 0 0 10010
0 230 0 0 10010
0 221 0 0 10010
0 211 0 0 10010
0 199 0 0 10010
0 187 0 0 10010
0 173 0 0 10010
0 159 0 0 10010
0 143 0 0 10010
0 128 0 0 10010
0 111 0 0 10010
0 95 0 0 10010
0 79 0 0 10010
0 64 0 0 10010
0 49 0 0 10010
0 36 0 0 10010
0 24 0 0 10010
0 14 0 0 10010
0 7 0 0 10010
0 2 0 0 10010
0 0 0 0 10010
0 0 0 0 10010
0 4 0 0 10010
0 11 0 0 10010
0 22 0 0 10010
0 35 0 0 10010
0 51 0 0 10010
0 69 0 0 10010
0 90 0 0 10010
0 111 0 0 10010
0 134 0 0 10010
0 157 0 0 10010
0 179 0 0 10010
0 200 0 0 10010
0 218 0 0 10010
0 233 0 0 10010
0 245 0 0 10010
0 253 0 0 10010
0 255 0 0 10010
0 253 0 0 10010
0 246 0 0 10010
0 233 0 0 10010
0 216 0 0 10010
0 195 0 0 10010
0 171 0 0 10010
0 144 0 0 10010
0 116 0 0 10010
0 89 0 0 10010
0 63 0 0 10010
0 40 0 0 10010
0 21 0 0 10010
0 8 0 0 10010
0 1 0 0 10010
0 0 0 0 10010
0 7 0 0 10010
0 21 0 0 10010
0 41 0 0 10010
0 66 0 0 10010
0 96 0 0 10010
0 127 0 0 10010
0 159 0 0 10010
0 190 0 0 10010
0 216 0 0 10010
0 237 0 0 10010
0 250 0 0 10010
0 255 0 0 10010
0 252 0 0 10010
0 239 0 0 10010
0 217 0 0 10010
0 189 0 0 10010
0 156 0 0 10010
0 120 0 0 10010
0 85 0 0 10010
0 53 0 0 10010
0 26 0 0 10010
0 8 0 0 10010
0 0 0 0 10010
0 3 0 0 10010
0 16 0 0 10010
0 40 0 0 10010
0 72 0 0 10010
0 109 0 0 10010
0 148 0 0 10010
0 186 0 0 10010
0 218 0 0 10010
0 242 0 0 10010
0 254 0 0 10010
0 254 0 0 10010
0 240 0 0 10010
0 215 0 0 10010
0 180 0 0 10010
0 140 0 0 10010
0 97 0 0 10010
0 58 0 0 10010
0 26 0 0 10010
0 6 0 0 10010
0 0 0 0 10010
0 8 0 0 10010
0 31 0 0 10010
0 66 0 0 10010
0 108 0 0 10010
0 154 0 0 10010
0 196 0 0 10010
0 230 0 0 10010
0 250 0 0 10010
0 255 0 0 10010
0 243 0 0 10010
0 215 0 0 10010
0 174 0 0 10010
0 128 0 0 10010
0 80 0 0 10010
0 39 0 0 10010
0 11 0 0 10010
0 0 0 0 10010
0 7 0 0 10010
0 33 0 0 10010
0 73 0 0 10010
0 122 0 0 10010
0 172 0 0 10010
0 215 0 0 10010
0 245 0 0 10010
0 255 0 0 10010
0 245 0 0 10010
0 216 0 0 10010
0 171 0 0 10010
0 118 0 0 10010
0 67 0 0 10010
0 26 0 0 10010
0 3 0 0 10010
0 2 0 0 10010
0 23 0 0 10010
0 64 0 0 10010
0 116 0 0 10010
0 171 0 0 10010
0 218 0 0 10010
0 248 0 0 10010
0 255 0 0 10010
0 237 0 0 10010
0 197 0 0 10010
0 144 0 0 10010
0 86 0 0 10010
0 37 0 0 10010
0 6 0 0 10010
0 1 0 0 10010
0 22 0 0 10010
0 65 0 0 10010
0 123 0 0 10010
0 181 0 0 10010
0 228 0 0 10010
0 253 0 0 10010
0 250 0 0 10010
0 219 0 0 10010
0 167 0 0 10010
0 106 0 0 10010
0 49 0 0 10010
0 11 0 0 10010
0 0 0 0 10010
0 20 0 0 10010
0 66 0 0 10010
0 127 0 0 10010
0 189 0 0 10010
0 236 0 0 10010
0 255 0 0 10010
0 242 0 0 10010
0 199 0 0 10010
0 138 0 0 10010
0 73 0 0 10010
0 23 0 0 10010
0 0 0 0 10010
0 12 0 0 10010
0 55 0 0 10010
0 118 0 0 10010
0 185 0 0 10010
0 235 0 0 10010
0 255 0 0 10010
0 239 0 0 10010
0 191 0 0 10010
0 124 0 0 10010
0 57 0 0 10010
0 12 0 0 10010
0 0 0 0 10010
0 27 0 0 10010
0 85 0 0 10010
0 156 0 0 10010
0 218 0 0 10010
0 252 0 0 10010
0 248 0 0 10010
0 205 0 0 10010
0 137 0 0 10010
0 66 0 0 10010
0 14 0 0 10010
0 0 0 0 10010
0 28 0 0 10010
0 89 0 0 10010
0 163 0 0 10010
0 226 0 0 10010
0 255 0 0 10010
0 240 0 0 10010
0 186 0 0 10010
0 111 0 0 10010
0 42 0 0 10010
0 3 0 0 10010
0 8 0 0 10010
0 57 0 0 10010
0 132 0 0 10010
0 205 0 0 10010
0 250 0 0 10010
0 249 0 0 10010
0 203 0 0 10010
0 127 0 0 10010
0 52 0 0 10010
0 6 0 0 10010
0 6 0 0 10010
0 54 0 0 10010
0 132 0 0 10010
0 207 0 0 10010
0 251 0 0 10010
0 246 0 0 10010
0 192 0 0 10010
0 111 0 0 10010
0 37 0 0 10010
0 1 0 0 10010
0 17 0 0 10010
0 80 0 0 10010
0 163 0 0 10010
0 232 0 0 10010
0 255 0 0 10010
0 224 0 0 10010
0 150 0 0 10010
0 66 0 0 10010
0 9 0 0 10010
0 5 0 0 10010
0 56 0 0 10010
0 140 0 0 10010
0 218 0 0 10010
0 255 0 0 10010
0 233 0 0 10010
0 162 0 0 10010
0 74 0 0 10010
0 12 0 0 10010
0 4 0 0 10010
0 55 0 0 10010
0 142 0 0 10010
0 221 0 0 10010
0 255 0 0 10010
0 227 0 0 10010
0 148 0 0 10010
0 60 0 0 10010
0 5 0 0 10010
0 12 0 0 10010
0 78 0 0 10010
0 169 0 0 10010
0 240 0 0 10010
0 252 0 0 10010
0 199 0 0 10010
0 109 0 0 10010
0 28 0 0 10010
0 0 0 0 10010
0 40 0 0 10010
0 127 0 0 10010
0 215 0 0 10010
0 255 0 0 10010
0 225 0 0 10010
0 141 0 0 10010
0 49 0 0 10010
0 1 0 0 10010
0 24 0 0 10010
0 106 0 0 10010
0 200 0 0 10010
0 253 0 0 10010
0 234 0 0 10010
0 152 0 0 10010
0 56 0 0 10010
0 2 0 0 10010
0 22 0 0 10010
0 104 0 0 10010
0 201 0 0 10010
0 254 0 0 10010
0 230 0 0 10010
0 144 0 0 10010
0 47 0 0 10010
0 0 0 0 10010
0 32 0 0 10010
0 124 0 0 10010
0 218 0 0 10010
0 255 0 0 10010
0 212 0 0 10010
0 114 0 0 10010
0 25 0 0 10010
0 2 0 0 10010
0 60 0 0 10010
0 163 0 0 10010
0 243 0 0 10010
0 246 0 0 10010
0 171 0 0 10010
0 66 0 0 10010
0 3 0 0 10010
0 23 0 0 10010
0 115 0 0 10010
0 215 0 0 10010
0 255 0 0 10010
0 207 0 0 10010
0 104 0 0 10010
0 16 0 0 10010
0 7 0 0 10010
0 83 0 0 10010
0 190 0 0 10010
0 253 0 0 10010
0 226 0 0 10010
0 128 0 0 10010
0 29 0 0 10010
0 2 0 0 10010
0 67 0 0 10010
0 177 0 0 10010
0 250 0 0 10010
0 232 0 0 10010
0 136 0 0 10010
0 33 0 0 10010
0 1 0 0 10010
0 66 0 0 10010
0 178 0 0 10010
0 251 0 0 10010
0 229 0 0 10010
0 128 0 0 10010
0 26 0 0 10010
0 4 0 0 10010
0 79 0 0 10010
0 193 0 0 10010
0 255 0 0 10010
0 215 0 0 10010
0 105 0 0 10010
0 13 0 0 10010
0 14 0 0 10010
0 108 0 0 10010
0 218 0 0 10010
0 254 0 0 10010
0 185 0 0 10010
0 68 0 0 10010
0 1 0 0 10010
0 40 0 0 10010
0 153 0 0 10010
0 245 0 0 10010
0 237 0 0 10010
0 135 0 0 10010
0 26 0 0 10010
0 6 0 0 10010
0 91 0 0 10010
0 208 0 0 10010
0 255 0 0 10010
0 189 0 0 10010
0 69 0 0 10010
0 0 0 0 10010
0 46 0 0 10010
0 165 0 0 10010
0 250 0 0 10010
0 224 0 0 10010
0 110 0 0 10010
0 11 0 0 10010
0 20 0 0 10010
0 128 0 0 10010
0 128 0 0 10010
0 128 0 0 10010
0 128 0 0 10010
0 128 0 0 10010
0 128 0 0 10010
0 128 0 0 10010
0 128 0 0 10010
0 128 0 0 10010
0 128 0 0 10010
0 128 0 0 10010
0 128 0 0 10010
0 128 0 0 10010
0 128 0 0 10010
0 128 0 0 10010
0 128 0 0 10010
0 128 0 0 10010
0 128 0 0 10010
0 128 0 0 10010
0 128 0 0 10010
0 128 0 0 10010
0 128 0 0 10010
0 128 0 0 10010
0 128 0 0 10010
0 128 0 0 10010
0 128 0 0 10010
0 128 0 0 10010
0 128 0 0 10010
0 128 0 0 10010
0 128 0 0 10010
0 128 0 0 10010
0 128 0 0 10010
0 128 0 0 10010
0 128 0 0 10010
0 128 0 0 10010
0 128 0 0 10010
0 128 0 0 10010
0 128 0 0 10010
0 128 0 0 10010
0 128 0 0 10010
0 128 0 0 10010
0 128 0 0 10010
0 128 0 0 10010
0 128 0 0 10010
0 128 0 0 10010
0 128 0 0 10010
0 128 0 0 10010
0 128 0 0 10010
0 128 0 0 10010
0 128 0 0 10010
0 128 0 0 10010
0 128 0 0 10010
0 128 0 0 10010
0 128 0 0 10010
0 128 0 0 10010
0 128 0 0 10010
0 128 0 0 10010
0 128 0 0 10010
0 128 0 0 10010
0 128 0 0 10010
0 128 0 0 10010
0 128 0 0 10010
0 128 0 0 10010
0 128 0 0 10010
0 128 0 0 10010
0 128 0 0 10010
0 128 0 0 10010
0 128 0 0 10010
0 128 0 0 10010
0 128 0 0 10010
0 128 0 0 10010
0 128 0 0 10010
0 128 0 0 10010
0 128 0 0 10010
0 128 0 0 10010
0 128 0 0 10010
0 128 0 0 10010
0 128 0 0 10010
0 128 0 0 10010
0 128 0 0 10010
0 128 0 0 10010
0 128 0 0 10010
0 128 0 0 10010
0 128 0 0 10010
0 128 0 0 10010
0 128 0 0 10010
0 128 0 0 10010
0 128 0 0 10010
0 128 0 0 10010
0 128 0 0 10010
0 128 0 0 10010
0 128 0 0 10010
0 128 0 0 10010
0 128 0 0 10010
0 128 0 0 10010
0 128 0 0 10010
0 128 0 0 10010
0 128 0 0 10010
0 128 0 0 10010
0 128 0 0 10010
0 128 0 0 10010
0 128 0 0 10010
0 128 0 0 10010
0 128 0 0 10010
0 129 0 0 10010
0 129 0 0 10010
0 129 0 0 10010
0 130 0 0 10010
0 130 0 0 10010
0 130 0 0 10010
0 129 0 0 10010
0 129 0 0 10010
0 128 0 0 10010
0 127 0 0 10010
0 126 0 0 10010
0 125 0 0 10010
0 124 0 0 10010
0 123 0 0 10010
0 122 0 0 10010
0 121 0 0 10010
0 121 0 0 10010
0 122 0 0 10010
0 123 0 0 10010
0 124 0 0 10010
0 126 0 0 10010
0 128 0 0 10010
0 130 0 0 10010
0 132 0 0 10010
0 134 0 0 10010
0 135 0 0 10010
0 137 0 0 10010
0 137 0 0 10010
0 138 0 0 10010
0 137 0 0 10010
0 136 0 0 10010
0 134 0 0 10010
0 132 0 0 10010
0 129 0 0 10010
0 126 0 0 10010
0 123 0 0 10010
0 120 0 0 10010
0 117 0 0 10010
0 115 0 0 10010
0 114 0 0 10010
0 113 0 0 10010
0 114 0 0 10010
0 115 0 0 10010
0 117 0 0 10010
0 120 0 0 10010
0 124 0 0 10010
0 127 0 0 10010
0 132 0 0 10010
0 136 0 0 10010
0 139 0 0 10010
0 142 0 0 10010
0 144 0 0 10010
0 145 0 0 10010
0 145 0 0 10010
0 144 0 0 10010
0 142 0 0 10010
0 139 0 0 10010
0 135 0 0 10010
0 130 0 0 10010
0 125 0 0 10010
0 120 0 0 10010
0 115 0 0 10010
0 111 0 0 10010
0 108 0 0 10010
0 106 0 0 10010
0 105 0 0 10010
0 106 0 0 10010
0 108 0 0 10010
0 112 0 0 10010
0 116 0 0 10010
0 122 0 0 10010
0 127 0 0 10010
0 134 0 0 10010
0 139 0 0 10010
0 145 0 0 10010
0 149 0 0 10010
0 152 0 0 10010
0 153 0 0 10010
0 153 0 0 10010
0 152 0 0 10010
0 148 0 0 10010
0 143 0 0 10010
0 138 0 0 10010
0 131 0 0 10010
0 124 0 0 10010
0 117 0 0 10010
0 111 0 0 10010
0 105 0 0 10010
0 101 0 0 10010
0 98 0 0 10010
0 97 0 0 10010
0 99 0 0 10010
0 102 0 0 10010
0 106 0 0 10010
0 112 0 0 10010
0 120 0 0 10010
0 127 0 0 10010
0 136 0 0 10010
0 143 0 0 10010
0 150 0 0 10010
0 156 0 0 10010
0 159 0 0 10010
0 161 0 0 10010
0 161 0 0 10010
0 159 0 0 10010
0 154 0 0 10010
0 148 0 0 10010
0 141 0 0 10010
0 132 0 0 10010
0 123 0 0 10010
0 114 0 0 10010
0 106 0 0 10010
0 99 0 0 10010
0 94 0 0 10010
0 90 0 0 10010
0 89 0 0 10010
0 91 0 0 10010
0 95 0 0 10010
0 101 0 0 10010
0 109 0 0 10010
0 118 0 0 10010
0 127 0 0 10010
0 138 0 0 10010
0 147 0 0 10010
0 156 0 0 10010
0 162 0 0 10010
0 167 0 0 10010
0 169 0 0 10010
0 169 0 0 10010
0 166 0 0 10010
0 161 0 0 10010
0 153 0 0 10010
0 144 0 0 10010
0 133 0 0 10010
0 122 0 0 10010
0 111 0 0 10010
0 101 0 0 10010
0 93 0 0 10010
0 86 0 0 10010
0 83 0 0 10010
0 82 0 0 10010
0 83 0 0 10010
0 88 0 0 10010
0 95 0 0 10010
0 105 0 0 10010
0 116 0 0 10010
0 127 0 0 10010
0 140 0 0 10010
0 151 0 0 10010
0 161 0 0 10010
0 169 0 0 10010
0 175 0 0 10010
0 177 0 0 10010
0 177 0 0 10010
0 173 0 0 10010
0 167 0 0 10010
0 158 0 0 10010
0 146 0 0 10010
0 134 0 0 10010
0 121 0 0 10010
0 108 0 0 10010
0 96 0 0 10010
0 87 0 0 10010
0 79 0 0 10010
0 75 0 0 10010
0 74 0 0 10010
0 76 0 0 10010
0 81 0 0 10010
0 90 0 0 10010
0 101 0 0 10010
0 114 0 0 10010
0 127 0 0 10010
0 142 0 0 10010
0 155 0 0 10010
0 166 0 0 10010
0 176 0 0 10010
0 182 0 0 10010
0 185 0 0 10010
0 185 0 0 10010
0 180 0 0 10010
0 173 0 0 10010
0 162 0 0 10010
0 149 0 0 10010
0 135 0 0 10010
0 120 0 0 10010
0 105 0 0 10010
0 92 0 0 10010
0 80 0 0 10010
0 72 0 0 10010
0 67 0 0 10010
0 66 0 0 10010
0 68 0 0 10010
0 75 0 0 10010
0 84 0 0 10010
0 97 0 0 10010
0 112 0 0 10010
0 127 0 0 10010
0 143 0 0 10010
0 159 0 0 10010
0 172 0 0 10010
0 183 0 0 10010
0 190 0 0 10010
0 193 0 0 10010
0 193 0 0 10010
0 188 0 0 10010
0 179 0 0 10010
0 167 0 0 10010
0 152 0 0 10010
0 136 0 0 10010
0 119 0 0 10010
0 102 0 0 10010
0 87 0 0 10010
0 74 0 0 10010
0 65 0 0 10010
0 59 0 0 10010
0 58 0 0 10010
0 61 0 0 10010
0 68 0 0 10010
0 79 0 0 10010
0 93 0 0 10010
0 110 0 0 10010
0 127 0 0 10010
0 145 0 0 10010
0 162 0 0 10010
0 177 0 0 10010
0 189 0 0 10010
0 197 0 0 10010
0 201 0 0 10010
0 200 0 0 10010
0 195 0 0 10010
0 185 0 0 10010
0 172 0 0 10010
0 155 0 0 10010
0 137 0 0 10010
0 118 0 0 10010
0 99 0 0 10010
0 82 0 0 10010
0 68 0 0 10010
0 57 0 0 10010
0 51 0 0 10010
0 50 0 0 10010
0 53 0 0 10010
0 61 0 0 10010
0 73 0 0 10010
0 89 0 0 10010
0 108 0 0 10010
0 127 0 0 10010
0 147 0 0 10010
0 166 0 0 10010
0 183 0 0 10010
0 196 0 0 10010
0 205 0 0 10010
0 209 0 0 10010
0 208 0 0 10010
0 202 0 0 10010
0 191 0 0 10010
0 176 0 0 10010
0 158 0 0 10010
0 138 0 0 10010
0 117 0 0 10010
0 96 0 0 10010
0 78 0 0 10010
0 62 0 0 10010
0 50 0 0 10010
0 43 0 0 10010
0 42 0 0 10010
0 45 0 0 10010
0 54 0 0 10010
0 68 0 0 10010
0 85 0 0 10010
0 106 0 0 10010
0 127 0 0 10010
0 149 0 0 10010
0 170 0 0 10010
0 188 0 0 10010
0 203 0 0 10010
0 213 0 0 10010
0 217 0 0 10010
0 216 0 0 10010
0 209 0 0 10010
0 198 0 0 10010
0 181 0 0 10010
0 161 0 0 10010
0 139 0 0 10010
0 116 0 0 10010
0 93 0 0 10010
0 73 0 0 10010
0 56 0 0 10010
0 43 0 0 10010
0 35 0 0 10010
0 34 0 0 10010
0 38 0 0 10010
0 48 0 0 10010
0 62 0 0 10010
0 82 0 0 10010
0 104 0 0 10010
0 127 0 0 10010
0 151 0 0 10010
0 174 0 0 10010
0 194 0 0 10010
0 210 0 0 10010
0 220 0 0 10010
0 225 0 0 10010
0 224 0 0 10010
0 217 0 0 10010
0 204 0 0 10010
0 186 0 0 10010
0 164 0 0 10010
0 140 0 0 10010
0 115 0 0 10010
0 91 0 0 10010
0 68 0 0 10010
0 50 0 0 10010
0 36 0 0 10010
0 28 0 0 10010
0 26 0 0 10010
0 30 0 0 10010
0 41 0 0 10010
0 57 0 0 10010
0 78 0 0 10010
0 102 0 0 10010
0 128 0 0 10010
0 153 0 0 10010
0 178 0 0 10010
0 199 0 0 10010
0 216 0 0 10010
0 228 0 0 10010
0 233 0 0 10010
0 232 0 0 10010
0 224 0 0 10010
0 210 0 0 10010
0 191 0 0 10010
0 167 0 0 10010
0 141 0 0 10010
0 114 0 0 10010
0 88 0 0 10010
0 64 0 0 10010
0 43 0 0 10010
0 28 0 0 10010
0 20 0 0 10010
0 18 0 0 10010
0 23 0 0 10010
0 34 0 0 10010
0 51 0 0 10010
0 74 0 0 10010
0 100 0 0 10010
0 127 0 0 10010
0 155 0 0 10010
0 182 0 0 10010
0 205 0 0 10010
0 223 0 0 10010
0 236 0 0 10010
0 241 0 0 10010
0 240 0 0 10010
0 231 0 0 10010
0 216 0 0 10010
0 195 0 0 10010
0 170 0 0 10010
0 142 0 0 10010
0 113 0 0 10010
0 85 0 0 10010
0 59 0 0 10010
0 37 0 0 10010
0 21 0 0 10010
0 12 0 0 10010
0 10 0 0 10010
0 15 0 0 10010
0 27 0 0 10010
0 46 0 0 10010
0 70 0 0 10010
0 98 0 0 10010
0 127 0 0 10010
0 157 0 0 10010
0 186 0 0 10010
0 210 0 0 10010
0 230 0 0 10010
0 243 0 0 10010
0 249 0 0 10010
0 248 0 0 10010
0 238 0 0 10010
0 222 0 0 10010
0 200 0 0 10010
0 173 0 0 10010
0 143 0 0 10010
0 112 0 0 10010
0 82 0 0 10010
0 54 0 0 10010
0 31 0 0 10010
0 14 0 0 10010
0 4 0 0 10010
0 2 0 0 10010
0 7 0 0 10010
0 21 0 0 10010
0 41 0 0 10010
0 66 0 0 10010
0 96 0 0 10010
0 128 0 0 10010
0 128 0 0 10010
0 128 0 0 10010
0 128 0 0 10010
0 128 0 0 10010
0 128 0 0 10010
0 128 0 0 10010
0 128 0 0 10010
0 128 0 0 10010
0 128 0 0 10010
0 128 0 0 10010
0 128 0 0 10010
0 128 0 0 10010
0 128 0 0 10010
0 128 0 0 10010
0 128 0 0 10010
0 128 0 0 10010
0 128 0 0 10010
0 128 0 0 10010
0 128 0 0 10010
0 128 0 0 10010
0 128 0 0 10010
0 128 0 0 10010
0 128 0 0 10010
0 128 0 0 10010
0 128 0 0 10010
0 128 0 0 10010
0 128 0 0 10010
0 128 0 0 10010
0 128 0 0 10010
0 128 0 0 10010
0 128 0 0 10010
0 128 0 0 10010
0 128 0 0 10010
0 128 0 0 10010
0 128 0 0 10010
0 128 0 0 10010
0 128 0 0 10010
0 128 0 0 10010
0 128 0 0 10010
0 128 0 0 10010
0 128 0 0 10010
0 128 0 0 10010
0 128 0 0 10010
0 128 0 0 10010
0 128 0 0 10010
0 128 0 0 10010
0 128 0 0 10010
0 128 0 0 10010
0 128 0 0 10010
0 128 0 0 10010
0 128 0 0 10010
0 128 0 0 10010
0 128 0 0 10010
0 128 0 0 10010
0 128 0 0 10010
0 128 0 0 10010
0 128 0 0 10010
0 128 0 0 10010
0 128 0 0 10010
0 128 0 0 10010
0 128 0 0 10010
0 128 0 0 10010
0 128 0 0 10010
0 128 0 0 10010
0 128 0 0 10010
0 128 0 0 10010
0 128 0 0 10010
0 128 0 0 10010
0 128 0 0 10010
0 128 0 0 10010
0 128 0 0 10010
0 128 0 0 10010
0 128 0 0 10010
0 128 0 0 10010
0 128 0 0 10010
0 128 0 0 10010
0 128 0 0 10010
0 128 0 0 10010
0 128 0 0 10010
0 128 0 0 10010
0 128 0 0 10010
0 128 0 0 10010
0 128 0 0 10010
0 128 0 0 10010
0 128 0 0 10010
0 128 0 0 10010
0 128 0 0 10010
0 128 0 0 10010
0 128 0 0 10010
0 128 0 0 10010
0 128 0 0 10010
0 128 0 0 10010
0 128 0 0 10010
0 128 0 0 10010
0 128 0 0 10010
0 128 0 0 10010
0 128 0 0 10010
0 128 0 0 10010
0 128 0 0 10010
0 0 0 0 10010
0 0 0 0 10011
0 0 0 0 10011
0 0 0 0 10011
0 0 0 0 10011
0 0 0 0 10011
0 0 0 0 10011
0 0 0 0 10011
0 0 0 0 10011
0 0 0 0 10011
0 0 0 0 10011
0 0 0 0 10011
0 0 0 0 10011
0 0 0 0 10011
0 0 0 0 10011
0 0 0 0 10011
0 0 0 0 10011
0 0 0 0 10011
0 0 0 0 10011
0 0 0 0 10011
0 0 0 0 10011
0 0 0 0 10011
0 0 0 0 10011
0 0 0 0 10011
0 0 0 0 10011
0 0 0 0 10011
0 0 0 0 10011
0 0 0 0 10011
0 0 0 0 10011
0 0 0 0 10011
0 0 0 0 10011
0 0 0 0 10011
0 0 0 0 10011
0 0 0 0 10011
0 0 0 0 10011
0 0 0 0 10011
0 0 0 0 10011
0 0 0 0 10011
0 0 0 0 10011
0 0 0 0 10011
0 0 0 0 10011
0 0 0 0 10011
0 0 0 0 10011
0 0 0 0 10011
0 0 0 0 10011
0 0 0 0 10011
0 0 0 0 10011
0 0 0 0 10011
0 0 0 0 10011
0 0 0 0 10011
0 0 0 0 10011
0 0 0 0 10011
0 0 0 0 10011
0 0 0 0 10011
0 0 0 0 10011
0 0 0 0 10011
0 0 0 0 10011
0 0 0 0 10011
0 0 0 0 10011
0 0 0 0 10011
0 0 0 0 10011
0 0 0 0 10011
0 0 0 0 10011
0 0 0 0 10011
0 0 0 0 10011
0 0 0 0 10011
0 0 0 0 10011
0 0 0 0 10011
0 0 0 0 10011
0 0 0 0 10011
0 0 0 0 10011
0 0 0 0 10011
0 0 0 0 10011
0 0 0 0 10011
0 0 0 0 10011
0 0 0 0 10011
0 0 0 0 10011
0 0 0 0 10011
0 0 0 0 10011
0 0 0 0 10011
0 0 0 0 10011
0 0 0 0 10011
0 0 0 0 10011
0 0 0 0 10011
0 0 0 0 10011
0 0 0 0 10011
0 0 0 0 10011
0 0 0 0 10011
0 0 0 0 10011
0 0 0 0 10011
0 0 0 0 10011
0 0 0 0 10011
0 0 0 0 10011
0 0 0 0 10011
0 0 0 0 10011
0 0 0 0 10011
0 0 0 0 10011
0 0 0 0 10011
0 0 0 0 10011
0 0 0 0 10011
0 0 0 0 10011
0 0 0 0 10011
0 0 0 0 10011
0 0 0 0 10011
0 0 0 0 10011
0 0 0 0 10011
0 0 0 0 10011
0 0 0 0 10011
0 0 0 0 10011
0 0 0 0 10011
0 0 0 0 10011
0 0 0 0 10011
0 0 0 0 10011
0 0 0 0 10011
0 0 0 0 10011
0 0 0 0 10011
0 0 0 0 10011
0 0 0 0 10011
0 0 0 0 10011
0 0 0 0 10011
0 0 0 0 10011
0 0 0 0 10011
0 0 0 0 10011
0 0 0 0 10011
0 0 0 0 10011
0 0 0 0 10011
0 0 0 0 10011
0 0 0 0 10011
0 0 0 0 10011
0 0 0 0 10011
0 0 0 0 10011
0 0 0 0 10011
0 0 0 0 10011
0 0 0 0 10011
0 0 0 0 10011
0 0 0 0 10011
0 0 0 0 10011
0 0 0 0 10011
0 0 0 0 10011
0 0 0 0 10011
0 0 0 0 10011
0 0 0 0 10011
0 0 0 0 10011
0 0 0 0 10011
0 0 0 0 10011
0 0 0 0 10011
0 0 0 0 10011
0 0 0 0 10011
0 0 0 0 10011
0 0 0 0 10011
0 0 0 0 10011
0 0 0 0 10011
0 0 0 0 10011
0 0 0 0 10011
0 0 0 0 10011
0 0 0 0 10011
0 0 0 0 10011
0 0 0 0 10011
0 0 0 0 10011
0 0 0 0 10011
0 0 0 0 10011
0 0 0 0 10011
0 0 0 0 10011
0 0 0 0 10011
0 0 0 0 10011
0 0 0 0 10011
0 0 0 0 10011
0 0 0 0 10011
0 0 0 0 10011
0 0 0 0 10011
0 0 0 0 10011
0 0 0 0 10011
0 0 0 0 10011
0 0 0 0 10011
0 0 0 0 10011
0 0 0 0 10011
0 0 0 0 10011
0 0 0 0 10011
0 0 0 0 10011
0 0 0 0 10011
0 0 0 0 10011
0 0 0 0 10011
0 0 0 0 10011
0 0 0 0 10011
0 0 0 0 10011
0 0 0 0 10011
0 0 0 0 10011
0 0 0 0 10011
0 0 0 0 10011
0 0 0 0 10011
0 0 0 0 10011
0 0 0 0 10011
0 0 0 0 10011
0 0 0 0 10011
0 0 0 0 10011
0 0 0 0 10011
0 0 0 0 10011
0 0 0 0 10011
0 0 0 0 10011
0 0 0 0 10011
0 255 0 0 10011
0 255 0 0 10011
0 255 0 0 10011
0 255 0 0 10011
0 255 0 0 10011
0 255 0 0 10011
0 255 0 0 10011
0 255 0 0 10011
0 255 0 0 10011
0 255 0 0 10011
0 255 0 0 10011
0 255 0 0 10011
0 255 0 0 10011
0 255 0 0 10011
0 255 0 0 10011
0 255 0 0 10011
0 255 0 0 10011
0 255 0 0 10011
0 255 0 0 10011
0 255 0 0 10011
0 255 0 0 10011
0 255 0 0 10011
0 255 0 0 10011
0 255 0 0 10011
0 255 0 0 10011
0 255 0 0 10011
0 255 0 0 10011
0 255 0 0 10011
0 255 0 0 10011
0 255 0 0 10011
0 255 0 0 10011
0 255 0 0 10011
0 255 0 0 10011
0 255 0 0 10011
0 255 0 0 10011
0 255 0 0 10011
0 255 0 0 10011
0 255 0 0 10011
0 255 0 0 10011
0 255 0 0 10011
0 255 0 0 10011
0 255 0 0 10011
0 255 0 0 10011
0 255 0 0 10011
0 255 0 0 10011
0 255 0 0 10011
0 255 0 0 10011
0 255 0 0 10011
0 255 0 0 10011
0 255 0 0 10011
0 255 0 0 10011
0 255 0 0 10011
0 255 0 0 10011
0 255 0 0 10011
0 255 0 0 10011
0 255 0 0 10011
0 255 0 0 10011
0 255 0 0 10011
0 255 0 0 10011
0 255 0 0 10011
0 255 0 0 10011
0 255 0 0 10011
0 255 0 0 10011
0 255 0 0 10011
0 255 0 0 10011
0 255 0 0 10011
0 255 0 0 10011
0 255 0 0 10011
0 255 0 0 10011
0 255 0 0 10011
0 255 0 0 10011
0 255 0 0 10011
0 255 0 0 10011
0 255 0 0 10011
0 255 0 0 10011
0 255 0 0 10011
0 255 0 0 10011
0 255 0 0 10011
0 255 0 0 10011
0 255 0 0 10011
0 255 0 0 10011
0 255 0 0 10011
0 255 0 0 10011
0 255 0 0 10011
0 255 0 0 10011
0 255 0 0 10011
0 255 0 0 10011
0 255 0 0 10011
0 255 0 0 10011
0 255 0 0 10011
0 255 0 0 10011
0 255 0 0 10011
0 255 0 0 10011
0 255 0 0 10011
0 255 0 0 10011
0 255 0 0 10011
0 255 0 0 10011
0 255 0 0 10011
0 255 0 0 10011
0 255 0 0 10011
0 255 0 0 10011
0 255 0 0 10011
0 255 0 0 10011
0 255 0 0 10011
0 255 0 0 10011
0 255 0 0 10011
0 255 0 0 10011
0 255 0 0 10011
0 255 0 0 10011
0 255 0 0 10011
0 255 0 0 10011
0 255 0 0 10011
0 255 0 0 10011
0 255 0 0 10011
0 255 0 0 10011
0 255 0 0 10011
0 255 0 0 10011
0 255 0 0 10011
0 255 0 0 10011
0 255 0 0 10011
0 255 0 0 10011
0 255 0 0 10011
0 255 0 0 10011
0 255 0 0 10011
0 255 0 0 10011
0 255 0 0 10011
0 255 0 0 10011
0 255 0 0 10011
0 255 0 0 10011
0 255 0 0 10011
0 255 0 0 10011
0 255 0 0 10011
0 255 0 0 10011
0 255 0 0 10011
0 255 0 0 10011
0 255 0 0 10011
0 255 0 0 10011
0 255 0 0 10011
0 255 0 0 10011
0 255 0 0 10011
0 255 0 0 10011
0 255 0 0 10011
0 255 0 0 10011
0 255 0 0 10011
0 255 0 0 10011
0 255 0 0 10011
0 255 0 0 10011
0 255 0 0 10011
0 255 0 0 10011
0 255 0 0 10011
0 0 0 0 10011
0 0 0 0 10011
0 0 0 0 10011
0 0 0 0 10011
0 0 0 0 10011
0 0 0 0 10011
0 0 0 0 10011
0 0 0 0 10011
0 0 0 0 10011
0 0 0 0 10011
0 0 0 0 10011
0 0 0 0 10011
0 0 0 0 10011
0 0 0 0 10011
0 0 0 0 10011
0 0 0 0 10011
0 0 0 0 10011
0 0 0 0 10011
0 0 0 0 10011
0 0 0 0 10011
0 0 0 0 10011
0 0 0 0 10011
0 0 0 0 10011
0 0 0 0 10011
0 0 0 0 10011
0 0 0 0 10011
0 0 0 0 10011
0 0 0 0 10011
0 0 0 0 10011
0 0 0 0 10011
0 0 0 0 10011
0 0 0 0 10011
0 0 0 0 10011
0 0 0 0 10011
0 0 0 0 10011
0 0 0 0 10011
0 0 0 0 10011
0 0 0 0 10011
0 0 0 0 10011
0 0 0 0 10011
0 0 0 0 10011
0 0 0 0 10011
0 0 0 0 10011
0 0 0 0 10011
0 0 0 0 10011
0 0 0 0 10011
0 0 0 0 10011
0 0 0 0 10011
0 0 0 0 10011
0 0 0 0 10011
0 0 0 0 10011
0 0 0 0 10011
0 0 0 0 10011
0 0 0 0 10011
0 0 0 0 10011
0 0 0 0 10011
0 0 0 0 10011
0 0 0 0 10011
0 0 0 0 10011
0 0 0 0 10011
0 0 0 0 10011
0 0 0 0 10011
0 0 0 0 10011
0 0 0 0 10011
0 0 0 0 10011
0 0 0 0 10011
0 0 0 0 10011
0 0 0 0 10011
0 0 0 0 10011
0 0 0 0 10011
0 0 0 0 10011
0 0 0 0 10011
0 0 0 0 10011
0 0 0 0 10011
0 0 0 0 10011
0 0 0 0 10011
0 0 0 0 10011
0 0 0 0 10011
0 0 0 0 10011
0 0 0 0 10011
0 0 0 0 10011
0 0 0 0 10011
0 0 0 0 10011
0 0 0 0 10011
0 0 0 0 10011
0 0 0 0 10011
0 0 0 0 10011
0 0 0 0 10011
0 0 0 0 10011
0 0 0 0 10011
0 0 0 0 10011
0 0 0 0 10011
0 0 0 0 10011
0 0 0 0 10011
0 0 0 0 10011
0 0 0 0 10011
0 0 0 0 10011
0 0 0 0 10011
0 0 0 0 10011
0 0 0 0 10011
0 0 0 0 10011
0 0 0 0 10011
0 0 0 0 10011
0 0 0 0 10011
0 0 0 0 10011
0 0 0 0 10011
0 0 0 0 10011
0 0 0 0 10011
0 0 0 0 10011
0 0 0 0 10011
0 0 0 0 10011
0 0 0 0 10011
0 0 0 0 10011
0 0 0 0 10011
0 0 0 0 10011
0 0 0 0 10011
0 0 0 0 10011
0 0 0 0 10011
0 0 0 0 10011
0 0 0 0 10011
0 0 0 0 10011
0 0 0 0 10011
0 0 0 0 10011
0 0 0 0 10011
0 0 0 0 10011
0 0 0 0 10011
0 0 0 0 10011
0 0 0 0 10011
0 0 0 0 10011
0 0 0 0 10011
0 0 0 0 10011
0 0 0 0 10011
0 0 0 0 10011
0 0 0 0 10011
0 0 0 0 10011
0 0 0 0 10011
0 0 0 0 10011
0 0 0 0 10011
0 0 0 0 10011
0 0 0 0 10011
0 0 0 0 10011
0 0 0 0 10011
0 0 0 0 10011
0 0 0 0 10011
0 0 0 0 10011
0 0 0 0 10011
0 0 0 0 10011
0 0 0 0 10011
0 0 0 0 10011
0 0 0 0 10011
0 128 0 0 10011
0 128 0 0 10011
0 128 0 0 10011
0 128 0 0 10011
0 128 0 0 10011
0 128 0 0 10011
0 128 0 0 10011
0 128 0 0 10011
0 128 0 0 10011
0 128 0 0 10011
0 128 0 0 10011
0 128 0 0 10011
0 128 0 0 10011
0 128 0 0 10011
0 128 0 0 10011
0 128 0 0 10011
0 128 0 0 10011
0 128 0 0 10011
0 128 0 0 10011
0 128 0 0 10011
0 128 0 0 10011
0 128 0 0 10011
0 128 0 0 10011
0 128 0 0 10011
0 128 0 0 10011
0 128 0 0 10011
0 128 0 0 10011
0 128 0 0 10011
0 128 0 0 10011
0 128 0 0 10011
0 128 0 0 10011
0 128 0 0 10011
0 128 0 0 10011
0 128 0 0 10011
0 128 0 0 10011
0 128 0 0 10011
0 128 0 0 10011
0 128 0 0 10011
0 128 0 0 10011
0 128 0 0 10011
0 128 0 0 10011
0 128 0 0 10011
0 128 0 0 10011
0 128 0 0 10011
0 128 0 0 10011
0 128 0 0 10011
0 128 0 0 10011
0 128 0 0 10011
0 128 0 0 10011
0 128 0 0 10011
0 128 0 0 10011
0 128 0 0 10011
0 128 0 0 10011
0 128 0 0 10011
0 128 0 0 10011
0 128 0 0 10011
0 128 0 0 10011
0 128 0 0 10011
0 128 0 0 10011
0 128 0 0 10011
0 128 0 0 10011
0 128 0 0 10011
0 128 0 0 10011
0 128 0 0 10011
0 128 0 0 10011
0 128 0 0 10011
0 128 0 0 10011
0 128 0 0 10011
0 128 0 0 10011
0 128 0 0 10011
0 128 0 0 10011
0 128 0 0 10011
0 128 0 0 10011
0 128 0 0 10011
0 128 0 0 10011
0 128 0 0 10011
0 128 0 0 10011
0 128 0 0 10011
0 128 0 0 10011
0 128 0 0 10011
0 128 0 0 10011
0 128 0 0 10011
0 128 0 0 10011
0 128 0 0 10011
0 128 0 0 10011
0 128 0 0 10011
0 128 0 0 10011
0 128 0 0 10011
0 128 0 0 10011
0 128 0 0 10011
0 128 0 0 10011
0 128 0 0 10011
0 128 0 0 10011
0 128 0 0 10011
0 128 0 0 10011
0 128 0 0 10011
0 128 0 0 10011
0 128 0 0 10011
0 128 0 0 10011
0 128 0 0 10011
0 128 0 0 10011
0 128 0 0 10011
0 128 0 0 10011
0 129 0 0 10011
0 130 0 0 10011
0 132 0 0 10011
0 133 0 0 10011
0 135 0 0 10011
0 138 0 0 10011
0 141 0 0 10011
0 144 0 0 10011
0 147 0 0 10011
0 151 0 0 10011
0 154 0 0 10011
0 159 0 0 10011
0 163 0 0 10011
0 168 0 0 10011
0 173 0 0 10011
0 178 0 0 10011
0 184 0 0 10011
0 189 0 0 10011
0 195 0 0 10011
0 201 0 0 10011
0 206 0 0 10011
0 212 0 0 10011
0 218 0 0 10011
0 224 0 0 10011
0 229 0 0 10011
0 234 0 0 10011
0 239 0 0 10011
0 243 0 0 10011
0 247 0 0 10011
0 250 0 0 10011
0 253 0 0 10011
0 255 0 0 10011
0 255 0 0 10011
0 255 0 0 10011
0 254 0 0 10011
0 252 0 0 10011
0 248 0 0 10011
0 243 0 0 10011
0 237 0 0 10011
0 230 0 0 10011
0 221 0 0 10011
0 211 0 0 10011
0 199 0 0 10011
0 187 0 0 10011
0 173 0 0 10011
0 159 0 0 10011
0 143 0 0 10011
0 128 0 0 10011
0 111 0 0 10011
0 95 0 0 10011
0 79 0 0 10011
0 64 0 0 10011
0 49 0 0 10011
0 36 0 0 10011
0 24 0 0 10011
0 14 0 0 10011
0 7 0 0 10011
0 2 0 0 10011
0 0 0 0 10011
0 0 0 0 10011
0 4 0 0 10011
0 11 0 0 10011
0 22 0 0 10011
0 35 0 0 10011
0 51 0 0 10011
0 69 0 0 10011
0 90 0 0 10011
0 111 0 0 10011
0 134 0 0 10011
0 157 0 0 10011
0 179 0 0 10011
0 200 0 0 10011
0 218 0 0 10011
0 233 0 0 10011
0 245 0 0 10011
0 253 0 0 10011
0 255 0 0 10011
0 253 0 0 10011
0 246 0 0 10011
0 233 0 0 10011
0 216 0 0 10011
0 195 0 0 10011
0 171 0 0 10011
0 144 0 0 10011
0 116 0 0 10011
0 89 0 0 10011
0 63 0 0 10011
0 40 0 0 10011
0 21 0 0 10011
0 8 0 0 10011
0 1 0 0 10011
0 0 0 0 10011
0 7 0 0 10011
0 21 0 0 10011
0 41 0 0 10011
0 66 0 0 10011
0 96 0 0 10011
0 127 0 0 10011
0 159 0 0 10011
0 190 0 0 10011
0 216 0 0 10011
0 237 0 0 10011
0 250 0 0 10011
0 255 0 0 10011
0 252 0 0 10011
0 239 0 0 10011
0 217 0 0 10011
0 189 0 0 10011
0 156 0 0 10011
0 120 0 0 10011
0 85 0 0 10011
0 53 0 0 10011
0 26 0 0 10011
0 8 0 0 10011
0 0 0 0 10011
0 3 0 0 10011
0 16 0 0 10011
0 40 0 0 10011
0 72 0 0 10011
0 109 0 0 10011
0 148 0 0 10011
0 186 0 0 10011
0 218 0 0 10011
0 242 0 0 10011
0 254 0 0 10011
0 254 0 0 10011
0 240 0 0 10011
0 215 0 0 10011
0 180 0 0 10011
0 140 0 0 10011
0 97 0 0 10011
0 58 0 0 10011
0 26 0 0 10011
0 6 0 0 10011
0 0 0 0 10011
0 8 0 0 10011
0 31 0 0 10011
0 66 0 0 10011
0 108 0 0 10011
0 154 0 0 10011
0 196 0 0 10011
0 230 0 0 10011
0 250 0 0 10011
0 255 0 0 10011
0 243 0 0 10011
0 215 0 0 10011
0 174 0 0 10011
0 128 0 0 10011
0 80 0 0 10011
0 39 0 0 10011
0 11 0 0 10011
0 0 0 0 10011
0 7 0 0 10011
0 33 0 0 10011
0 73 0 0 10011
0 122 0 0 10011
0 172 0 0 10011
0 215 0 0 10011
0 245 0 0 10011
0 255 0 0 10011
0 245 0 0 10011
0 216 0 0 10011
0 171 0 0 10011
0 118 0 0 10011
0 67 0 0 10011
0 26 0 0 10011
0 3 0 0 10011
0 2 0 0 10011
0 23 0 0 10011
0 64 0 0 10011
0 116 0 0 10011
0 171 0 0 10011
0 218 0 0 10011
0 248 0 0 10011
0 255 0 0 10011
0 237 0 0 10011
0 197 0 0 10011
0 144 0 0 10011
0 86 0 0 10011
0 37 0 0 10011
0 6 0 0 10011
0 1 0 0 10011
0 22 0 0 10011
0 65 0 0 10011
0 123 0 0 10011
0 181 0 0 10011
0 228 0 0 10011
0 253 0 0 10011
0 250 0 0 10011
0 219 0 0 10011
0 167 0 0 10011
0 106 0 0 10011
0 49 0 0 10011
0 11 0 0 10011
0 0 0 0 10011
0 20 0 0 10011
0 66 0 0 10011
0 127 0 0 10011
0 189 0 0 10011
0 236 0 0 10011
0 255 0 0 10011
0 242 0 0 10011
0 199 0 0 10011
0 138 0 0 10011
0 73 0 0 10011
0 23 0 0 10011
0 0 0 0 10011
0 12 0 0 10011
0 55 0 0 10011
0 118 0 0 10011
0 185 0 0 10011
0 235 0 0 10011
0 255 0 0 10011
0 239 0 0 10011
0 191 0 0 10011
0 124 0 0 10011
0 57 0 0 10011
0 12 0 0 10011
0 0 0 0 10011
0 27 0 0 10011
0 85 0 0 10011
0 156 0 0 10011
0 218 0 0 10011
0 252 0 0 10011
0 248 0 0 10011
0 205 0 0 10011
0 137 0 0 10011
0 66 0 0 10011
0 14 0 0 10011
0 0 0 0 10011
0 28 0 0 10011
0 89 0 0 10011
0 163 0 0 10011
0 226 0 0 10011
0 255 0 0 10011
0 240 0 0 10011
0 186 0 0 10011
0 111 0 0 10011
0 42 0 0 10011
0 3 0 0 10011
0 8 0 0 10011
0 57 0 0 10011
0 132 0 0 10011
0 205 0 0 10011
0 250 0 0 10011
0 249 0 0 10011
0 203 0 0 10011
0 127 0 0 10011
0 52 0 0 10011
0 6 0 0 10011
0 6 0 0 10011
0 54 0 0 10011
0 132 0 0 10011
0 207 0 0 10011
0 251 0 0 10011
0 246 0 0 10011
0 192 0 0 10011
0 111 0 0 10011
0 37 0 0 10011
0 1 0 0 10011
0 17 0 0 10011
0 80 0 0 10011
0 163 0 0 10011
0 232 0 0 10011
0 255 0 0 10011
0 224 0 0 10011
0 150 0 0 10011
0 66 0 0 10011
0 9 0 0 10011
0 5 0 0 10011
0 56 0 0 10011
0 140 0 0 10011
0 218 0 0 10011
0 255 0 0 10011
0 233 0 0 10011
0 162 0 0 10011
0 74 0 0 10011
0 12 0 0 10011
0 4 0 0 10011
0 55 0 0 10011
0 142 0 0 10011
0 221 0 0 10011
0 255 0 0 10011
0 227 0 0 10011
0 148 0 0 10011
0 60 0 0 10011
0 5 0 0 10011
0 12 0 0 10011
0 78 0 0 10011
0 169 0 0 10011
0 240 0 0 10011
0 252 0 0 10011
0 199 0 0 10011
0 109 0 0 10011
0 28 0 0 10011
0 0 0 0 10011
0 40 0 0 10011
0 127 0 0 10011
0 215 0 0 10011
0 255 0 0 10011
0 225 0 0 10011
0 141 0 0 10011
0 49 0 0 10011
0 1 0 0 10011
0 24 0 0 10011
0 106 0 0 10011
0 200 0 0 10011
0 253 0 0 10011
0 234 0 0 10011
0 152 0 0 10011
0 56 0 0 10011
0 2 0 0 10011
0 22 0 0 10011
0 104 0 0 10011
0 201 0 0 10011
0 254 0 0 10011
0 230 0 0 10011
0 144 0 0 10011
0 47 0 0 10011
0 0 0 0 10011
0 32 0 0 10011
0 124 0 0 10011
0 218 0 0 10011
0 255 0 0 10011
0 212 0 0 10011
0 114 0 0 10011
0 25 0 0 10011
0 2 0 0 10011
0 60 0 0 10011
0 163 0 0 10011
0 243 0 0 10011
0 246 0 0 10011
0 171 0 0 10011
0 66 0 0 10011
0 3 0 0 10011
0 23 0 0 10011
0 115 0 0 10011
0 215 0 0 10011
0 255 0 0 10011
0 207 0 0 10011
0 104 0 0 10011
0 16 0 0 10011
0 7 0 0 10011
0 83 0 0 10011
0 190 0 0 10011
0 253 0 0 10011
0 226 0 0 10011
0 128 0 0 10011
0 29 0 0 10011
0 2 0 0 10011
0 67 0 0 10011
0 177 0 0 10011
0 250 0 0 10011
0 232 0 0 10011
0 136 0 0 10011
0 33 0 0 10011
0 1 0 0 10011
0 66 0 0 10011
0 178 0 0 10011
0 251 0 0 10011
0 229 0 0 10011
0 128 0 0 10011
0 26 0 0 10011
0 4 0 0 10011
0 79 0 0 10011
0 193 0 0 10011
0 255 0 0 10011
0 215 0 0 10011
0 105 0 0 10011
0 13 0 0 10011
0 14 0 0 10011
0 108 0 0 10011
0 218 0 0 10011
0 254 0 0 10011
0 185 0 0 10011
0 68 0 0 10011
0 1 0 0 10011
0 40 0 0 10011
0 153 0 0 10011
0 245 0 0 10011
0 237 0 0 10011
0 135 0 0 10011
0 26 0 0 10011
0 6 0 0 10011
0 91 0 0 10011
0 208 0 0 10011
0 255 0 0 10011
0 189 0 0 10011
0 69 0 0 10011
0 0 0 0 10011
0 46 0 0 10011
0 165 0 0 10011
0 250 0 0 10011
0 224 0 0 10011
0 110 0 0 10011
0 11 0 0 10011
0 20 0 0 10011
0 128 0 0 10011
0 128 0 0 10011
0 128 0 0 10011
0 128 0 0 10011
0 128 0 0 10011
0 128 0 0 10011
0 128 0 0 10011
0 128 0 0 10011
0 128 0 0 10011
0 128 0 0 10011
0 128 0 0 10011
0 128 0 0 10011
0 128 0 0 10011
0 128 0 0 10011
0 128 0 0 10011
0 128 0 0 10011
0 128 0 0 10011
0 128 0 0 10011
0 128 0 0 10011
0 128 0 0 10011
0 128 0 0 10011
0 128 0 0 10011
0 128 0 0 10011
0 128 0 0 10011
0 128 0 0 10011
0 128 0 0 10011
0 128 0 0 10011
0 128 0 0 10011
0 128 0 0 10011
0 128 0 0 10011
0 128 0 0 10011
0 128 0 0 10011
0 128 0 0 10011
0 128 0 0 10011
0 128 0 0 10011
0 128 0 0 10011
0 128 0 0 10011
0 128 0 0 10011
0 128 0 0 10011
0 128 0 0 10011
0 128 0 0 10011
0 128 0 0 10011
0 128 0 0 10011
0 128 0 0 10011
0 128 0 0 10011
0 128 0 0 10011
0 128 0 0 10011
0 128 0 0 10011
0 128 0 0 10011
0 128 0 0 10011
0 128 0 0 10011
0 128 0 0 10011
0 128 0 0 10011
0 128 0 0 10011
0 128 0 0 10011
0 128 0 0 10011
0 128 0 0 10011
0 128 0 0 10011
0 128 0 0 10011
0 128 0 0 10011
0 128 0 0 10011
0 128 0 0 10011
0 128 0 0 10011
0 128 0 0 10011
0 128 0 0 10011
0 128 0 0 10011
0 128 0 0 10011
0 128 0 0 10011
0 128 0 0 10011
0 128 0 0 10011
0 128 0 0 10011
0 128 0 0 10011
0 128 0 0 10011
0 128 0 0 10011
0 128 0 0 10011
0 128 0 0 10011
0 128 0 0 10011
0 128 0 0 10011
0 128 0 0 10011
0 128 0 0 10011
0 128 0 0 10011
0 128 0 0 10011
0 128 0 0 10011
0 128 0 0 10011
0 128 0 0 10011
0 128 0 0 10011
0 128 0 0 10011
0 128 0 0 10011
0 128 0 0 10011
0 128 0 0 10011
0 128 0 0 10011
0 128 0 0 10011
0 128 0 0 10011
0 128 0 0 10011
0 128 0 0 10011
0 128 0 0 10011
0 128 0 0 10011
0 128 0 0 10011
0 128 0 0 10011
0 128 0 0 10011
0 128 0 0 10011
0 128 0 0 10011
0 128 0 0 10011
0 128 0 0 10011
0 129 0 0 10011
0 129 0 0 10011
0 129 0 0 10011
0 130 0 0 10011
0 130 0 0 10011
0 130 0 0 10011
0 129 0 0 10011
0 129 0 0 10011
0 128 0 0 10011
0 127 0 0 10011
0 126 0 0 10011
0 125 0 0 10011
0 124 0 0 10011
0 123 0 0 10011
0 122 0 0 10011
0 121 0 0 10011
0 121 0 0 10011
0 122 0 0 10011
0 123 0 0 10011
0 124 0 0 10011
0 126 0 0 10011
0 128 0 0 10011
0 130 0 0 10011
0 132 0 0 10011
0 134 0 0 10011
0 135 0 0 10011
0 137 0 0 10011
0 137 0 0 10011
0 138 0 0 10011
0 137 0 0 10011
0 136 0 0 10011
0 134 0 0 10011
0 132 0 0 10011
0 129 0 0 10011
0 126 0 0 10011
0 123 0 0 10011
0 120 0 0 10011
0 117 0 0 10011
0 115 0 0 10011
0 114 0 0 10011
0 113 0 0 10011
0 114 0 0 10011
0 115 0 0 10011
0 117 0 0 10011
0 120 0 0 10011
0 124 0 0 10011
0 127 0 0 10011
0 132 0 0 10011
0 136 0 0 10011
0 139 0 0 10011
0 142 0 0 10011
0 144 0 0 10011
0 145 0 0 10011
0 145 0 0 10011
0 144 0 0 10011
0 142 0 0 10011
0 139 0 0 10011
0 135 0 0 10011
0 130 0 0 10011
0 125 0 0 10011
0 120 0 0 10011
0 115 0 0 10011
0 111 0 0 10011
0 108 0 0 10011
0 106 0 0 10011
0 105 0 0 10011
0 106 0 0 10011
0 108 0 0 10011
0 112 0 0 10011
0 116 0 0 10011
0 122 0 0 10011
0 127 0 0 10011
0 134 0 0 10011
0 139 0 0 10011
0 145 0 0 10011
0 149 0 0 10011
0 152 0 0 10011
0 153 0 0 10011
0 153 0 0 10011
0 152 0 0 10011
0 148 0 0 10011
0 143 0 0 10011
0 138 0 0 10011
0 131 0 0 10011
0 124 0 0 10011
0 117 0 0 10011
0 111 0 0 10011
0 105 0 0 10011
0 101 0 0 10011
0 98 0 0 10011
0 97 0 0 10011
0 99 0 0 10011
0 102 0 0 10011
0 106 0 0 10011
0 112 0 0 10011
0 120 0 0 10011
0 127 0 0 10011
0 136 0 0 10011
0 143 0 0 10011
0 150 0 0 10011
0 156 0 0 10011
0 159 0 0 10011
0 161 0 0 10011
0 161 0 0 10011
0 159 0 0 10011
0 154 0 0 10011
0 148 0 0 10011
0 141 0 0 10011
0 132 0 0 10011
0 123 0 0 10011
0 114 0 0 10011
0 106 0 0 10011
0 99 0 0 10011
0 94 0 0 10011
0 90 0 0 10011
0 89 0 0 10011
0 91 0 0 10011
0 95 0 0 10011
0 101 0 0 10011
0 109 0 0 10011
0 118 0 0 10011
0 127 0 0 10011
0 138 0 0 10011
0 147 0 0 10011
0 156 0 0 10011
0 162 0 0 10011
0 167 0 0 10011
0 169 0 0 10011
0 169 0 0 10011
0 166 0 0 10011
0 161 0 0 10011
0 153 0 0 10011
0 144 0 0 10011
0 133 0 0 10011
0 122 0 0 10011
0 111 0 0 10011
0 101 0 0 10011
0 93 0 0 10011
0 86 0 0 10011
0 83 0 0 10011
0 82 0 0 10011
0 83 0 0 10011
0 88 0 0 10011
0 95 0 0 10011
0 105 0 0 10011
0 116 0 0 10011
0 127 0 0 10011
0 140 0 0 10011
0 151 0 0 10011
0 161 0 0 10011
0 169 0 0 10011
0 175 0 0 10011
0 177 0 0 10011
0 177 0 0 10011
0 173 0 0 10011
0 167 0 0 10011
0 158 0 0 10011
0 146 0 0 10011
0 134 0 0 10011
0 121 0 0 10011
0 108 0 0 10011
0 96 0 0 10011
0 87 0 0 10011
0 79 0 0 10011
0 75 0 0 10011
0 74 0 0 10011
0 76 0 0 10011
0 81 0 0 10011
0 90 0 0 10011
0 101 0 0 10011
0 114 0 0 10011
0 127 0 0 10011
0 142 0 0 10011
0 155 0 0 10011
0 166 0 0 10011
0 176 0 0 10011
0 182 0 0 10011
0 185 0 0 10011
0 185 0 0 10011
0 180 0 0 10011
0 173 0 0 10011
0 162 0 0 10011
0 149 0 0 10011
0 135 0 0 10011
0 120 0 0 10011
0 105 0 0 10011
0 92 0 0 10011
0 80 0 0 10011
0 72 0 0 10011
0 67 0 0 10011
0 66 0 0 10011
0 68 0 0 10011
0 75 0 0 10011
0 84 0 0 10011
0 97 0 0 10011
0 112 0 0 10011
0 127 0 0 10011
0 143 0 0 10011
0 159 0 0 10011
0 172 0 0 10011
0 183 0 0 10011
0 190 0 0 10011
0 193 0 0 10011
0 193 0 0 10011
0 188 0 0 10011
0 179 0 0 10011
0 167 0 0 10011
0 152 0 0 10011
0 136 0 0 10011
0 119 0 0 10011
0 102 0 0 10011
0 87 0 0 10011
0 74 0 0 10011
0 65 0 0 10011
0 59 0 0 10011
0 58 0 0 10011
0 61 0 0 10011
0 68 0 0 10011
0 79 0 0 10011
0 93 0 0 10011
0 110 0 0 10011
0 127 0 0 10011
0 145 0 0 10011
0 162 0 0 10011
0 177 0 0 10011
0 189 0 0 10011
0 197 0 0 10011
0 201 0 0 10011
0 200 0 0 10011
0 195 0 0 10011
0 185 0 0 10011
0 172 0 0 10011
0 155 0 0 10011
0 137 0 0 10011
0 118 0 0 10011
0 99 0 0 10011
0 82 0 0 10011
0 68 0 0 10011
0 57 0 0 10011
0 51 0 0 10011
0 50 0 0 10011
0 53 0 0 10011
0 61 0 0 10011
0 73 0 0 10011
0 89 0 0 10011
0 108 0 0 10011
0 127 0 0 10011
0 147 0 0 10011
0 166 0 0 10011
0 183 0 0 10011
0 196 0 0 10011
0 205 0 0 10011
0 209 0 0 10011
0 208 0 0 10011
0 202 0 0 10011
0 191 0 0 10011
0 176 0 0 10011
0 158 0 0 10011
0 138 0 0 10011
0 117 0 0 10011
0 96 0 0 10011
0 78 0 0 10011
0 62 0 0 10011
0 50 0 0 10011
0 43 0 0 10011
0 42 0 0 10011
0 45 0 0 10011
0 54 0 0 10011
0 68 0 0 10011
0 85 0 0 10011
0 106 0 0 10011
0 127 0 0 10011
0 149 0 0 10011
0 170 0 0 10011
0 188 0 0 10011
0 203 0 0 10011
0 213 0 0 10011
0 217 0 0 10011
0 216 0 0 10011
0 209 0 0 10011
0 198 0 0 10011
0 181 0 0 10011
0 161 0 0 10011
0 139 0 0 10011
0 116 0 0 10011
0 93 0 0 10011
0 73 0 0 10011
0 56 0 0 10011
0 43 0 0 10011
0 35 0 0 10011
0 34 0 0 10011
0 38 0 0 10011
0 48 0 0 10011
0 62 0 0 10011
0 82 0 0 10011
0 104 0 0 10011
0 127 0 0 10011
0 151 0 0 10011
0 174 0 0 10011
0 194 0 0 10011
0 210 0 0 10011
0 220 0 0 10011
0 225 0 0 10011
0 224 0 0 10011
0 217 0 0 10011
0 204 0 0 10011
0 186 0 0 10011
0 164 0 0 10011
0 140 0 0 10011
0 115 0 0 10011
0 91 0 0 10011
0 68 0 0 10011
0 50 0 0 10011
0 36 0 0 10011
0 28 0 0 10011
0 26 0 0 10011
0 30 0 0 10011
0 41 0 0 10011
0 57 0 0 10011
0 78 0 0 10011
0 102 0 0 10011
0 128 0 0 10011
0 153 0 0 10011
0 178 0 0 10011
0 199 0 0 10011
0 216 0 0 10011
0 228 0 0 10011
0 233 0 0 10011
0 232 0 0 10011
0 224 0 0 10011
0 210 0 0 10011
0 191 0 0 10011
0 167 0 0 10011
0 141 0 0 10011
0 114 0 0 10011
0 88 0 0 10011
0 64 0 0 10011
0 43 0 0 10011
0 28 0 0 10011
0 20 0 0 10011
0 18 0 0 10011
0 23 0 0 10011
0 34 0 0 10011
0 51 0 0 10011
0 74 0 0 10011
0 100 0 0 10011
0 127 0 0 10011
0 155 0 0 10011
0 182 0 0 10011
0 205 0 0 10011
0 223 0 0 10011
0 236 0 0 10011
0 241 0 0 10011
0 240 0 0 10011
0 231 0 0 10011
0 216 0 0 10011
0 195 0 0 10011
0 170 0 0 10011
0 142 0 0 10011
0 113 0 0 10011
0 85 0 0 10011
0 59 0 0 10011
0 37 0 0 10011
0 21 0 0 10011
0 12 0 0 10011
0 10 0 0 10011
0 15 0 0 10011
0 27 0 0 10011
0 46 0 0 10011
0 70 0 0 10011
0 98 0 0 10011
0 127 0 0 10011
0 157 0 0 10011
0 186 0 0 10011
0 210 0 0 10011
0 230 0 0 10011
0 243 0 0 10011
0 249 0 0 10011
0 248 0 0 10011
0 238 0 0 10011
0 222 0 0 10011
0 200 0 0 10011
0 173 0 0 10011
0 143 0 0 10011
0 112 0 0 10011
0 82 0 0 10011
0 54 0 0 10011
0 31 0 0 10011
0 14 0 0 10011
0 4 0 0 10011
0 2 0 0 10011
0 7 0 0 10011
0 21 0 0 10011
0 41 0 0 10011
0 66 0 0 10011
0 96 0 0 10011
0 128 0 0 10011
0 128 0 0 10011
0 128 0 0 10011
0 128 0 0 10011
0 128 0 0 10011
0 128 0 0 10011
0 128 0 0 10011
0 128 0 0 10011
0 128 0 0 10011
0 128 0 0 10011
0 128 0 0 10011
0 128 0 0 10011
0 128 0 0 10011
0 128 0 0 10011
0 128 0 0 10011
0 128 0 0 10011
0 128 0 0 10011
0 128 0 0 10011
0 128 0 0 10011
0 128 0 0 10011
0 128 0 0 10011
0 128 0 0 10011
0 128 0 0 10011
0 128 0 0 10011
0 128 0 0 10011
0 128 0 0 10011
0 128 0 0 10011
0 128 0 0 10011
0 128 0 0 10011
0 128 0 0 10011
0 128 0 0 10011
0 128 0 0 10011
0 128 0 0 10011
0 128 0 0 10011
0 128 0 0 10011
0 128 0 0 10011
0 128 0 0 10011
0 128 0 0 10011
0 128 0 0 10011
0 128 0 0 10011
0 128 0 0 10011
0 128 0 0 10011
0 128 0 0 10011
0 128 0 0 10011
0 128 0 0 10011
0 128 0 0 10011
0 128 0 0 10011
0 128 0 0 10011
0 128 0 0 10011
0 128 0 0 10011
0 128 0 0 10011
0 128 0 0 10011
0 128 0 0 10011
0 128 0 0 10011
0 128 0 0 10011
0 128 0 0 10011
0 128 0 0 10011
0 128 0 0 10011
0 128 0 0 10011
0 128 0 0 10011
0 128 0 0 10011
0 128 0 0 10011
0 128 0 0 10011
0 128 0 0 10011
0 128 0 0 10011
0 128 0 0 10011
0 128 0 0 10011
0 128 0 0 10011
0 128 0 0 10011
0 128 0 0 10011
0 128 0 0 10011
0 128 0 0 10011
0 128 0 0 10011
0 128 0 0 10011
0 128 0 0 10011
0 128 0 0 10011
0 128 0 0 10011
0 128 0 0 10011
0 128 0 0 10011
0 128 0 0 10011
0 128 0 0 10011
0 128 0 0 10011
0 128 0 0 10011
0 128 0 0 10011
0 128 0 0 10011
0 128 0 0 10011
0 128 0 0 10011
0 128 0 0 10011
0 128 0 0 10011
0 128 0 0 10011
0 128 0 0 10011
0 128 0 0 10011
0 128 0 0 10011
0 128 0 0 10011
0 128 0 0 10011
0 128 0 0 10011
0 128 0 0 10011
0 128 0 0 10011
0 128 0 0 10011
0 128 0 0 10011
0 0 0 0 10011
0 0 0 0 10012
0 0 0 0 10012
0 0 0 0 10012
0 0 0 0 10012
0 0 0 0 10012
0 0 0 0 10012
0 0 0 0 10012
0 0 0 0 10012
0 0 0 0 10012
0 0 0 0 10012
0 0 0 0 10012
0 0 0 0 10012
0 0 0 0 10012
0 0 0 0 10012
0 0 0 0 10012
0 0 0 0 10012
0 0 0 0 10012
0 0 0 0 10012
0 0 0 0 10012
0 0 0 0 10012
0 0 0 0 10012
0 0 0 0 10012
0 0 0 0 10012
0 0 0 0 10012
0 0 0 0 10012
0 0 0 0 10012
0 0 0 0 10012
0 0 0 0 10012
0 0 0 0 10012
0 0 0 0 10012
0 0 0 0 10012
0 0 0 0 10012
0 0 0 0 10012
0 0 0 0 10012
0 0 0 0 10012
0 0 0 0 10012
0 0 0 0 10012
0 0 0 0 10012
0 0 0 0 10012
0 0 0 0 10012
0 0 0 0 10012
0 0 0 0 10012
0 0 0 0 10012
0 0 0 0 10012
0 0 0 0 10012
0 0 0 0 10012
0 0 0 0 10012
0 0 0 0 10012
0 0 0 0 10012
0 0 0 0 10012
0 0 0 0 10012
0 0 0 0 10012
0 0 0 0 10012
0 0 0 0 10012
0 0 0 0 10012
0 0 0 0 10012
0 0 0 0 10012
0 0 0 0 10012
0 0 0 0 10012
0 0 0 0 10012
0 0 0 0 10012
0 0 0 0 10012
0 0 0 0 10012
0 0 0 0 10012
0 0 0 0 10012
0 0 0 0 10012
0 0 0 0 10012
0 0 0 0 10012
0 0 0 0 10012
0 0 0 0 10012
0 0 0 0 10012
0 0 0 0 10012
0 0 0 0 10012
0 0 0 0 10012
0 0 0 0 10012
0 0 0 0 10012
0 0 0 0 10012
0 0 0 0 10012
0 0 0 0 10012
0 0 0 0 10012
0 0 0 0 10012
0 0 0 0 10012
0 0 0 0 10012
0 0 0 0 10012
0 0 0 0 10012
0 0 0 0 10012
0 0 0 0 10012
0 0 0 0 10012
0 0 0 0 10012
0 0 0 0 10012
0 0 0 0 10012
0 0 0 0 10012
0 0 0 0 10012
0 0 0 0 10012
0 0 0 0 10012
0 0 0 0 10012
0 0 0 0 10012
0 0 0 0 10012
0 0 0 0 10012
0 0 0 0 10012
0 0 0 0 10012
0 0 0 0 10012
0 0 0 0 10012
0 0 0 0 10012
0 0 0 0 10012
0 0 0 0 10012
0 0 0 0 10012
0 0 0 0 10012
0 0 0 0 10012
0 0 0 0 10012
0 0 0 0 10012
0 0 0 0 10012
0 0 0 0 10012
0 0 0 0 10012
0 0 0 0 10012
0 0 0 0 10012
0 0 0 0 10012
0 0 0 0 10012
0 0 0 0 10012
0 0 0 0 10012
0 0 0 0 10012
0 0 0 0 10012
0 0 0 0 10012
0 0 0 0 10012
0 0 0 0 10012
0 0 0 0 10012
0 0 0 0 10012
0 0 0 0 10012
0 0 0 0 10012
0 0 0 0 10012
0 0 0 0 10012
0 0 0 0 10012
0 0 0 0 10012
0 0 0 0 10012
0 0 0 0 10012
0 0 0 0 10012
0 0 0 0 10012
0 0 0 0 10012
0 0 0 0 10012
0 0 0 0 10012
0 0 0 0 10012
0 0 0 0 10012
0 0 0 0 10012
0 0 0 0 10012
0 0 0 0 10012
0 0 0 0 10012
0 0 0 0 10012
0 0 0 0 10012
0 0 0 0 10012
0 0 0 0 10012
0 0 0 0 10012
0 0 0 0 10012
0 0 0 0 10012
0 0 0 0 10012
0 0 0 0 10012
0 0 0 0 10012
0 0 0 0 10012
0 0 0 0 10012
0 0 0 0 10012
0 0 0 0 10012
0 0 0 0 10012
0 0 0 0 10012
0 0 0 0 10012
0 0 0 0 10012
0 0 0 0 10012
0 0 0 0 10012
0 0 0 0 10012
0 0 0 0 10012
0 0 0 0 10012
0 0 0 0 10012
0 0 0 0 10012
0 0 0 0 10012
0 0 0 0 10012
0 0 0 0 10012
0 0 0 0 10012
0 0 0 0 10012
0 0 0 0 10012
0 0 0 0 10012
0 0 0 0 10012
0 0 0 0 10012
0 0 0 0 10012
0 0 0 0 10012
0 0 0 0 10012
0 0 0 0 10012
0 0 0 0 10012
0 0 0 0 10012
0 0 0 0 10012
0 0 0 0 10012
0 0 0 0 10012
0 0 0 0 10012
0 0 0 0 10012
0 0 0 0 10012
0 0 0 0 10012
0 0 0 0 10012
0 0 0 0 10012
0 0 0 0 10012
0 0 0 0 10012
0 0 0 0 10012
0 0 0 0 10012
0 255 0 0 10012
0 255 0 0 10012
0 255 0 0 10012
0 255 0 0 10012
0 255 0 0 10012
0 255 0 0 10012
0 255 0 0 10012
0 255 0 0 10012
0 255 0 0 10012
0 255 0 0 10012
0 255 0 0 10012
0 255 0 0 10012
0 255 0 0 10012
0 255 0 0 10012
0 255 0 0 10012
0 255 0 0 10012
0 255 0 0 10012
0 255 0 0 10012
0 255 0 0 10012
0 255 0 0 10012
0 255 0 0 10012
0 255 0 0 10012
0 255 0 0 10012
0 255 0 0 10012
0 255 0 0 10012
0 255 0 0 10012
0 255 0 0 10012
0 255 0 0 10012
0 255 0 0 10012
0 255 0 0 10012
0 255 0 0 10012
0 255 0 0 10012
0 255 0 0 10012
0 255 0 0 10012
0 255 0 0 10012
0 255 0 0 10012
0 255 0 0 10012
0 255 0 0 10012
0 255 0 0 10012
0 255 0 0 10012
0 255 0 0 10012
0 255 0 0 10012
0 255 0 0 10012
0 255 0 0 10012
0 255 0 0 10012
0 255 0 0 10012
0 255 0 0 10012
0 255 0 0 10012
0 255 0 0 10012
0 255 0 0 10012
0 255 0 0 10012
0 255 0 0 10012
0 255 0 0 10012
0 255 0 0 10012
0 255 0 0 10012
0 255 0 0 10012
0 255 0 0 10012
0 255 0 0 10012
0 255 0 0 10012
0 255 0 0 10012
0 255 0 0 10012
0 255 0 0 10012
0 255 0 0 10012
0 255 0 0 10012
0 255 0 0 10012
0 255 0 0 10012
0 255 0 0 10012
0 255 0 0 10012
0 255 0 0 10012
0 255 0 0 10012
0 255 0 0 10012
0 255 0 0 10012
0 255 0 0 10012
0 255 0 0 10012
0 255 0 0 10012
0 255 0 0 10012
0 255 0 0 10012
0 255 0 0 10012
0 255 0 0 10012
0 255 0 0 10012
0 255 0 0 10012
0 255 0 0 10012
0 255 0 0 10012
0 255 0 0 10012
0 255 0 0 10012
0 255 0 0 10012
0 255 0 0 10012
0 255 0 0 10012
0 255 0 0 10012
0 255 0 0 10012
0 255 0 0 10012
0 255 0 0 10012
0 255 0 0 10012
0 255 0 0 10012
0 255 0 0 10012
0 255 0 0 10012
0 255 0 0 10012
0 255 0 0 10012
0 255 0 0 10012
0 255 0 0 10012
0 255 0 0 10012
0 255 0 0 10012
0 255 0 0 10012
0 255 0 0 10012
0 255 0 0 10012
0 255 0 0 10012
0 255 0 0 10012
0 255 0 0 10012
0 255 0 0 10012
0 255 0 0 10012
0 255 0 0 10012
0 255 0 0 10012
0 255 0 0 10012
0 255 0 0 10012
0 255 0 0 10012
0 255 0 0 10012
0 255 0 0 10012
0 255 0 0 10012
0 255 0 0 10012
0 255 0 0 10012
0 255 0 0 10012
0 255 0 0 10012
0 255 0 0 10012
0 255 0 0 10012
0 255 0 0 10012
0 255 0 0 10012
0 255 0 0 10012
0 255 0 0 10012
0 255 0 0 10012
0 255 0 0 10012
0 255 0 0 10012
0 255 0 0 10012
0 255 0 0 10012
0 255 0 0 10012
0 255 0 0 10012
0 255 0 0 10012
0 255 0 0 10012
0 255 0 0 10012
0 255 0 0 10012
0 255 0 0 10012
0 255 0 0 10012
0 255 0 0 10012
0 255 0 0 10012
0 255 0 0 10012
0 255 0 0 10012
0 255 0 0 10012
0 255 0 0 10012
0 255 0 0 10012
0 255 0 0 10012
0 255 0 0 10012
0 0 0 0 10012
0 0 0 0 10012
0 0 0 0 10012
0 0 0 0 10012
0 0 0 0 10012
0 0 0 0 10012
0 0 0 0 10012
0 0 0 0 10012
0 0 0 0 10012
0 0 0 0 10012
0 0 0 0 10012
0 0 0 0 10012
0 0 0 0 10012
0 0 0 0 10012
0 0 0 0 10012
0 0 0 0 10012
0 0 0 0 10012
0 0 0 0 10012
0 0 0 0 10012
0 0 0 0 10012
0 0 0 0 10012
0 0 0 0 10012
0 0 0 0 10012
0 0 0 0 10012
0 0 0 0 10012
0 0 0 0 10012
0 0 0 0 10012
0 0 0 0 10012
0 0 0 0 10012
0 0 0 0 10012
0 0 0 0 10012
0 0 0 0 10012
0 0 0 0 10012
0 0 0 0 10012
0 0 0 0 10012
0 0 0 0 10012
0 0 0 0 10012
0 0 0 0 10012
0 0 0 0 10012
0 0 0 0 10012
0 0 0 0 10012
0 0 0 0 10012
0 0 0 0 10012
0 0 0 0 10012
0 0 0 0 10012
0 0 0 0 10012
0 0 0 0 10012
0 0 0 0 10012
0 0 0 0 10012
0 0 0 0 10012
0 0 0 0 10012
0 0 0 0 10012
0 0 0 0 10012
0 0 0 0 10012
0 0 0 0 10012
0 0 0 0 10012
0 0 0 0 10012
0 0 0 0 10012
0 0 0 0 10012
0 0 0 0 10012
0 0 0 0 10012
0 0 0 0 10012
0 0 0 0 10012
0 0 0 0 10012
0 0 0 0 10012
0 0 0 0 10012
0 0 0 0 10012
0 0 0 0 10012
0 0 0 0 10012
0 0 0 0 10012
0 0 0 0 10012
0 0 0 0 10012
0 0 0 0 10012
0 0 0 0 10012
0 0 0 0 10012
0 0 0 0 10012
0 0 0 0 10012
0 0 0 0 10012
0 0 0 0 10012
0 0 0 0 10012
0 0 0 0 10012
0 0 0 0 10012
0 0 0 0 10012
0 0 0 0 10012
0 0 0 0 10012
0 0 0 0 10012
0 0 0 0 10012
0 0 0 0 10012
0 0 0 0 10012
0 0 0 0 10012
0 0 0 0 10012
0 0 0 0 10012
0 0 0 0 10012
0 0 0 0 10012
0 0 0 0 10012
0 0 0 0 10012
0 0 0 0 10012
0 0 0 0 10012
0 0 0 0 10012
0 0 0 0 10012
0 0 0 0 10012
0 0 0 0 10012
0 0 0 0 10012
0 0 0 0 10012
0 0 0 0 10012
0 0 0 0 10012
0 0 0 0 10012
0 0 0 0 10012
0 0 0 0 10012
0 0 0 0 10012
0 0 0 0 10012
0 0 0 0 10012
0 0 0 0 10012
0 0 0 0 10012
0 0 0 0 10012
0 0 0 0 10012
0 0 0 0 10012
0 0 0 0 10012
0 0 0 0 10012
0 0 0 0 10012
0 0 0 0 10012
0 0 0 0 10012
0 0 0 0 10012
0 0 0 0 10012
0 0 0 0 10012
0 0 0 0 10012
0 0 0 0 10012
0 0 0 0 10012
0 0 0 0 10012
0 0 0 0 10012
0 0 0 0 10012
0 0 0 0 10012
0 0 0 0 10012
0 0 0 0 10012
0 0 0 0 10012
0 0 0 0 10012
0 0 0 0 10012
0 0 0 0 10012
0 0 0 0 10012
0 0 0 0 10012
0 0 0 0 10012
0 0 0 0 10012
0 0 0 0 10012
0 0 0 0 10012
0 0 0 0 10012
0 0 0 0 10012
0 0 0 0 10012
0 0 0 0 10012
0 0 0 0 10012
0 0 0 0 10012
0 128 0 0 10012
0 128 0 0 10012
0 128 0 0 10012
0 128 0 0 10012
0 128 0 0 10012
0 128 0 0 10012
0 128 0 0 10012
0 128 0 0 10012
0 128 0 0 10012
0 128 0 0 10012
0 128 0 0 10012
0 128 0 0 10012
0 128 0 0 10012
0 128 0 0 10012
0 128 0 0 10012
0 128 0 0 10012
0 128 0 0 10012
0 128 0 0 10012
0 128 0 0 10012
0 128 0 0 10012
0 128 0 0 10012
0 128 0 0 10012
0 128 0 0 10012
0 128 0 0 10012
0 128 0 0 10012
0 128 0 0 10012
0 128 0 0 10012
0 128 0 0 10012
0 128 0 0 10012
0 128 0 0 10012
0 128 0 0 10012
0 128 0 0 10012
0 128 0 0 10012
0 128 0 0 10012
0 128 0 0 10012
0 128 0 0 10012
0 128 0 0 10012
0 128 0 0 10012
0 128 0 0 10012
0 128 0 0 10012
0 128 0 0 10012
0 128 0 0 10012
0 128 0 0 10012
0 128 0 0 10012
0 128 0 0 10012
0 128 0 0 10012
0 128 0 0 10012
0 128 0 0 10012
0 128 0 0 10012
0 128 0 0 10012
0 128 0 0 10012
0 128 0 0 10012
0 128 0 0 10012
0 128 0 0 10012
0 128 0 0 10012
0 128 0 0 10012
0 128 0 0 10012
0 128 0 0 10012
0 128 0 0 10012
0 128 0 0 10012
0 128 0 0 10012
0 128 0 0 10012
0 128 0 0 10012
0 128 0 0 10012
0 128 0 0 10012
0 128 0 0 10012
0 128 0 0 10012
0 128 0 0 10012
0 128 0 0 10012
0 128 0 0 10012
0 128 0 0 10012
0 128 0 0 10012
0 128 0 0 10012
0 128 0 0 10012
0 128 0 0 10012
0 128 0 0 10012
0 128 0 0 10012
0 128 0 0 10012
0 128 0 0 10012
0 128 0 0 10012
0 128 0 0 10012
0 128 0 0 10012
0 128 0 0 10012
0 128 0 0 10012
0 128 0 0 10012
0 128 0 0 10012
0 128 0 0 10012
0 128 0 0 10012
0 128 0 0 10012
0 128 0 0 10012
0 128 0 0 10012
0 128 0 0 10012
0 128 0 0 10012
0 128 0 0 10012
0 128 0 0 10012
0 128 0 0 10012
0 128 0 0 10012
0 128 0 0 10012
0 128 0 0 10012
0 128 0 0 10012
0 128 0 0 10012
0 128 0 0 10012
0 128 0 0 10012
0 129 0 0 10012
0 130 0 0 10012
0 132 0 0 10012
0 133 0 0 10012
0 135 0 0 10012
0 138 0 0 10012
0 141 0 0 10012
0 144 0 0 10012
0 147 0 0 10012
0 151 0 0 10012
0 154 0 0 10012
0 159 0 0 10012
0 163 0 0 10012
0 168 0 0 10012
0 173 0 0 10012
0 178 0 0 10012
0 184 0 0 10012
0 189 0 0 10012
0 195 0 0 10012
0 201 0 0 10012
0 206 0 0 10012
0 212 0 0 10012
0 218 0 0 10012
0 224 0 0 10012
0 229 0 0 10012
0 234 0 0 10012
0 239 0 0 10012
0 243 0 0 10012
0 247 0 0 10012
0 250 0 0 10012
0 253 0 0 10012
0 255 0 0 10012
0 255 0 0 10012
0 255 0 0 10012
0 254 0 0 10012
0 252 0 0 10012
0 248 0 0 10012
0 243 0 0 10012
0 237 0 0 10012
0 230 0 0 10012
0 221 0 0 10012
0 211 0 0 10012
0 199 0 0 10012
0 187 0 0 10012
0 173 0 0 10012
0 159 0 0 10012
0 143 0 0 10012
0 128 0 0 10012
0 111 0 0 10012
0 95 0 0 10012
0 79 0 0 10012
0 64 0 0 10012
0 49 0 0 10012
0 36 0 0 10012
0 24 0 0 10012
0 14 0 0 10012
0 7 0 0 10012
0 2 0 0 10012
0 0 0 0 10012
0 0 0 0 10012
0 4 0 0 10012
0 11 0 0 10012
0 22 0 0 10012
0 35 0 0 10012
0 51 0 0 10012
0 69 0 0 10012
0 90 0 0 10012
0 111 0 0 10012
0 134 0 0 10012
0 157 0 0 10012
0 179 0 0 10012
0 200 0 0 10012
0 218 0 0 10012
0 233 0 0 10012
0 245 0 0 10012
0 253 0 0 10012
0 255 0 0 10012
0 253 0 0 10012
0 246 0 0 10012
0 233 0 0 10012
0 216 0 0 10012
0 195 0 0 10012
0 171 0 0 10012
0 144 0 0 10012
0 116 0 0 10012
0 89 0 0 10012
0 63 0 0 10012
0 40 0 0 10012
0 21 0 0 10012
0 8 0 0 10012
0 1 0 0 10012
0 0 0 0 10012
0 7 0 0 10012
0 21 0 0 10012
0 41 0 0 10012
0 66 0 0 10012
0 96 0 0 10012
0 127 0 0 10012
0 159 0 0 10012
0 190 0 0 10012
0 216 0 0 10012
0 237 0 0 10012
0 250 0 0 10012
0 255 0 0 10012
0 252 0 0 10012
0 239 0 0 10012
0 217 0 0 10012
0 189 0 0 10012
0 156 0 0 10012
0 120 0 0 10012
0 85 0 0 10012
0 53 0 0 10012
0 26 0 0 10012
0 8 0 0 10012
0 0 0 0 10012
0 3 0 0 10012
0 16 0 0 10012
0 40 0 0 10012
0 72 0 0 10012
0 109 0 0 10012
0 148 0 0 10012
0 186 0 0 10012
0 218 0 0 10012
0 242 0 0 10012
0 254 0 0 10012
0 254 0 0 10012
0 240 0 0 10012
0 215 0 0 10012
0 180 0 0 10012
0 140 0 0 10012
0 97 0 0 10012
0 58 0 0 10012
0 26 0 0 10012
0 6 0 0 10012
0 0 0 0 10012
0 8 0 0 10012
0 31 0 0 10012
0 66 0 0 10012
0 108 0 0 10012
0 154 0 0 10012
0 196 0 0 10012
0 230 0 0 10012
0 250 0 0 10012
0 255 0 0 10012
0 243 0 0 10012
0 215 0 0 10012
0 174 0 0 10012
0 128 0 0 10012
0 80 0 0 10012
0 39 0 0 10012
0 11 0 0 10012
0 0 0 0 10012
0 7 0 0 10012
0 33 0 0 10012
0 73 0 0 10012
0 122 0 0 10012
0 172 0 0 10012
0 215 0 0 10012
0 245 0 0 10012
0 255 0 0 10012
0 245 0 0 10012
0 216 0 0 10012
0 171 0 0 10012
0 118 0 0 10012
0 67 0 0 10012
0 26 0 0 10012
0 3 0 0 10012
0 2 0 0 10012
0 23 0 0 10012
0 64 0 0 10012
0 116 0 0 10012
0 171 0 0 10012
0 218 0 0 10012
0 248 0 0 10012
0 255 0 0 10012
0 237 0 0 10012
0 197 0 0 10012
0 144 0 0 10012
0 86 0 0 10012
0 37 0 0 10012
0 6 0 0 10012
0 1 0 0 10012
0 22 0 0 10012
0 65 0 0 10012
0 123 0 0 10012
0 181 0 0 10012
0 228 0 0 10012
0 253 0 0 10012
0 250 0 0 10012
0 219 0 0 10012
0 167 0 0 10012
0 106 0 0 10012
0 49 0 0 10012
0 11 0 0 10012
0 0 0 0 10012
0 20 0 0 10012
0 66 0 0 10012
0 127 0 0 10012
0 189 0 0 10012
0 236 0 0 10012
0 255 0 0 10012
0 242 0 0 10012
0 199 0 0 10012
0 138 0 0 10012
0 73 0 0 10012
0 23 0 0 10012
0 0 0 0 10012
0 12 0 0 10012
0 55 0 0 10012
0 118 0 0 10012
0 185 0 0 10012
0 235 0 0 10012
0 255 0 0 10012
0 239 0 0 10012
0 191 0 0 10012
0 124 0 0 10012
0 57 0 0 10012
0 12 0 0 10012
0 0 0 0 10012
0 27 0 0 10012
0 85 0 0 10012
0 156 0 0 10012
0 218 0 0 10012
0 252 0 0 10012
0 248 0 0 10012
0 205 0 0 10012
0 137 0 0 10012
0 66 0 0 10012
0 14 0 0 10012
0 0 0 0 10012
0 28 0 0 10012
0 89 0 0 10012
0 163 0 0 10012
0 226 0 0 10012
0 255 0 0 10012
0 240 0 0 10012
0 186 0 0 10012
0 111 0 0 10012
0 42 0 0 10012
0 3 0 0 10012
0 8 0 0 10012
0 57 0 0 10012
0 132 0 0 10012
0 205 0 0 10012
0 250 0 0 10012
0 249 0 0 10012
0 203 0 0 10012
0 127 0 0 10012
0 52 0 0 10012
0 6 0 0 10012
0 6 0 0 10012
0 54 0 0 10012
0 132 0 0 10012
0 207 0 0 10012
0 251 0 0 10012
0 246 0 0 10012
0 192 0 0 10012
0 111 0 0 10012
0 37 0 0 10012
0 1 0 0 10012
0 17 0 0 10012
0 80 0 0 10012
0 163 0 0 10012
0 232 0 0 10012
0 255 0 0 10012
0 224 0 0 10012
0 150 0 0 10012
0 66 0 0 10012
0 9 0 0 10012
0 5 0 0 10012
0 56 0 0 10012
0 140 0 0 10012
0 218 0 0 10012
0 255 0 0 10012
0 233 0 0 10012
0 162 0 0 10012
0 74 0 0 10012
0 12 0 0 10012
0 4 0 0 10012
0 55 0 0 10012
0 142 0 0 10012
0 221 0 0 10012
0 255 0 0 10012
0 227 0 0 10012
0 148 0 0 10012
0 60 0 0 10012
0 5 0 0 10012
0 12 0 0 10012
0 78 0 0 10012
0 169 0 0 10012
0 240 0 0 10012
0 252 0 0 10012
0 199 0 0 10012
0 109 0 0 10012
0 28 0 0 10012
0 0 0 0 10012
0 40 0 0 10012
0 127 0 0 10012
0 215 0 0 10012
0 255 0 0 10012
0 225 0 0 10012
0 141 0 0 10012
0 49 0 0 10012
0 1 0 0 10012
0 24 0 0 10012
0 106 0 0 10012
0 200 0 0 10012
0 253 0 0 10012
0 234 0 0 10012
0 152 0 0 10012
0 56 0 0 10012
0 2 0 0 10012
0 22 0 0 10012
0 104 0 0 10012
0 201 0 0 10012
0 254 0 0 10012
0 230 0 0 10012
0 144 0 0 10012
0 47 0 0 10012
0 0 0 0 10012
0 32 0 0 10012
0 124 0 0 10012
0 218 0 0 10012
0 255 0 0 10012
0 212 0 0 10012
0 114 0 0 10012
0 25 0 0 10012
0 2 0 0 10012
0 60 0 0 10012
0 163 0 0 10012
0 243 0 0 10012
0 246 0 0 10012
0 171 0 0 10012
0 66 0 0 10012
0 3 0 0 10012
0 23 0 0 10012
0 115 0 0 10012
0 215 0 0 10012
0 255 0 0 10012
0 207 0 0 10012
0 104 0 0 10012
0 16 0 0 10012
0 7 0 0 10012
0 83 0 0 10012
0 190 0 0 10012
0 253 0 0 10012
0 226 0 0 10012
0 128 0 0 10012
0 29 0 0 10012
0 2 0 0 10012
0 67 0 0 10012
0 177 0 0 10012
0 250 0 0 10012
0 232 0 0 10012
0 136 0 0 10012
0 33 0 0 10012
0 1 0 0 10012
0 66 0 0 10012
0 178 0 0 10012
0 251 0 0 10012
0 229 0 0 10012
0 128 0 0 10012
0 26 0 0 10012
0 4 0 0 10012
0 79 0 0 10012
0 193 0 0 10012
0 255 0 0 10012
0 215 0 0 10012
0 105 0 0 10012
0 13 0 0 10012
0 14 0 0 10012
0 108 0 0 10012
0 218 0 0 10012
0 254 0 0 10012
0 185 0 0 10012
0 68 0 0 10012
0 1 0 0 10012
0 40 0 0 10012
0 153 0 0 10012
0 245 0 0 10012
0 237 0 0 10012
0 135 0 0 10012
0 26 0 0 10012
0 6 0 0 10012
0 91 0 0 10012
0 208 0 0 10012
0 255 0 0 10012
0 189 0 0 10012
0 69 0 0 10012
0 0 0 0 10012
0 46 0 0 10012
0 165 0 0 10012
0 250 0 0 10012
0 224 0 0 10012
0 110 0 0 10012
0 11 0 0 10012
0 20 0 0 10012
0 128 0 0 10012
0 128 0 0 10012
0 128 0 0 10012
0 128 0 0 10012
0 128 0 0 10012
0 128 0 0 10012
0 128 0 0 10012
0 128 0 0 10012
0 128 0 0 10012
0 128 0 0 10012
0 128 0 0 10012
0 128 0 0 10012
0 128 0 0 10012
0 128 0 0 10012
0 128 0 0 10012
0 128 0 0 10012
0 128 0 0 10012
0 128 0 0 10012
0 128 0 0 10012
0 128 0 0 10012
0 128 0 0 10012
0 128 0 0 10012
0 128 0 0 10012
0 128 0 0 10012
0 128 0 0 10012
0 128 0 0 10012
0 128 0 0 10012
0 128 0 0 10012
0 128 0 0 10012
0 128 0 0 10012
0 128 0 0 10012
0 128 0 0 10012
0 128 0 0 10012
0 128 0 0 10012
0 128 0 0 10012
0 128 0 0 10012
0 128 0 0 10012
0 128 0 0 10012
0 128 0 0 10012
0 128 0 0 10012
0 128 0 0 10012
0 128 0 0 10012
0 128 0 0 10012
0 128 0 0 10012
0 128 0 0 10012
0 128 0 0 10012
0 128 0 0 10012
0 128 0 0 10012
0 128 0 0 10012
0 128 0 0 10012
0 128 0 0 10012
0 128 0 0 10012
0 128 0 0 10012
0 128 0 0 10012
0 128 0 0 10012
0 128 0 0 10012
0 128 0 0 10012
0 128 0 0 10012
0 128 0 0 10012
0 128 0 0 10012
0 128 0 0 10012
0 128 0 0 10012
0 128 0 0 10012
0 128 0 0 10012
0 128 0 0 10012
0 128 0 0 10012
0 128 0 0 10012
0 128 0 0 10012
0 128 0 0 10012
0 128 0 0 10012
0 128 0 0 10012
0 128 0 0 10012
0 128 0 0 10012
0 128 0 0 10012
0 128 0 0 10012
0 128 0 0 10012
0 128 0 0 10012
0 128 0 0 10012
0 128 0 0 10012
0 128 0 0 10012
0 128 0 0 10012
0 128 0 0 10012
0 128 0 0 10012
0 128 0 0 10012
0 128 0 0 10012
0 128 0 0 10012
0 128 0 0 10012
0 128 0 0 10012
0 128 0 0 10012
0 128 0 0 10012
0 128 0 0 10012
0 128 0 0 10012
0 128 0 0 10012
0 128 0 0 10012
0 128 0 0 10012
0 128 0 0 10012
0 128 0 0 10012
0 128 0 0 10012
0 128 0 0 10012
0 128 0 0 10012
0 128 0 0 10012
0 128 0 0 10012
0 128 0 0 10012
0 128 0 0 10012
0 129 0 0 10012
0 129 0 0 10012
0 129 0 0 10012
0 130 0 0 10012
0 130 0 0 10012
0 130 0 0 10012
0 129 0 0 10012
0 129 0 0 10012
0 128 0 0 10012
0 127 0 0 10012
0 126 0 0 10012
0 125 0 0 10012
0 124 0 0 10012
0 123 0 0 10012
0 122 0 0 10012
0 121 0 0 10012
0 121 0 0 10012
0 122 0 0 10012
0 123 0 0 10012
0 124 0 0 10012
0 126 0 0 10012
0 128 0 0 10012
0 130 0 0 10012
0 132 0 0 10012
0 134 0 0 10012
0 135 0 0 10012
0 137 0 0 10012
0 137 0 0 10012
0 138 0 0 10012
0 137 0 0 10012
0 136 0 0 10012
0 134 0 0 10012
0 132 0 0 10012
0 129 0 0 10012
0 126 0 0 10012
0 123 0 0 10012
0 120 0 0 10012
0 117 0 0 10012
0 115 0 0 10012
0 114 0 0 10012
0 113 0 0 10012
0 114 0 0 10012
0 115 0 0 10012
0 117 0 0 10012
0 120 0 0 10012
0 124 0 0 10012
0 127 0 0 10012
0 132 0 0 10012
0 136 0 0 10012
0 139 0 0 10012
0 142 0 0 10012
0 144 0 0 10012
0 145 0 0 10012
0 145 0 0 10012
0 144 0 0 10012
0 142 0 0 10012
0 139 0 0 10012
0 135 0 0 10012
0 130 0 0 10012
0 125 0 0 10012
0 120 0 0 10012
0 115 0 0 10012
0 111 0 0 10012
0 108 0 0 10012
0 106 0 0 10012
0 105 0 0 10012
0 106 0 0 10012
0 108 0 0 10012
0 112 0 0 10012
0 116 0 0 10012
0 122 0 0 10012
0 127 0 0 10012
0 134 0 0 10012
0 139 0 0 10012
0 145 0 0 10012
0 149 0 0 10012
0 152 0 0 10012
0 153 0 0 10012
0 153 0 0 10012
0 152 0 0 10012
0 148 0 0 10012
0 143 0 0 10012
0 138 0 0 10012
0 131 0 0 10012
0 124 0 0 10012
0 117 0 0 10012
0 111 0 0 10012
0 105 0 0 10012
0 101 0 0 10012
0 98 0 0 10012
0 97 0 0 10012
0 99 0 0 10012
0 102 0 0 10012
0 106 0 0 10012
0 112 0 0 10012
0 120 0 0 10012
0 127 0 0 10012
0 136 0 0 10012
0 143 0 0 10012
0 150 0 0 10012
0 156 0 0 10012
0 159 0 0 10012
0 161 0 0 10012
0 161 0 0 10012
0 159 0 0 10012
0 154 0 0 10012
0 148 0 0 10012
0 141 0 0 10012
0 132 0 0 10012
0 123 0 0 10012
0 114 0 0 10012
0 106 0 0 10012
0 99 0 0 10012
0 94 0 0 10012
0 90 0 0 10012
0 89 0 0 10012
0 91 0 0 10012
0 95 0 0 10012
0 101 0 0 10012
0 109 0 0 10012
0 118 0 0 10012
0 127 0 0 10012
0 138 0 0 10012
0 147 0 0 10012
0 156 0 0 10012
0 162 0 0 10012
0 167 0 0 10012
0 169 0 0 10012
0 169 0 0 10012
0 166 0 0 10012
0 161 0 0 10012
0 153 0 0 10012
0 144 0 0 10012
0 133 0 0 10012
0 122 0 0 10012
0 111 0 0 10012
0 101 0 0 10012
0 93 0 0 10012
0 86 0 0 10012
0 83 0 0 10012
0 82 0 0 10012
0 83 0 0 10012
0 88 0 0 10012
0 95 0 0 10012
0 105 0 0 10012
0 116 0 0 10012
0 127 0 0 10012
0 140 0 0 10012
0 151 0 0 10012
0 161 0 0 10012
0 169 0 0 10012
0 175 0 0 10012
0 177 0 0 10012
0 177 0 0 10012
0 173 0 0 10012
0 167 0 0 10012
0 158 0 0 10012
0 146 0 0 10012
0 134 0 0 10012
0 121 0 0 10012
0 108 0 0 10012
0 96 0 0 10012
0 87 0 0 10012
0 79 0 0 10012
0 75 0 0 10012
0 74 0 0 10012
0 76 0 0 10012
0 81 0 0 10012
0 90 0 0 10012
0 101 0 0 10012
0 114 0 0 10012
0 127 0 0 10012
0 142 0 0 10012
0 155 0 0 10012
0 166 0 0 10012
0 176 0 0 10012
0 182 0 0 10012
0 185 0 0 10012
0 185 0 0 10012
0 180 0 0 10012
0 173 0 0 10012
0 162 0 0 10012
0 149 0 0 10012
0 135 0 0 10012
0 120 0 0 10012
0 105 0 0 10012
0 92 0 0 10012
0 80 0 0 10012
0 72 0 0 10012
0 67 0 0 10012
0 66 0 0 10012
0 68 0 0 10012
0 75 0 0 10012
0 84 0 0 10012
0 97 0 0 10012
0 112 0 0 10012
0 127 0 0 10012
0 143 0 0 10012
0 159 0 0 10012
0 172 0 0 10012
0 183 0 0 10012
0 190 0 0 10012
0 193 0 0 10012
0 193 0 0 10012
0 188 0 0 10012
0 179 0 0 10012
0 167 0 0 10012
0 152 0 0 10012
0 136 0 0 10012
0 119 0 0 10012
0 102 0 0 10012
0 87 0 0 10012
0 74 0 0 10012
0 65 0 0 10012
0 59 0 0 10012
0 58 0 0 10012
0 61 0 0 10012
0 68 0 0 10012
0 79 0 0 10012
0 93 0 0 10012
0 110 0 0 10012
0 127 0 0 10012
0 145 0 0 10012
0 162 0 0 10012
0 177 0 0 10012
0 189 0 0 10012
0 197 0 0 10012
0 201 0 0 10012
0 200 0 0 10012
0 195 0 0 10012
0 185 0 0 10012
0 172 0 0 10012
0 155 0 0 10012
0 137 0 0 10012
0 118 0 0 10012
0 99 0 0 10012
0 82 0 0 10012
0 68 0 0 10012
0 57 0 0 10012
0 51 0 0 10012
0 50 0 0 10012
0 53 0 0 10012
0 61 0 0 10012
0 73 0 0 10012
0 89 0 0 10012
0 108 0 0 10012
0 127 0 0 10012
0 147 0 0 10012
0 166 0 0 10012
0 183 0 0 10012
0 196 0 0 10012
0 205 0 0 10012
0 209 0 0 10012
0 208 0 0 10012
0 202 0 0 10012
0 191 0 0 10012
0 176 0 0 10012
0 158 0 0 10012
0 138 0 0 10012
0 117 0 0 10012
0 96 0 0 10012
0 78 0 0 10012
0 62 0 0 10012
0 50 0 0 10012
0 43 0 0 10012
0 42 0 0 10012
0 45 0 0 10012
0 54 0 0 10012
0 68 0 0 10012
0 85 0 0 10012
0 106 0 0 10012
0 127 0 0 10012
0 149 0 0 10012
0 170 0 0 10012
0 188 0 0 10012
0 203 0 0 10012
0 213 0 0 10012
0 217 0 0 10012
0 216 0 0 10012
0 209 0 0 10012
0 198 0 0 10012
0 181 0 0 10012
0 161 0 0 10012
0 139 0 0 10012
0 116 0 0 10012
0 93 0 0 10012
0 73 0 0 10012
0 56 0 0 10012
0 43 0 0 10012
0 35 0 0 10012
0 34 0 0 10012
0 38 0 0 10012
0 48 0 0 10012
0 62 0 0 10012
0 82 0 0 10012
0 104 0 0 10012
0 127 0 0 10012
0 151 0 0 10012
0 174 0 0 10012
0 194 0 0 10012
0 210 0 0 10012
0 220 0 0 10012
0 225 0 0 10012
0 224 0 0 10012
0 217 0 0 10012
0 204 0 0 10012
0 186 0 0 10012
0 164 0 0 10012
0 140 0 0 10012
0 115 0 0 10012
0 91 0 0 10012
0 68 0 0 10012
0 50 0 0 10012
0 36 0 0 10012
0 28 0 0 10012
0 26 0 0 10012
0 30 0 0 10012
0 41 0 0 10012
0 57 0 0 10012
0 78 0 0 10012
0 102 0 0 10012
0 128 0 0 10012
0 153 0 0 10012
0 178 0 0 10012
0 199 0 0 10012
0 216 0 0 10012
0 228 0 0 10012
0 233 0 0 10012
0 232 0 0 10012
0 224 0 0 10012
0 210 0 0 10012
0 191 0 0 10012
0 167 0 0 10012
0 141 0 0 10012
0 114 0 0 10012
0 88 0 0 10012
0 64 0 0 10012
0 43 0 0 10012
0 28 0 0 10012
0 20 0 0 10012
0 18 0 0 10012
0 23 0 0 10012
0 34 0 0 10012
0 51 0 0 10012
0 74 0 0 10012
0 100 0 0 10012
0 127 0 0 10012
0 155 0 0 10012
0 182 0 0 10012
0 205 0 0 10012
0 223 0 0 10012
0 236 0 0 10012
0 241 0 0 10012
0 240 0 0 10012
0 231 0 0 10012
0 216 0 0 10012
0 195 0 0 10012
0 170 0 0 10012
0 142 0 0 10012
0 113 0 0 10012
0 85 0 0 10012
0 59 0 0 10012
0 37 0 0 10012
0 21 0 0 10012
0 12 0 0 10012
0 10 0 0 10012
0 15 0 0 10012
0 27 0 0 10012
0 46 0 0 10012
0 70 0 0 10012
0 98 0 0 10012
0 127 0 0 10012
0 157 0 0 10012
0 186 0 0 10012
0 210 0 0 10012
0 230 0 0 10012
0 243 0 0 10012
0 249 0 0 10012
0 248 0 0 10012
0 238 0 0 10012
0 222 0 0 10012
0 200 0 0 10012
0 173 0 0 10012
0 143 0 0 10012
0 112 0 0 10012
0 82 0 0 10012
0 54 0 0 10012
0 31 0 0 10012
0 14 0 0 10012
0 4 0 0 10012
0 2 0 0 10012
0 7 0 0 10012
0 21 0 0 10012
0 41 0 0 10012
0 66 0 0 10012
0 96 0 0 10012
0 128 0 0 10012
0 128 0 0 10012
0 128 0 0 10012
0 128 0 0 10012
0 128 0 0 10012
0 128 0 0 10012
0 128 0 0 10012
0 128 0 0 10012
0 128 0 0 10012
0 128 0 0 10012
0 128 0 0 10012
0 128 0 0 10012
0 128 0 0 10012
0 128 0 0 10012
0 128 0 0 10012
0 128 0 0 10012
0 128 0 0 10012
0 128 0 0 10012
0 128 0 0 10012
0 128 0 0 10012
0 128 0 0 10012
0 128 0 0 10012
0 128 0 0 10012
0 128 0 0 10012
0 128 0 0 10012
0 128 0 0 10012
0 128 0 0 10012
0 128 0 0 10012
0 128 0 0 10012
0 128 0 0 10012
0 128 0 0 10012
0 128 0 0 10012
0 128 0 0 10012
0 128 0 0 10012
0 128 0 0 10012
0 128 0 0 10012
0 128 0 0 10012
0 128 0 0 10012
0 128 0 0 10012
0 128 0 0 10012
0 128 0 0 10012
0 128 0 0 10012
0 128 0 0 10012
0 128 0 0 10012
0 128 0 0 10012
0 128 0 0 10012
0 128 0 0 10012
0 128 0 0 10012
0 128 0 0 10012
0 128 0 0 10012
0 128 0 0 10012
0 128 0 0 10012
0 128 0 0 10012
0 128 0 0 10012
0 128 0 0 10012
0 128 0 0 10012
0 128 0 0 10012
0 128 0 0 10012
0 128 0 0 10012
0 128 0 0 10012
0 128 0 0 10012
0 128 0 0 10012
0 128 0 0 10012
0 128 0 0 10012
0 128 0 0 10012
0 128 0 0 10012
0 128 0 0 10012
0 128 0 0 10012
0 128 0 0 10012
0 128 0 0 10012
0 128 0 0 10012
0 128 0 0 10012
0 128 0 0 10012
0 128 0 0 10012
0 128 0 0 10012
0 128 0 0 10012
0 128 0 0 10012
0 128 0 0 10012
0 128 0 0 10012
0 128 0 0 10012
0 128 0 0 10012
0 128 0 0 10012
0 128 0 0 10012
0 128 0 0 10012
0 128 0 0 10012
0 128 0 0 10012
0 128 0 0 10012
0 128 0 0 10012
0 128 0 0 10012
0 128 0 0 10012
0 128 0 0 10012
0 128 0 0 10012
0 128 0 0 10012
0 128 0 0 10012
0 128 0 0 10012
0 128 0 0 10012
0 128 0 0 10012
0 128 0 0 10012
0 128 0 0 10012
0 128 0 0 10012
0 0 0 0 10012
0 0 0 0 10013
0 0 0 0 10013
0 0 0 0 10013
0 0 0 0 10013
0 0 0 0 10013
0 0 0 0 10013
0 0 0 0 10013
0 0 0 0 10013
0 0 0 0 10013
0 0 0 0 10013
0 0 0 0 10013
0 0 0 0 10013
0 0 0 0 10013
0 0 0 0 10013
0 0 0 0 10013
0 0 0 0 10013
0 0 0 0 10013
0 0 0 0 10013
0 0 0 0 10013
0 0 0 0 10013
0 0 0 0 10013
0 0 0 0 10013
0 0 0 0 10013
0 0 0 0 10013
0 0 0 0 10013
0 0 0 0 10013
0 0 0 0 10013
0 0 0 0 10013
0 0 0 0 10013
0 0 0 0 10013
0 0 0 0 10013
0 0 0 0 10013
0 0 0 0 10013
0 0 0 0 10013
0 0 0 0 10013
0 0 0 0 10013
0 0 0 0 10013
0 0 0 0 10013
0 0 0 0 10013
0 0 0 0 10013
0 0 0 0 10013
0 0 0 0 10013
0 0 0 0 10013
0 0 0 0 10013
0 0 0 0 10013
0 0 0 0 10013
0 0 0 0 10013
0 0 0 0 10013
0 0 0 0 10013
0 0 0 0 10013
0 0 0 0 10013
0 0 0 0 10013
0 0 0 0 10013
0 0 0 0 10013
0 0 0 0 10013
0 0 0 0 10013
0 0 0 0 10013
0 0 0 0 10013
0 0 0 0 10013
0 0 0 0 10013
0 0 0 0 10013
0 0 0 0 10013
0 0 0 0 10013
0 0 0 0 10013
0 0 0 0 10013
0 0 0 0 10013
0 0 0 0 10013
0 0 0 0 10013
0 0 0 0 10013
0 0 0 0 10013
0 0 0 0 10013
0 0 0 0 10013
0 0 0 0 10013
0 0 0 0 10013
0 0 0 0 10013
0 0 0 0 10013
0 0 0 0 10013
0 0 0 0 10013
0 0 0 0 10013
0 0 0 0 10013
0 0 0 0 10013
0 0 0 0 10013
0 0 0 0 10013
0 0 0 0 10013
0 0 0 0 10013
0 0 0 0 10013
0 0 0 0 10013
0 0 0 0 10013
0 0 0 0 10013
0 0 0 0 10013
0 0 0 0 10013
0 0 0 0 10013
0 0 0 0 10013
0 0 0 0 10013
0 0 0 0 10013
0 0 0 0 10013
0 0 0 0 10013
0 0 0 0 10013
0 0 0 0 10013
0 0 0 0 10013
0 0 0 0 10013
0 0 0 0 10013
0 0 0 0 10013
0 0 0 0 10013
0 0 0 0 10013
0 0 0 0 10013
0 0 0 0 10013
0 0 0 0 10013
0 0 0 0 10013
0 0 0 0 10013
0 0 0 0 10013
0 0 0 0 10013
0 0 0 0 10013
0 0 0 0 10013
0 0 0 0 10013
0 0 0 0 10013
0 0 0 0 10013
0 0 0 0 10013
0 0 0 0 10013
0 0 0 0 10013
0 0 0 0 10013
0 0 0 0 10013
0 0 0 0 10013
0 0 0 0 10013
0 0 0 0 10013
0 0 0 0 10013
0 0 0 0 10013
0 0 0 0 10013
0 0 0 0 10013
0 0 0 0 10013
0 0 0 0 10013
0 0 0 0 10013
0 0 0 0 10013
0 0 0 0 10013
0 0 0 0 10013
0 0 0 0 10013
0 0 0 0 10013
0 0 0 0 10013
0 0 0 0 10013
0 0 0 0 10013
0 0 0 0 10013
0 0 0 0 10013
0 0 0 0 10013
0 0 0 0 10013
0 0 0 0 10013
0 0 0 0 10013
0 0 0 0 10013
0 0 0 0 10013
0 0 0 0 10013
0 0 0 0 10013
0 0 0 0 10013
0 0 0 0 10013
0 0 0 0 10013
0 0 0 0 10013
0 0 0 0 10013
0 0 0 0 10013
0 0 0 0 10013
0 0 0 0 10013
0 0 0 0 10013
0 0 0 0 10013
0 0 0 0 10013
0 0 0 0 10013
0 0 0 0 10013
0 0 0 0 10013
0 0 0 0 10013
0 0 0 0 10013
0 0 0 0 10013
0 0 0 0 10013
0 0 0 0 10013
0 0 0 0 10013
0 0 0 0 10013
0 0 0 0 10013
0 0 0 0 10013
0 0 0 0 10013
0 0 0 0 10013
0 0 0 0 10013
0 0 0 0 10013
0 0 0 0 10013
0 0 0 0 10013
0 0 0 0 10013
0 0 0 0 10013
0 0 0 0 10013
0 0 0 0 10013
0 0 0 0 10013
0 0 0 0 10013
0 0 0 0 10013
0 0 0 0 10013
0 0 0 0 10013
0 0 0 0 10013
0 0 0 0 10013
0 0 0 0 10013
0 0 0 0 10013
0 0 0 0 10013
0 0 0 0 10013
0 0 0 0 10013
0 0 0 0 10013
0 0 0 0 10013
0 0 0 0 10013
0 0 0 0 10013
0 255 0 0 10013
0 255 0 0 10013
0 255 0 0 10013
0 255 0 0 10013
0 255 0 0 10013
0 255 0 0 10013
0 255 0 0 10013
0 255 0 0 10013
0 255 0 0 10013
0 255 0 0 10013
0 255 0 0 10013
0 255 0 0 10013
0 255 0 0 10013
0 255 0 0 10013
0 255 0 0 10013
0 255 0 0 10013
0 255 0 0 10013
0 255 0 0 10013
0 255 0 0 10013
0 255 0 0 10013
0 255 0 0 10013
0 255 0 0 10013
0 255 0 0 10013
0 255 0 0 10013
0 255 0 0 10013
0 255 0 0 10013
0 255 0 0 10013
0 255 0 0 10013
0 255 0 0 10013
0 255 0 0 10013
0 255 0 0 10013
0 255 0 0 10013
0 255 0 0 10013
0 255 0 0 10013
0 255 0 0 10013
0 255 0 0 10013
0 255 0 0 10013
0 255 0 0 10013
0 255 0 0 10013
0 255 0 0 10013
0 255 0 0 10013
0 255 0 0 10013
0 255 0 0 10013
0 255 0 0 10013
0 255 0 0 10013
0 255 0 0 10013
0 255 0 0 10013
0 255 0 0 10013
0 255 0 0 10013
0 255 0 0 10013
0 255 0 0 10013
0 255 0 0 10013
0 255 0 0 10013
0 255 0 0 10013
0 255 0 0 10013
0 255 0 0 10013
0 255 0 0 10013
0 255 0 0 10013
0 255 0 0 10013
0 255 0 0 10013
0 255 0 0 10013
0 255 0 0 10013
0 255 0 0 10013
0 255 0 0 10013
0 255 0 0 10013
0 255 0 0 10013
0 255 0 0 10013
0 255 0 0 10013
0 255 0 0 10013
0 255 0 0 10013
0 255 0 0 10013
0 255 0 0 10013
0 255 0 0 10013
0 255 0 0 10013
0 255 0 0 10013
0 255 0 0 10013
0 255 0 0 10013
0 255 0 0 10013
0 255 0 0 10013
0 255 0 0 10013
0 255 0 0 10013
0 255 0 0 10013
0 255 0 0 10013
0 255 0 0 10013
0 255 0 0 10013
0 255 0 0 10013
0 255 0 0 10013
0 255 0 0 10013
0 255 0 0 10013
0 255 0 0 10013
0 255 0 0 10013
0 255 0 0 10013
0 255 0 0 10013
0 255 0 0 10013
0 255 0 0 10013
0 255 0 0 10013
0 255 0 0 10013
0 255 0 0 10013
0 255 0 0 10013
0 255 0 0 10013
0 255 0 0 10013
0 255 0 0 10013
0 255 0 0 10013
0 255 0 0 10013
0 255 0 0 10013
0 255 0 0 10013
0 255 0 0 10013
0 255 0 0 10013
0 255 0 0 10013
0 255 0 0 10013
0 255 0 0 10013
0 255 0 0 10013
0 255 0 0 10013
0 255 0 0 10013
0 255 0 0 10013
0 255 0 0 10013
0 255 0 0 10013
0 255 0 0 10013
0 255 0 0 10013
0 255 0 0 10013
0 255 0 0 10013
0 255 0 0 10013
0 255 0 0 10013
0 255 0 0 10013
0 255 0 0 10013
0 255 0 0 10013
0 255 0 0 10013
0 255 0 0 10013
0 255 0 0 10013
0 255 0 0 10013
0 255 0 0 10013
0 255 0 0 10013
0 255 0 0 10013
0 255 0 0 10013
0 255 0 0 10013
0 255 0 0 10013
0 255 0 0 10013
0 255 0 0 10013
0 255 0 0 10013
0 255 0 0 10013
0 255 0 0 10013
0 255 0 0 10013
0 255 0 0 10013
0 255 0 0 10013
0 255 0 0 10013
0 255 0 0 10013
0 255 0 0 10013
0 255 0 0 10013
0 255 0 0 10013
0 255 0 0 10013
0 0 0 0 10013
0 0 0 0 10013
0 0 0 0 10013
0 0 0 0 10013
0 0 0 0 10013
0 0 0 0 10013
0 0 0 0 10013
0 0 0 0 10013
0 0 0 0 10013
0 0 0 0 10013
0 0 0 0 10013
0 0 0 0 10013
0 0 0 0 10013
0 0 0 0 10013
0 0 0 0 10013
0 0 0 0 10013
0 0 0 0 10013
0 0 0 0 10013
0 0 0 0 10013
0 0 0 0 10013
0 0 0 0 10013
0 0 0 0 10013
0 0 0 0 10013
0 0 0 0 10013
0 0 0 0 10013
0 0 0 0 10013
0 0 0 0 10013
0 0 0 0 10013
0 0 0 0 10013
0 0 0 0 10013
0 0 0 0 10013
0 0 0 0 10013
0 0 0 0 10013
0 0 0 0 10013
0 0 0 0 10013
0 0 0 0 10013
0 0 0 0 10013
0 0 0 0 10013
0 0 0 0 10013
0 0 0 0 10013
0 0 0 0 10013
0 0 0 0 10013
0 0 0 0 10013
0 0 0 0 10013
0 0 0 0 10013
0 0 0 0 10013
0 0 0 0 10013
0 0 0 0 10013
0 0 0 0 10013
0 0 0 0 10013
0 0 0 0 10013
0 0 0 0 10013
0 0 0 0 10013
0 0 0 0 10013
0 0 0 0 10013
0 0 0 0 10013
0 0 0 0 10013
0 0 0 0 10013
0 0 0 0 10013
0 0 0 0 10013
0 0 0 0 10013
0 0 0 0 10013
0 0 0 0 10013
0 0 0 0 10013
0 0 0 0 10013
0 0 0 0 10013
0 0 0 0 10013
0 0 0 0 10013
0 0 0 0 10013
0 0 0 0 10013
0 0 0 0 10013
0 0 0 0 10013
0 0 0 0 10013
0 0 0 0 10013
0 0 0 0 10013
0 0 0 0 10013
0 0 0 0 10013
0 0 0 0 10013
0 0 0 0 10013
0 0 0 0 10013
0 0 0 0 10013
0 0 0 0 10013
0 0 0 0 10013
0 0 0 0 10013
0 0 0 0 10013
0 0 0 0 10013
0 0 0 0 10013
0 0 0 0 10013
0 0 0 0 10013
0 0 0 0 10013
0 0 0 0 10013
0 0 0 0 10013
0 0 0 0 10013
0 0 0 0 10013
0 0 0 0 10013
0 0 0 0 10013
0 0 0 0 10013
0 0 0 0 10013
0 0 0 0 10013
0 0 0 0 10013
0 0 0 0 10013
0 0 0 0 10013
0 0 0 0 10013
0 0 0 0 10013
0 0 0 0 10013
0 0 0 0 10013
0 0 0 0 10013
0 0 0 0 10013
0 0 0 0 10013
0 0 0 0 10013
0 0 0 0 10013
0 0 0 0 10013
0 0 0 0 10013
0 0 0 0 10013
0 0 0 0 10013
0 0 0 0 10013
0 0 0 0 10013
0 0 0 0 10013
0 0 0 0 10013
0 0 0 0 10013
0 0 0 0 10013
0 0 0 0 10013
0 0 0 0 10013
0 0 0 0 10013
0 0 0 0 10013
0 0 0 0 10013
0 0 0 0 10013
0 0 0 0 10013
0 0 0 0 10013
0 0 0 0 10013
0 0 0 0 10013
0 0 0 0 10013
0 0 0 0 10013
0 0 0 0 10013
0 0 0 0 10013
0 0 0 0 10013
0 0 0 0 10013
0 0 0 0 10013
0 0 0 0 10013
0 0 0 0 10013
0 0 0 0 10013
0 0 0 0 10013
0 0 0 0 10013
0 0 0 0 10013
0 0 0 0 10013
0 0 0 0 10013
0 0 0 0 10013
0 0 0 0 10013
0 0 0 0 10013
0 0 0 0 10013
0 128 0 0 10013
0 128 0 0 10013
0 128 0 0 10013
0 128 0 0 10013
0 128 0 0 10013
0 128 0 0 10013
0 128 0 0 10013
0 128 0 0 10013
0 128 0 0 10013
0 128 0 0 10013
0 128 0 0 10013
0 128 0 0 10013
0 128 0 0 10013
0 128 0 0 10013
0 128 0 0 10013
0 128 0 0 10013
0 128 0 0 10013
0 128 0 0 10013
0 128 0 0 10013
0 128 0 0 10013
0 128 0 0 10013
0 128 0 0 10013
0 128 0 0 10013
0 128 0 0 10013
0 128 0 0 10013
0 128 0 0 10013
0 128 0 0 10013
0 128 0 0 10013
0 128 0 0 10013
0 128 0 0 10013
0 128 0 0 10013
0 128 0 0 10013
0 128 0 0 10013
0 128 0 0 10013
0 128 0 0 10013
0 128 0 0 10013
0 128 0 0 10013
0 128 0 0 10013
0 128 0 0 10013
0 128 0 0 10013
0 128 0 0 10013
0 128 0 0 10013
0 128 0 0 10013
0 128 0 0 10013
0 128 0 0 10013
0 128 0 0 10013
0 128 0 0 10013
0 128 0 0 10013
0 128 0 0 10013
0 128 0 0 10013
0 128 0 0 10013
0 128 0 0 10013
0 128 0 0 10013
0 128 0 0 10013
0 128 0 0 10013
0 128 0 0 10013
0 128 0 0 10013
0 128 0 0 10013
0 128 0 0 10013
0 128 0 0 10013
0 128 0 0 10013
0 128 0 0 10013
0 128 0 0 10013
0 128 0 0 10013
0 128 0 0 10013
0 128 0 0 10013
0 128 0 0 10013
0 128 0 0 10013
0 128 0 0 10013
0 128 0 0 10013
0 128 0 0 10013
0 128 0 0 10013
0 128 0 0 10013
0 128 0 0 10013
0 128 0 0 10013
0 128 0 0 10013
0 128 0 0 10013
0 128 0 0 10013
0 128 0 0 10013
0 128 0 0 10013
0 128 0 0 10013
0 128 0 0 10013
0 128 0 0 10013
0 128 0 0 10013
0 128 0 0 10013
0 128 0 0 10013
0 128 0 0 10013
0 128 0 0 10013
0 128 0 0 10013
0 128 0 0 10013
0 128 0 0 10013
0 128 0 0 10013
0 128 0 0 10013
0 128 0 0 10013
0 128 0 0 10013
0 128 0 0 10013
0 128 0 0 10013
0 128 0 0 10013
0 128 0 0 10013
0 128 0 0 10013
0 128 0 0 10013
0 128 0 0 10013
0 128 0 0 10013
0 129 0 0 10013
0 130 0 0 10013
0 132 0 0 10013
0 133 0 0 10013
0 135 0 0 10013
0 138 0 0 10013
0 141 0 0 10013
0 144 0 0 10013
0 147 0 0 10013
0 151 0 0 10013
0 154 0 0 10013
0 159 0 0 10013
0 163 0 0 10013
0 168 0 0 10013
0 173 0 0 10013
0 178 0 0 10013
0 184 0 0 10013
0 189 0 0 10013
0 195 0 0 10013
0 201 0 0 10013
0 206 0 0 10013
0 212 0 0 10013
0 218 0 0 10013
0 224 0 0 10013
0 229 0 0 10013
0 234 0 0 10013
0 239 0 0 10013
0 243 0 0 10013
0 247 0 0 10013
0 250 0 0 10013
0 253 0 0 10013
0 255 0 0 10013
0 255 0 0 10013
0 255 0 0 10013
0 254 0 0 10013
0 252 0 0 10013
0 248 0 0 10013
0 243 0 0 10013
0 237 0 0 10013
0 230 0 0 10013
0 221 0 0 10013
0 211 0 0 10013
0 199 0 0 10013
0 187 0 0 10013
0 173 0 0 10013
0 159 0 0 10013
0 143 0 0 10013
0 128 0 0 10013
0 111 0 0 10013
0 95 0 0 10013
0 79 0 0 10013
0 64 0 0 10013
0 49 0 0 10013
0 36 0 0 10013
0 24 0 0 10013
0 14 0 0 10013
0 7 0 0 10013
0 2 0 0 10013
0 0 0 0 10013
0 0 0 0 10013
0 4 0 0 10013
0 11 0 0 10013
0 22 0 0 10013
0 35 0 0 10013
0 51 0 0 10013
0 69 0 0 10013
0 90 0 0 10013
0 111 0 0 10013
0 134 0 0 10013
0 157 0 0 10013
0 179 0 0 10013
0 200 0 0 10013
0 218 0 0 10013
0 233 0 0 10013
0 245 0 0 10013
0 253 0 0 10013
0 255 0 0 10013
0 253 0 0 10013
0 246 0 0 10013
0 233 0 0 10013
0 216 0 0 10013
0 195 0 0 10013
0 171 0 0 10013
0 144 0 0 10013
0 116 0 0 10013
0 89 0 0 10013
0 63 0 0 10013
0 40 0 0 10013
0 21 0 0 10013
0 8 0 0 10013
0 1 0 0 10013
0 0 0 0 10013
0 7 0 0 10013
0 21 0 0 10013
0 41 0 0 10013
0 66 0 0 10013
0 96 0 0 10013
0 127 0 0 10013
0 159 0 0 10013
0 190 0 0 10013
0 216 0 0 10013
0 237 0 0 10013
0 250 0 0 10013
0 255 0 0 10013
0 252 0 0 10013
0 239 0 0 10013
0 217 0 0 10013
0 189 0 0 10013
0 156 0 0 10013
0 120 0 0 10013
0 85 0 0 10013
0 53 0 0 10013
0 26 0 0 10013
0 8 0 0 10013
0 0 0 0 10013
0 3 0 0 10013
0 16 0 0 10013
0 40 0 0 10013
0 72 0 0 10013
0 109 0 0 10013
0 148 0 0 10013
0 186 0 0 10013
0 218 0 0 10013
0 242 0 0 10013
0 254 0 0 10013
0 254 0 0 10013
0 240 0 0 10013
0 215 0 0 10013
0 180 0 0 10013
0 140 0 0 10013
0 97 0 0 10013
0 58 0 0 10013
0 26 0 0 10013
0 6 0 0 10013
0 0 0 0 10013
0 8 0 0 10013
0 31 0 0 10013
0 66 0 0 10013
0 108 0 0 10013
0 154 0 0 10013
0 196 0 0 10013
0 230 0 0 10013
0 250 0 0 10013
0 255 0 0 10013
0 243 0 0 10013
0 215 0 0 10013
0 174 0 0 10013
0 128 0 0 10013
0 80 0 0 10013
0 39 0 0 10013
0 11 0 0 10013
0 0 0 0 10013
0 7 0 0 10013
0 33 0 0 10013
0 73 0 0 10013
0 122 0 0 10013
0 172 0 0 10013
0 215 0 0 10013
0 245 0 0 10013
0 255 0 0 10013
0 245 0 0 10013
0 216 0 0 10013
0 171 0 0 10013
0 118 0 0 10013
0 67 0 0 10013
0 26 0 0 10013
0 3 0 0 10013
0 2 0 0 10013
0 23 0 0 10013
0 64 0 0 10013
0 116 0 0 10013
0 171 0 0 10013
0 218 0 0 10013
0 248 0 0 10013
0 255 0 0 10013
0 237 0 0 10013
0 197 0 0 10013
0 144 0 0 10013
0 86 0 0 10013
0 37 0 0 10013
0 6 0 0 10013
0 1 0 0 10013
0 22 0 0 10013
0 65 0 0 10013
0 123 0 0 10013
0 181 0 0 10013
0 228 0 0 10013
0 253 0 0 10013
0 250 0 0 10013
0 219 0 0 10013
0 167 0 0 10013
0 106 0 0 10013
0 49 0 0 10013
0 11 0 0 10013
0 0 0 0 10013
0 20 0 0 10013
0 66 0 0 10013
0 127 0 0 10013
0 189 0 0 10013
0 236 0 0 10013
0 255 0 0 10013
0 242 0 0 10013
0 199 0 0 10013
0 138 0 0 10013
0 73 0 0 10013
0 23 0 0 10013
0 0 0 0 10013
0 12 0 0 10013
0 55 0 0 10013
0 118 0 0 10013
0 185 0 0 10013
0 235 0 0 10013
0 255 0 0 10013
0 239 0 0 10013
0 191 0 0 10013
0 124 0 0 10013
0 57 0 0 10013
0 12 0 0 10013
0 0 0 0 10013
0 27 0 0 10013
0 85 0 0 10013
0 156 0 0 10013
0 218 0 0 10013
0 252 0 0 10013
0 248 0 0 10013
0 205 0 0 10013
0 137 0 0 10013
0 66 0 0 10013
0 14 0 0 10013
0 0 0 0 10013
0 28 0 0 10013
0 89 0 0 10013
0 163 0 0 10013
0 226 0 0 10013
0 255 0 0 10013
0 240 0 0 10013
0 186 0 0 10013
0 111 0 0 10013
0 42 0 0 10013
0 3 0 0 10013
0 8 0 0 10013
0 57 0 0 10013
0 132 0 0 10013
0 205 0 0 10013
0 250 0 0 10013
0 249 0 0 10013
0 203 0 0 10013
0 127 0 0 10013
0 52 0 0 10013
0 6 0 0 10013
0 6 0 0 10013
0 54 0 0 10013
0 132 0 0 10013
0 207 0 0 10013
0 251 0 0 10013
0 246 0 0 10013
0 192 0 0 10013
0 111 0 0 10013
0 37 0 0 10013
0 1 0 0 10013
0 17 0 0 10013
0 80 0 0 10013
0 163 0 0 10013
0 232 0 0 10013
0 255 0 0 10013
0 224 0 0 10013
0 150 0 0 10013
0 66 0 0 10013
0 9 0 0 10013
0 5 0 0 10013
0 56 0 0 10013
0 140 0 0 10013
0 218 0 0 10013
0 255 0 0 10013
0 233 0 0 10013
0 162 0 0 10013
0 74 0 0 10013
0 12 0 0 10013
0 4 0 0 10013
0 55 0 0 10013
0 142 0 0 10013
0 221 0 0 10013
0 255 0 0 10013
0 227 0 0 10013
0 148 0 0 10013
0 60 0 0 10013
0 5 0 0 10013
0 12 0 0 10013
0 78 0 0 10013
0 169 0 0 10013
0 240 0 0 10013
0 252 0 0 10013
0 199 0 0 10013
0 109 0 0 10013
0 28 0 0 10013
0 0 0 0 10013
0 40 0 0 10013
0 127 0 0 10013
0 215 0 0 10013
0 255 0 0 10013
0 225 0 0 10013
0 141 0 0 10013
0 49 0 0 10013
0 1 0 0 10013
0 24 0 0 10013
0 106 0 0 10013
0 200 0 0 10013
0 253 0 0 10013
0 234 0 0 10013
0 152 0 0 10013
0 56 0 0 10013
0 2 0 0 10013
0 22 0 0 10013
0 104 0 0 10013
0 201 0 0 10013
0 254 0 0 10013
0 230 0 0 10013
0 144 0 0 10013
0 47 0 0 10013
0 0 0 0 10013
0 32 0 0 10013
0 124 0 0 10013
0 218 0 0 10013
0 255 0 0 10013
0 212 0 0 10013
0 114 0 0 10013
0 25 0 0 10013
0 2 0 0 10013
0 60 0 0 10013
0 163 0 0 10013
0 243 0 0 10013
0 246 0 0 10013
0 171 0 0 10013
0 66 0 0 10013
0 3 0 0 10013
0 23 0 0 10013
0 115 0 0 10013
0 215 0 0 10013
0 255 0 0 10013
0 207 0 0 10013
0 104 0 0 10013
0 16 0 0 10013
0 7 0 0 10013
0 83 0 0 10013
0 190 0 0 10013
0 253 0 0 10013
0 226 0 0 10013
0 128 0 0 10013
0 29 0 0 10013
0 2 0 0 10013
0 67 0 0 10013
0 177 0 0 10013
0 250 0 0 10013
0 232 0 0 10013
0 136 0 0 10013
0 33 0 0 10013
0 1 0 0 10013
0 66 0 0 10013
0 178 0 0 10013
0 251 0 0 10013
0 229 0 0 10013
0 128 0 0 10013
0 26 0 0 10013
0 4 0 0 10013
0 79 0 0 10013
0 193 0 0 10013
0 255 0 0 10013
0 215 0 0 10013
0 105 0 0 10013
0 13 0 0 10013
0 14 0 0 10013
0 108 0 0 10013
0 218 0 0 10013
0 254 0 0 10013
0 185 0 0 10013
0 68 0 0 10013
0 1 0 0 10013
0 40 0 0 10013
0 153 0 0 10013
0 245 0 0 10013
0 237 0 0 10013
0 135 0 0 10013
0 26 0 0 10013
0 6 0 0 10013
0 91 0 0 10013
0 208 0 0 10013
0 255 0 0 10013
0 189 0 0 10013
0 69 0 0 10013
0 0 0 0 10013
0 46 0 0 10013
0 165 0 0 10013
0 250 0 0 10013
0 224 0 0 10013
0 110 0 0 10013
0 11 0 0 10013
0 20 0 0 10013
0 128 0 0 10013
0 128 0 0 10013
0 128 0 0 10013
0 128 0 0 10013
0 128 0 0 10013
0 128 0 0 10013
0 128 0 0 10013
0 128 0 0 10013
0 128 0 0 10013
0 128 0 0 10013
0 128 0 0 10013
0 128 0 0 10013
0 128 0 0 10013
0 128 0 0 10013
0 128 0 0 10013
0 128 0 0 10013
0 128 0 0 10013
0 128 0 0 10013
0 128 0 0 10013
0 128 0 0 10013
0 128 0 0 10013
0 128 0 0 10013
0 128 0 0 10013
0 128 0 0 10013
0 128 0 0 10013
0 128 0 0 10013
0 128 0 0 10013
0 128 0 0 10013
0 128 0 0 10013
0 128 0 0 10013
0 128 0 0 10013
0 128 0 0 10013
0 128 0 0 10013
0 128 0 0 10013
0 128 0 0 10013
0 128 0 0 10013
0 128 0 0 10013
0 128 0 0 10013
0 128 0 0 10013
0 128 0 0 10013
0 128 0 0 10013
0 128 0 0 10013
0 128 0 0 10013
0 128 0 0 10013
0 128 0 0 10013
0 128 0 0 10013
0 128 0 0 10013
0 128 0 0 10013
0 128 0 0 10013
0 128 0 0 10013
0 128 0 0 10013
0 128 0 0 10013
0 128 0 0 10013
0 128 0 0 10013
0 128 0 0 10013
0 128 0 0 10013
0 128 0 0 10013
0 128 0 0 10013
0 128 0 0 10013
0 128 0 0 10013
0 128 0 0 10013
0 128 0 0 10013
0 128 0 0 10013
0 128 0 0 10013
0 128 0 0 10013
0 128 0 0 10013
0 128 0 0 10013
0 128 0 0 10013
0 128 0 0 10013
0 128 0 0 10013
0 128 0 0 10013
0 128 0 0 10013
0 128 0 0 10013
0 128 0 0 10013
0 128 0 0 10013
0 128 0 0 10013
0 128 0 0 10013
0 128 0 0 10013
0 128 0 0 10013
0 128 0 0 10013
0 128 0 0 10013
0 128 0 0 10013
0 128 0 0 10013
0 128 0 0 10013
0 128 0 0 10013
0 128 0 0 10013
0 128 0 0 10013
0 128 0 0 10013
0 128 0 0 10013
0 128 0 0 10013
0 128 0 0 10013
0 128 0 0 10013
0 128 0 0 10013
0 128 0 0 10013
0 128 0 0 10013
0 128 0 0 10013
0 128 0 0 10013
0 128 0 0 10013
0 128 0 0 10013
0 128 0 0 10013
0 128 0 0 10013
0 128 0 0 10013
0 128 0 0 10013
0 128 0 0 10013
0 129 0 0 10013
0 129 0 0 10013
0 129 0 0 10013
0 130 0 0 10013
0 130 0 0 10013
0 130 0 0 10013
0 129 0 0 10013
0 129 0 0 10013
0 128 0 0 10013
0 127 0 0 10013
0 126 0 0 10013
0 125 0 0 10013
0 124 0 0 10013
0 123 0 0 10013
0 122 0 0 10013
0 121 0 0 10013
0 121 0 0 10013
0 122 0 0 10013
0 123 0 0 10013
0 124 0 0 10013
0 126 0 0 10013
0 128 0 0 10013
0 130 0 0 10013
0 132 0 0 10013
0 134 0 0 10013
0 135 0 0 10013
0 137 0 0 10013
0 137 0 0 10013
0 138 0 0 10013
0 137 0 0 10013
0 136 0 0 10013
0 134 0 0 10013
0 132 0 0 10013
0 129 0 0 10013
0 126 0 0 10013
0 123 0 0 10013
0 120 0 0 10013
0 117 0 0 10013
0 115 0 0 10013
0 114 0 0 10013
0 113 0 0 10013
0 114 0 0 10013
0 115 0 0 10013
0 117 0 0 10013
0 120 0 0 10013
0 124 0 0 10013
0 127 0 0 10013
0 132 0 0 10013
0 136 0 0 10013
0 139 0 0 10013
0 142 0 0 10013
0 144 0 0 10013
0 145 0 0 10013
0 145 0 0 10013
0 144 0 0 10013
0 142 0 0 10013
0 139 0 0 10013
0 135 0 0 10013
0 130 0 0 10013
0 125 0 0 10013
0 120 0 0 10013
0 115 0 0 10013
0 111 0 0 10013
0 108 0 0 10013
0 106 0 0 10013
0 105 0 0 10013
0 106 0 0 10013
0 108 0 0 10013
0 112 0 0 10013
0 116 0 0 10013
0 122 0 0 10013
0 127 0 0 10013
0 134 0 0 10013
0 139 0 0 10013
0 145 0 0 10013
0 149 0 0 10013
0 152 0 0 10013
0 153 0 0 10013
0 153 0 0 10013
0 152 0 0 10013
0 148 0 0 10013
0 143 0 0 10013
0 138 0 0 10013
0 131 0 0 10013
0 124 0 0 10013
0 117 0 0 10013
0 111 0 0 10013
0 105 0 0 10013
0 101 0 0 10013
0 98 0 0 10013
0 97 0 0 10013
0 99 0 0 10013
0 102 0 0 10013
0 106 0 0 10013
0 112 0 0 10013
0 120 0 0 10013
0 127 0 0 10013
0 136 0 0 10013
0 143 0 0 10013
0 150 0 0 10013
0 156 0 0 10013
0 159 0 0 10013
0 161 0 0 10013
0 161 0 0 10013
0 159 0 0 10013
0 154 0 0 10013
0 148 0 0 10013
0 141 0 0 10013
0 132 0 0 10013
0 123 0 0 10013
0 114 0 0 10013
0 106 0 0 10013
0 99 0 0 10013
0 94 0 0 10013
0 90 0 0 10013
0 89 0 0 10013
0 91 0 0 10013
0 95 0 0 10013
0 101 0 0 10013
0 109 0 0 10013
0 118 0 0 10013
0 127 0 0 10013
0 138 0 0 10013
0 147 0 0 10013
0 156 0 0 10013
0 162 0 0 10013
0 167 0 0 10013
0 169 0 0 10013
0 169 0 0 10013
0 166 0 0 10013
0 161 0 0 10013
0 153 0 0 10013
0 144 0 0 10013
0 133 0 0 10013
0 122 0 0 10013
0 111 0 0 10013
0 101 0 0 10013
0 93 0 0 10013
0 86 0 0 10013
0 83 0 0 10013
0 82 0 0 10013
0 83 0 0 10013
0 88 0 0 10013
0 95 0 0 10013
0 105 0 0 10013
0 116 0 0 10013
0 127 0 0 10013
0 140 0 0 10013
0 151 0 0 10013
0 161 0 0 10013
0 169 0 0 10013
0 175 0 0 10013
0 177 0 0 10013
0 177 0 0 10013
0 173 0 0 10013
0 167 0 0 10013
0 158 0 0 10013
0 146 0 0 10013
0 134 0 0 10013
0 121 0 0 10013
0 108 0 0 10013
0 96 0 0 10013
0 87 0 0 10013
0 79 0 0 10013
0 75 0 0 10013
0 74 0 0 10013
0 76 0 0 10013
0 81 0 0 10013
0 90 0 0 10013
0 101 0 0 10013
0 114 0 0 10013
0 127 0 0 10013
0 142 0 0 10013
0 155 0 0 10013
0 166 0 0 10013
0 176 0 0 10013
0 182 0 0 10013
0 185 0 0 10013
0 185 0 0 10013
0 180 0 0 10013
0 173 0 0 10013
0 162 0 0 10013
0 149 0 0 10013
0 135 0 0 10013
0 120 0 0 10013
0 105 0 0 10013
0 92 0 0 10013
0 80 0 0 10013
0 72 0 0 10013
0 67 0 0 10013
0 66 0 0 10013
0 68 0 0 10013
0 75 0 0 10013
0 84 0 0 10013
0 97 0 0 10013
0 112 0 0 10013
0 127 0 0 10013
0 143 0 0 10013
0 159 0 0 10013
0 172 0 0 10013
0 183 0 0 10013
0 190 0 0 10013
0 193 0 0 10013
0 193 0 0 10013
0 188 0 0 10013
0 179 0 0 10013
0 167 0 0 10013
0 152 0 0 10013
0 136 0 0 10013
0 119 0 0 10013
0 102 0 0 10013
0 87 0 0 10013
0 74 0 0 10013
0 65 0 0 10013
0 59 0 0 10013
0 58 0 0 10013
0 61 0 0 10013
0 68 0 0 10013
0 79 0 0 10013
0 93 0 0 10013
0 110 0 0 10013
0 127 0 0 10013
0 145 0 0 10013
0 162 0 0 10013
0 177 0 0 10013
0 189 0 0 10013
0 197 0 0 10013
0 201 0 0 10013
0 200 0 0 10013
0 195 0 0 10013
0 185 0 0 10013
0 172 0 0 10013
0 155 0 0 10013
0 137 0 0 10013
0 118 0 0 10013
0 99 0 0 10013
0 82 0 0 10013
0 68 0 0 10013
0 57 0 0 10013
0 51 0 0 10013
0 50 0 0 10013
0 53 0 0 10013
0 61 0 0 10013
0 73 0 0 10013
0 89 0 0 10013
0 108 0 0 10013
0 127 0 0 10013
0 147 0 0 10013
0 166 0 0 10013
0 183 0 0 10013
0 196 0 0 10013
0 205 0 0 10013
0 209 0 0 10013
0 208 0 0 10013
0 202 0 0 10013
0 191 0 0 10013
0 176 0 0 10013
0 158 0 0 10013
0 138 0 0 10013
0 117 0 0 10013
0 96 0 0 10013
0 78 0 0 10013
0 62 0 0 10013
0 50 0 0 10013
0 43 0 0 10013
0 42 0 0 10013
0 45 0 0 10013
0 54 0 0 10013
0 68 0 0 10013
0 85 0 0 10013
0 106 0 0 10013
0 127 0 0 10013
0 149 0 0 10013
0 170 0 0 10013
0 188 0 0 10013
0 203 0 0 10013
0 213 0 0 10013
0 217 0 0 10013
0 216 0 0 10013
0 209 0 0 10013
0 198 0 0 10013
0 181 0 0 10013
0 161 0 0 10013
0 139 0 0 10013
0 116 0 0 10013
0 93 0 0 10013
0 73 0 0 10013
0 56 0 0 10013
0 43 0 0 10013
0 35 0 0 10013
0 34 0 0 10013
0 38 0 0 10013
0 48 0 0 10013
0 62 0 0 10013
0 82 0 0 10013
0 104 0 0 10013
0 127 0 0 10013
0 151 0 0 10013
0 174 0 0 10013
0 194 0 0 10013
0 210 0 0 10013
0 220 0 0 10013
0 225 0 0 10013
0 224 0 0 10013
0 217 0 0 10013
0 204 0 0 10013
0 186 0 0 10013
0 164 0 0 10013
0 140 0 0 10013
0 115 0 0 10013
0 91 0 0 10013
0 68 0 0 10013
0 50 0 0 10013
0 36 0 0 10013
0 28 0 0 10013
0 26 0 0 10013
0 30 0 0 10013
0 41 0 0 10013
0 57 0 0 10013
0 78 0 0 10013
0 102 0 0 10013
0 128 0 0 10013
0 153 0 0 10013
0 178 0 0 10013
0 199 0 0 10013
0 216 0 0 10013
0 228 0 0 10013
0 233 0 0 10013
0 232 0 0 10013
0 224 0 0 10013
0 210 0 0 10013
0 191 0 0 10013
0 167 0 0 10013
0 141 0 0 10013
0 114 0 0 10013
0 88 0 0 10013
0 64 0 0 10013
0 43 0 0 10013
0 28 0 0 10013
0 20 0 0 10013
0 18 0 0 10013
0 23 0 0 10013
0 34 0 0 10013
0 51 0 0 10013
0 74 0 0 10013
0 100 0 0 10013
0 127 0 0 10013
0 155 0 0 10013
0 182 0 0 10013
0 205 0 0 10013
0 223 0 0 10013
0 236 0 0 10013
0 241 0 0 10013
0 240 0 0 10013
0 231 0 0 10013
0 216 0 0 10013
0 195 0 0 10013
0 170 0 0 10013
0 142 0 0 10013
0 113 0 0 10013
0 85 0 0 10013
0 59 0 0 10013
0 37 0 0 10013
0 21 0 0 10013
0 12 0 0 10013
0 10 0 0 10013
0 15 0 0 10013
0 27 0 0 10013
0 46 0 0 10013
0 70 0 0 10013
0 98 0 0 10013
0 127 0 0 10013
0 157 0 0 10013
0 186 0 0 10013
0 210 0 0 10013
0 230 0 0 10013
0 243 0 0 10013
0 249 0 0 10013
0 248 0 0 10013
0 238 0 0 10013
0 222 0 0 10013
0 200 0 0 10013
0 173 0 0 10013
0 143 0 0 10013
0 112 0 0 10013
0 82 0 0 10013
0 54 0 0 10013
0 31 0 0 10013
0 14 0 0 10013
0 4 0 0 10013
0 2 0 0 10013
0 7 0 0 10013
0 21 0 0 10013
0 41 0 0 10013
0 66 0 0 10013
0 96 0 0 10013
0 128 0 0 10013
0 128 0 0 10013
0 128 0 0 10013
0 128 0 0 10013
0 128 0 0 10013
0 128 0 0 10013
0 128 0 0 10013
0 128 0 0 10013
0 128 0 0 10013
0 128 0 0 10013
0 128 0 0 10013
0 128 0 0 10013
0 128 0 0 10013
0 128 0 0 10013
0 128 0 0 10013
0 128 0 0 10013
0 128 0 0 10013
0 128 0 0 10013
0 128 0 0 10013
0 128 0 0 10013
0 128 0 0 10013
0 128 0 0 10013
0 128 0 0 10013
0 128 0 0 10013
0 128 0 0 10013
0 128 0 0 10013
0 128 0 0 10013
0 128 0 0 10013
0 128 0 0 10013
0 128 0 0 10013
0 128 0 0 10013
0 128 0 0 10013
0 128 0 0 10013
0 128 0 0 10013
0 128 0 0 10013
0 128 0 0 10013
0 128 0 0 10013
0 128 0 0 10013
0 128 0 0 10013
0 128 0 0 10013
0 128 0 0 10013
0 128 0 0 10013
0 128 0 0 10013
0 128 0 0 10013
0 128 0 0 10013
0 128 0 0 10013
0 128 0 0 10013
0 128 0 0 10013
0 128 0 0 10013
0 128 0 0 10013
0 128 0 0 10013
0 128 0 0 10013
0 128 0 0 10013
0 128 0 0 10013
0 128 0 0 10013
0 128 0 0 10013
0 128 0 0 10013
0 128 0 0 10013
0 128 0 0 10013
0 128 0 0 10013
0 128 0 0 10013
0 128 0 0 10013
0 128 0 0 10013
0 128 0 0 10013
0 128 0 0 10013
0 128 0 0 10013
0 128 0 0 10013
0 128 0 0 10013
0 128 0 0 10013
0 128 0 0 10013
0 128 0 0 10013
0 128 0 0 10013
0 128 0 0 10013
0 128 0 0 10013
0 128 0 0 10013
0 128 0 0 10013
0 128 0 0 10013
0 128 0 0 10013
0 128 0 0 10013
0 128 0 0 10013
0 128 0 0 10013
0 128 0 0 10013
0 128 0 0 10013
0 128 0 0 10013
0 128 0 0 10013
0 128 0 0 10013
0 128 0 0 10013
0 128 0 0 10013
0 128 0 0 10013
0 128 0 0 10013
0 128 0 0 10013
0 128 0 0 10013
0 128 0 0 10013
0 128 0 0 10013
0 128 0 0 10013
0 128 0 0 10013
0 128 0 0 10013
0 128 0 0 10013
0 128 0 0 10013
0 128 0 0 10013
0 0 0 0 10013
0 0 0 0 10014
0 0 0 0 10014
0 0 0 0 10014
0 0 0 0 10014
0 0 0 0 10014
0 0 0 0 10014
0 0 0 0 10014
0 0 0 0 10014
0 0 0 0 10014
0 0 0 0 10014
0 0 0 0 10014
0 0 0 0 10014
0 0 0 0 10014
0 0 0 0 10014
0 0 0 0 10014
0 0 0 0 10014
0 0 0 0 10014
0 0 0 0 10014
0 0 0 0 10014
0 0 0 0 10014
0 0 0 0 10014
0 0 0 0 10014
0 0 0 0 10014
0 0 0 0 10014
0 0 0 0 10014
0 0 0 0 10014
0 0 0 0 10014
0 0 0 0 10014
0 0 0 0 10014
0 0 0 0 10014
0 0 0 0 10014
0 0 0 0 10014
0 0 0 0 10014
0 0 0 0 10014
0 0 0 0 10014
0 0 0 0 10014
0 0 0 0 10014
0 0 0 0 10014
0 0 0 0 10014
0 0 0 0 10014
0 0 0 0 10014
0 0 0 0 10014
0 0 0 0 10014
0 0 0 0 10014
0 0 0 0 10014
0 0 0 0 10014
0 0 0 0 10014
0 0 0 0 10014
0 0 0 0 10014
0 0 0 0 10014
0 0 0 0 10014
0 0 0 0 10014
0 0 0 0 10014
0 0 0 0 10014
0 0 0 0 10014
0 0 0 0 10014
0 0 0 0 10014
0 0 0 0 10014
0 0 0 0 10014
0 0 0 0 10014
0 0 0 0 10014
0 0 0 0 10014
0 0 0 0 10014
0 0 0 0 10014
0 0 0 0 10014
0 0 0 0 10014
0 0 0 0 10014
0 0 0 0 10014
0 0 0 0 10014
0 0 0 0 10014
0 0 0 0 10014
0 0 0 0 10014
0 0 0 0 10014
0 0 0 0 10014
0 0 0 0 10014
0 0 0 0 10014
0 0 0 0 10014
0 0 0 0 10014
0 0 0 0 10014
0 0 0 0 10014
0 0 0 0 10014
0 0 0 0 10014
0 0 0 0 10014
0 0 0 0 10014
0 0 0 0 10014
0 0 0 0 10014
0 0 0 0 10014
0 0 0 0 10014
0 0 0 0 10014
0 0 0 0 10014
0 0 0 0 10014
0 0 0 0 10014
0 0 0 0 10014
0 0 0 0 10014
0 0 0 0 10014
0 0 0 0 10014
0 0 0 0 10014
0 0 0 0 10014
0 0 0 0 10014
0 0 0 0 10014
0 0 0 0 10014
0 0 0 0 10014
0 0 0 0 10014
0 0 0 0 10014
0 0 0 0 10014
0 0 0 0 10014
0 0 0 0 10014
0 0 0 0 10014
0 0 0 0 10014
0 0 0 0 10014
0 0 0 0 10014
0 0 0 0 10014
0 0 0 0 10014
0 0 0 0 10014
0 0 0 0 10014
0 0 0 0 10014
0 0 0 0 10014
0 0 0 0 10014
0 0 0 0 10014
0 0 0 0 10014
0 0 0 0 10014
0 0 0 0 10014
0 0 0 0 10014
0 0 0 0 10014
0 0 0 0 10014
0 0 0 0 10014
0 0 0 0 10014
0 0 0 0 10014
0 0 0 0 10014
0 0 0 0 10014
0 0 0 0 10014
0 0 0 0 10014
0 0 0 0 10014
0 0 0 0 10014
0 0 0 0 10014
0 0 0 0 10014
0 0 0 0 10014
0 0 0 0 10014
0 0 0 0 10014
0 0 0 0 10014
0 0 0 0 10014
0 0 0 0 10014
0 0 0 0 10014
0 0 0 0 10014
0 0 0 0 10014
0 0 0 0 10014
0 0 0 0 10014
0 0 0 0 10014
0 0 0 0 10014
0 0 0 0 10014
0 0 0 0 10014
0 0 0 0 10014
0 0 0 0 10014
0 0 0 0 10014
0 0 0 0 10014
0 0 0 0 10014
0 0 0 0 10014
0 0 0 0 10014
0 0 0 0 10014
0 0 0 0 10014
0 0 0 0 10014
0 0 0 0 10014
0 0 0 0 10014
0 0 0 0 10014
0 0 0 0 10014
0 0 0 0 10014
0 0 0 0 10014
0 0 0 0 10014
0 0 0 0 10014
0 0 0 0 10014
0 0 0 0 10014
0 0 0 0 10014
0 0 0 0 10014
0 0 0 0 10014
0 0 0 0 10014
0 0 0 0 10014
0 0 0 0 10014
0 0 0 0 10014
0 0 0 0 10014
0 0 0 0 10014
0 0 0 0 10014
0 0 0 0 10014
0 0 0 0 10014
0 0 0 0 10014
0 0 0 0 10014
0 0 0 0 10014
0 0 0 0 10014
0 0 0 0 10014
0 0 0 0 10014
0 0 0 0 10014
0 0 0 0 10014
0 0 0 0 10014
0 0 0 0 10014
0 0 0 0 10014
0 0 0 0 10014
0 0 0 0 10014
0 0 0 0 10014
0 0 0 0 10014
0 0 0 0 10014
0 255 0 0 10014
0 255 0 0 10014
0 255 0 0 10014
0 255 0 0 10014
0 255 0 0 10014
0 255 0 0 10014
0 255 0 0 10014
0 255 0 0 10014
0 255 0 0 10014
0 255 0 0 10014
0 255 0 0 10014
0 255 0 0 10014
0 255 0 0 10014
0 255 0 0 10014
0 255 0 0 10014
0 255 0 0 10014
0 255 0 0 10014
0 255 0 0 10014
0 255 0 0 10014
0 255 0 0 10014
0 255 0 0 10014
0 255 0 0 10014
0 255 0 0 10014
0 255 0 0 10014
0 255 0 0 10014
0 255 0 0 10014
0 255 0 0 10014
0 255 0 0 10014
0 255 0 0 10014
0 255 0 0 10014
0 255 0 0 10014
0 255 0 0 10014
0 255 0 0 10014
0 255 0 0 10014
0 255 0 0 10014
0 255 0 0 10014
0 255 0 0 10014
0 255 0 0 10014
0 255 0 0 10014
0 255 0 0 10014
0 255 0 0 10014
0 255 0 0 10014
0 255 0 0 10014
0 255 0 0 10014
0 255 0 0 10014
0 255 0 0 10014
0 255 0 0 10014
0 255 0 0 10014
0 255 0 0 10014
0 255 0 0 10014
0 255 0 0 10014
0 255 0 0 10014
0 255 0 0 10014
0 255 0 0 10014
0 255 0 0 10014
0 255 0 0 10014
0 255 0 0 10014
0 255 0 0 10014
0 255 0 0 10014
0 255 0 0 10014
0 255 0 0 10014
0 255 0 0 10014
0 255 0 0 10014
0 255 0 0 10014
0 255 0 0 10014
0 255 0 0 10014
0 255 0 0 10014
0 255 0 0 10014
0 255 0 0 10014
0 255 0 0 10014
0 255 0 0 10014
0 255 0 0 10014
0 255 0 0 10014
0 255 0 0 10014
0 255 0 0 10014
0 255 0 0 10014
0 255 0 0 10014
0 255 0 0 10014
0 255 0 0 10014
0 255 0 0 10014
0 255 0 0 10014
0 255 0 0 10014
0 255 0 0 10014
0 255 0 0 10014
0 255 0 0 10014
0 255 0 0 10014
0 255 0 0 10014
0 255 0 0 10014
0 255 0 0 10014
0 255 0 0 10014
0 255 0 0 10014
0 255 0 0 10014
0 255 0 0 10014
0 255 0 0 10014
0 255 0 0 10014
0 255 0 0 10014
0 255 0 0 10014
0 255 0 0 10014
0 255 0 0 10014
0 255 0 0 10014
0 255 0 0 10014
0 255 0 0 10014
0 255 0 0 10014
0 255 0 0 10014
0 255 0 0 10014
0 255 0 0 10014
0 255 0 0 10014
0 255 0 0 10014
0 255 0 0 10014
0 255 0 0 10014
0 255 0 0 10014
0 255 0 0 10014
0 255 0 0 10014
0 255 0 0 10014
0 255 0 0 10014
0 255 0 0 10014
0 255 0 0 10014
0 255 0 0 10014
0 255 0 0 10014
0 255 0 0 10014
0 255 0 0 10014
0 255 0 0 10014
0 255 0 0 10014
0 255 0 0 10014
0 255 0 0 10014
0 255 0 0 10014
0 255 0 0 10014
0 255 0 0 10014
0 255 0 0 10014
0 255 0 0 10014
0 255 0 0 10014
0 255 0 0 10014
0 255 0 0 10014
0 255 0 0 10014
0 255 0 0 10014
0 255 0 0 10014
0 255 0 0 10014
0 255 0 0 10014
0 255 0 0 10014
0 255 0 0 10014
0 255 0 0 10014
0 255 0 0 10014
0 255 0 0 10014
0 255 0 0 10014
0 255 0 0 10014
0 255 0 0 10014
0 255 0 0 10014
0 255 0 0 10014
0 255 0 0 10014
0 255 0 0 10014
0 0 0 0 10014
0 0 0 0 10014
0 0 0 0 10014
0 0 0 0 10014
0 0 0 0 10014
0 0 0 0 10014
0 0 0 0 10014
0 0 0 0 10014
0 0 0 0 10014
0 0 0 0 10014
0 0 0 0 10014
0 0 0 0 10014
0 0 0 0 10014
0 0 0 0 10014
0 0 0 0 10014
0 0 0 0 10014
0 0 0 0 10014
0 0 0 0 10014
0 0 0 0 10014
0 0 0 0 10014
0 0 0 0 10014
0 0 0 0 10014
0 0 0 0 10014
0 0 0 0 10014
0 0 0 0 10014
0 0 0 0 10014
0 0 0 0 10014
0 0 0 0 10014
0 0 0 0 10014
0 0 0 0 10014
0 0 0 0 10014
0 0 0 0 10014
0 0 0 0 10014
0 0 0 0 10014
0 0 0 0 10014
0 0 0 0 10014
0 0 0 0 10014
0 0 0 0 10014
0 0 0 0 10014
0 0 0 0 10014
0 0 0 0 10014
0 0 0 0 10014
0 0 0 0 10014
0 0 0 0 10014
0 0 0 0 10014
0 0 0 0 10014
0 0 0 0 10014
0 0 0 0 10014
0 0 0 0 10014
0 0 0 0 10014
0 0 0 0 10014
0 0 0 0 10014
0 0 0 0 10014
0 0 0 0 10014
0 0 0 0 10014
0 0 0 0 10014
0 0 0 0 10014
0 0 0 0 10014
0 0 0 0 10014
0 0 0 0 10014
0 0 0 0 10014
0 0 0 0 10014
0 0 0 0 10014
0 0 0 0 10014
0 0 0 0 10014
0 0 0 0 10014
0 0 0 0 10014
0 0 0 0 10014
0 0 0 0 10014
0 0 0 0 10014
0 0 0 0 10014
0 0 0 0 10014
0 0 0 0 10014
0 0 0 0 10014
0 0 0 0 10014
0 0 0 0 10014
0 0 0 0 10014
0 0 0 0 10014
0 0 0 0 10014
0 0 0 0 10014
0 0 0 0 10014
0 0 0 0 10014
0 0 0 0 10014
0 0 0 0 10014
0 0 0 0 10014
0 0 0 0 10014
0 0 0 0 10014
0 0 0 0 10014
0 0 0 0 10014
0 0 0 0 10014
0 0 0 0 10014
0 0 0 0 10014
0 0 0 0 10014
0 0 0 0 10014
0 0 0 0 10014
0 0 0 0 10014
0 0 0 0 10014
0 0 0 0 10014
0 0 0 0 10014
0 0 0 0 10014
0 0 0 0 10014
0 0 0 0 10014
0 0 0 0 10014
0 0 0 0 10014
0 0 0 0 10014
0 0 0 0 10014
0 0 0 0 10014
0 0 0 0 10014
0 0 0 0 10014
0 0 0 0 10014
0 0 0 0 10014
0 0 0 0 10014
0 0 0 0 10014
0 0 0 0 10014
0 0 0 0 10014
0 0 0 0 10014
0 0 0 0 10014
0 0 0 0 10014
0 0 0 0 10014
0 0 0 0 10014
0 0 0 0 10014
0 0 0 0 10014
0 0 0 0 10014
0 0 0 0 10014
0 0 0 0 10014
0 0 0 0 10014
0 0 0 0 10014
0 0 0 0 10014
0 0 0 0 10014
0 0 0 0 10014
0 0 0 0 10014
0 0 0 0 10014
0 0 0 0 10014
0 0 0 0 10014
0 0 0 0 10014
0 0 0 0 10014
0 0 0 0 10014
0 0 0 0 10014
0 0 0 0 10014
0 0 0 0 10014
0 0 0 0 10014
0 0 0 0 10014
0 0 0 0 10014
0 0 0 0 10014
0 0 0 0 10014
0 0 0 0 10014
0 0 0 0 10014
0 0 0 0 10014
0 0 0 0 10014
0 0 0 0 10014
0 128 0 0 10014
0 128 0 0 10014
0 128 0 0 10014
0 128 0 0 10014
0 128 0 0 10014
0 128 0 0 10014
0 128 0 0 10014
0 128 0 0 10014
0 128 0 0 10014
0 128 0 0 10014
0 128 0 0 10014
0 128 0 0 10014
0 128 0 0 10014
0 128 0 0 10014
0 128 0 0 10014
0 128 0 0 10014
0 128 0 0 10014
0 128 0 0 10014
0 128 0 0 10014
0 128 0 0 10014
0 128 0 0 10014
0 128 0 0 10014
0 128 0 0 10014
0 128 0 0 10014
0 128 0 0 10014
0 128 0 0 10014
0 128 0 0 10014
0 128 0 0 10014
0 128 0 0 10014
0 128 0 0 10014
0 128 0 0 10014
0 128 0 0 10014
0 128 0 0 10014
0 128 0 0 10014
0 128 0 0 10014
0 128 0 0 10014
0 128 0 0 10014
0 128 0 0 10014
0 128 0 0 10014
0 128 0 0 10014
0 128 0 0 10014
0 128 0 0 10014
0 128 0 0 10014
0 128 0 0 10014
0 128 0 0 10014
0 128 0 0 10014
0 128 0 0 10014
0 128 0 0 10014
0 128 0 0 10014
0 128 0 0 10014
0 128 0 0 10014
0 128 0 0 10014
0 128 0 0 10014
0 128 0 0 10014
0 128 0 0 10014
0 128 0 0 10014
0 128 0 0 10014
0 128 0 0 10014
0 128 0 0 10014
0 128 0 0 10014
0 128 0 0 10014
0 128 0 0 10014
0 128 0 0 10014
0 128 0 0 10014
0 128 0 0 10014
0 128 0 0 10014
0 128 0 0 10014
0 128 0 0 10014
0 128 0 0 10014
0 128 0 0 10014
0 128 0 0 10014
0 128 0 0 10014
0 128 0 0 10014
0 128 0 0 10014
0 128 0 0 10014
0 128 0 0 10014
0 128 0 0 10014
0 128 0 0 10014
0 128 0 0 10014
0 128 0 0 10014
0 128 0 0 10014
0 128 0 0 10014
0 128 0 0 10014
0 128 0 0 10014
0 128 0 0 10014
0 128 0 0 10014
0 128 0 0 10014
0 128 0 0 10014
0 128 0 0 10014
0 128 0 0 10014
0 128 0 0 10014
0 128 0 0 10014
0 128 0 0 10014
0 128 0 0 10014
0 128 0 0 10014
0 128 0 0 10014
0 128 0 0 10014
0 128 0 0 10014
0 128 0 0 10014
0 128 0 0 10014
0 128 0 0 10014
0 128 0 0 10014
0 128 0 0 10014
0 129 0 0 10014
0 130 0 0 10014
0 132 0 0 10014
0 133 0 0 10014
0 135 0 0 10014
0 138 0 0 10014
0 141 0 0 10014
0 144 0 0 10014
0 147 0 0 10014
0 151 0 0 10014
0 154 0 0 10014
0 159 0 0 10014
0 163 0 0 10014
0 168 0 0 10014
0 173 0 0 10014
0 178 0 0 10014
0 184 0 0 10014
0 189 0 0 10014
0 195 0 0 10014
0 201 0 0 10014
0 206 0 0 10014
0 212 0 0 10014
0 218 0 0 10014
0 224 0 0 10014
0 229 0 0 10014
0 234 0 0 10014
0 239 0 0 10014
0 243 0 0 10014
0 247 0 0 10014
0 250 0 0 10014
0 253 0 0 10014
0 255 0 0 10014
0 255 0 0 10014
0 255 0 0 10014
0 254 0 0 10014
0 252 0 0 10014
0 248 0 0 10014
0 243 0 0 10014
0 237 0 0 10014
0 230 0 0 10014
0 221 0 0 10014
0 211 0 0 10014
0 199 0 0 10014
0 187 0 0 10014
0 173 0 0 10014
0 159 0 0 10014
0 143 0 0 10014
0 128 0 0 10014
0 111 0 0 10014
0 95 0 0 10014
0 79 0 0 10014
0 64 0 0 10014
0 49 0 0 10014
0 36 0 0 10014
0 24 0 0 10014
0 14 0 0 10014
0 7 0 0 10014
0 2 0 0 10014
0 0 0 0 10014
0 0 0 0 10014
0 4 0 0 10014
0 11 0 0 10014
0 22 0 0 10014
0 35 0 0 10014
0 51 0 0 10014
0 69 0 0 10014
0 90 0 0 10014
0 111 0 0 10014
0 134 0 0 10014
0 157 0 0 10014
0 179 0 0 10014
0 200 0 0 10014
0 218 0 0 10014
0 233 0 0 10014
0 245 0 0 10014
0 253 0 0 10014
0 255 0 0 10014
0 253 0 0 10014
0 246 0 0 10014
0 233 0 0 10014
0 216 0 0 10014
0 195 0 0 10014
0 171 0 0 10014
0 144 0 0 10014
0 116 0 0 10014
0 89 0 0 10014
0 63 0 0 10014
0 40 0 0 10014
0 21 0 0 10014
0 8 0 0 10014
0 1 0 0 10014
0 0 0 0 10014
0 7 0 0 10014
0 21 0 0 10014
0 41 0 0 10014
0 66 0 0 10014
0 96 0 0 10014
0 127 0 0 10014
0 159 0 0 10014
0 190 0 0 10014
0 216 0 0 10014
0 237 0 0 10014
0 250 0 0 10014
0 255 0 0 10014
0 252 0 0 10014
0 239 0 0 10014
0 217 0 0 10014
0 189 0 0 10014
0 156 0 0 10014
0 120 0 0 10014
0 85 0 0 10014
0 53 0 0 10014
0 26 0 0 10014
0 8 0 0 10014
0 0 0 0 10014
0 3 0 0 10014
0 16 0 0 10014
0 40 0 0 10014
0 72 0 0 10014
0 109 0 0 10014
0 148 0 0 10014
0 186 0 0 10014
0 218 0 0 10014
0 242 0 0 10014
0 254 0 0 10014
0 254 0 0 10014
0 240 0 0 10014
0 215 0 0 10014
0 180 0 0 10014
0 140 0 0 10014
0 97 0 0 10014
0 58 0 0 10014
0 26 0 0 10014
0 6 0 0 10014
0 0 0 0 10014
0 8 0 0 10014
0 31 0 0 10014
0 66 0 0 10014
0 108 0 0 10014
0 154 0 0 10014
0 196 0 0 10014
0 230 0 0 10014
0 250 0 0 10014
0 255 0 0 10014
0 243 0 0 10014
0 215 0 0 10014
0 174 0 0 10014
0 128 0 0 10014
0 80 0 0 10014
0 39 0 0 10014
0 11 0 0 10014
0 0 0 0 10014
0 7 0 0 10014
0 33 0 0 10014
0 73 0 0 10014
0 122 0 0 10014
0 172 0 0 10014
0 215 0 0 10014
0 245 0 0 10014
0 255 0 0 10014
0 245 0 0 10014
0 216 0 0 10014
0 171 0 0 10014
0 118 0 0 10014
0 67 0 0 10014
0 26 0 0 10014
0 3 0 0 10014
0 2 0 0 10014
0 23 0 0 10014
0 64 0 0 10014
0 116 0 0 10014
0 171 0 0 10014
0 218 0 0 10014
0 248 0 0 10014
0 255 0 0 10014
0 237 0 0 10014
0 197 0 0 10014
0 144 0 0 10014
0 86 0 0 10014
0 37 0 0 10014
0 6 0 0 10014
0 1 0 0 10014
0 22 0 0 10014
0 65 0 0 10014
0 123 0 0 10014
0 181 0 0 10014
0 228 0 0 10014
0 253 0 0 10014
0 250 0 0 10014
0 219 0 0 10014
0 167 0 0 10014
0 106 0 0 10014
0 49 0 0 10014
0 11 0 0 10014
0 0 0 0 10014
0 20 0 0 10014
0 66 0 0 10014
0 127 0 0 10014
0 189 0 0 10014
0 236 0 0 10014
0 255 0 0 10014
0 242 0 0 10014
0 199 0 0 10014
0 138 0 0 10014
0 73 0 0 10014
0 23 0 0 10014
0 0 0 0 10014
0 12 0 0 10014
0 55 0 0 10014
0 118 0 0 10014
0 185 0 0 10014
0 235 0 0 10014
0 255 0 0 10014
0 239 0 0 10014
0 191 0 0 10014
0 124 0 0 10014
0 57 0 0 10014
0 12 0 0 10014
0 0 0 0 10014
0 27 0 0 10014
0 85 0 0 10014
0 156 0 0 10014
0 218 0 0 10014
0 252 0 0 10014
0 248 0 0 10014
0 205 0 0 10014
0 137 0 0 10014
0 66 0 0 10014
0 14 0 0 10014
0 0 0 0 10014
0 28 0 0 10014
0 89 0 0 10014
0 163 0 0 10014
0 226 0 0 10014
0 255 0 0 10014
0 240 0 0 10014
0 186 0 0 10014
0 111 0 0 10014
0 42 0 0 10014
0 3 0 0 10014
0 8 0 0 10014
0 57 0 0 10014
0 132 0 0 10014
0 205 0 0 10014
0 250 0 0 10014
0 249 0 0 10014
0 203 0 0 10014
0 127 0 0 10014
0 52 0 0 10014
0 6 0 0 10014
0 6 0 0 10014
0 54 0 0 10014
0 132 0 0 10014
0 207 0 0 10014
0 251 0 0 10014
0 246 0 0 10014
0 192 0 0 10014
0 111 0 0 10014
0 37 0 0 10014
0 1 0 0 10014
0 17 0 0 10014
0 80 0 0 10014
0 163 0 0 10014
0 232 0 0 10014
0 255 0 0 10014
0 224 0 0 10014
0 150 0 0 10014
0 66 0 0 10014
0 9 0 0 10014
0 5 0 0 10014
0 56 0 0 10014
0 140 0 0 10014
0 218 0 0 10014
0 255 0 0 10014
0 233 0 0 10014
0 162 0 0 10014
0 74 0 0 10014
0 12 0 0 10014
0 4 0 0 10014
0 55 0 0 10014
0 142 0 0 10014
0 221 0 0 10014
0 255 0 0 10014
0 227 0 0 10014
0 148 0 0 10014
0 60 0 0 10014
0 5 0 0 10014
0 12 0 0 10014
0 78 0 0 10014
0 169 0 0 10014
0 240 0 0 10014
0 252 0 0 10014
0 199 0 0 10014
0 109 0 0 10014
0 28 0 0 10014
0 0 0 0 10014
0 40 0 0 10014
0 127 0 0 10014
0 215 0 0 10014
0 255 0 0 10014
0 225 0 0 10014
0 141 0 0 10014
0 49 0 0 10014
0 1 0 0 10014
0 24 0 0 10014
0 106 0 0 10014
0 200 0 0 10014
0 253 0 0 10014
0 234 0 0 10014
0 152 0 0 10014
0 56 0 0 10014
0 2 0 0 10014
0 22 0 0 10014
0 104 0 0 10014
0 201 0 0 10014
0 254 0 0 10014
0 230 0 0 10014
0 144 0 0 10014
0 47 0 0 10014
0 0 0 0 10014
0 32 0 0 10014
0 124 0 0 10014
0 218 0 0 10014
0 255 0 0 10014
0 212 0 0 10014
0 114 0 0 10014
0 25 0 0 10014
0 2 0 0 10014
0 60 0 0 10014
0 163 0 0 10014
0 243 0 0 10014
0 246 0 0 10014
0 171 0 0 10014
0 66 0 0 10014
0 3 0 0 10014
0 23 0 0 10014
0 115 0 0 10014
0 215 0 0 10014
0 255 0 0 10014
0 207 0 0 10014
0 104 0 0 10014
0 16 0 0 10014
0 7 0 0 10014
0 83 0 0 10014
0 190 0 0 10014
0 253 0 0 10014
0 226 0 0 10014
0 128 0 0 10014
0 29 0 0 10014
0 2 0 0 10014
0 67 0 0 10014
0 177 0 0 10014
0 250 0 0 10014
0 232 0 0 10014
0 136 0 0 10014
0 33 0 0 10014
0 1 0 0 10014
0 66 0 0 10014
0 178 0 0 10014
0 251 0 0 10014
0 229 0 0 10014
0 128 0 0 10014
0 26 0 0 10014
0 4 0 0 10014
0 79 0 0 10014
0 193 0 0 10014
0 255 0 0 10014
0 215 0 0 10014
0 105 0 0 10014
0 13 0 0 10014
0 14 0 0 10014
0 108 0 0 10014
0 218 0 0 10014
0 254 0 0 10014
0 185 0 0 10014
0 68 0 0 10014
0 1 0 0 10014
0 40 0 0 10014
0 153 0 0 10014
0 245 0 0 10014
0 237 0 0 10014
0 135 0 0 10014
0 26 0 0 10014
0 6 0 0 10014
0 91 0 0 10014
0 208 0 0 10014
0 255 0 0 10014
0 189 0 0 10014
0 69 0 0 10014
0 0 0 0 10014
0 46 0 0 10014
0 165 0 0 10014
0 250 0 0 10014
0 224 0 0 10014
0 110 0 0 10014
0 11 0 0 10014
0 20 0 0 10014
0 128 0 0 10014
0 128 0 0 10014
0 128 0 0 10014
0 128 0 0 10014
0 128 0 0 10014
0 128 0 0 10014
0 128 0 0 10014
0 128 0 0 10014
0 128 0 0 10014
0 128 0 0 10014
0 128 0 0 10014
0 128 0 0 10014
0 128 0 0 10014
0 128 0 0 10014
0 128 0 0 10014
0 128 0 0 10014
0 128 0 0 10014
0 128 0 0 10014
0 128 0 0 10014
0 128 0 0 10014
0 128 0 0 10014
0 128 0 0 10014
0 128 0 0 10014
0 128 0 0 10014
0 128 0 0 10014
0 128 0 0 10014
0 128 0 0 10014
0 128 0 0 10014
0 128 0 0 10014
0 128 0 0 10014
0 128 0 0 10014
0 128 0 0 10014
0 128 0 0 10014
0 128 0 0 10014
0 128 0 0 10014
0 128 0 0 10014
0 128 0 0 10014
0 128 0 0 10014
0 128 0 0 10014
0 128 0 0 10014
0 128 0 0 10014
0 128 0 0 10014
0 128 0 0 10014
0 128 0 0 10014
0 128 0 0 10014
0 128 0 0 10014
0 128 0 0 10014
0 128 0 0 10014
0 128 0 0 10014
0 128 0 0 10014
0 128 0 0 10014
0 128 0 0 10014
0 128 0 0 10014
0 128 0 0 10014
0 128 0 0 10014
0 128 0 0 10014
0 128 0 0 10014
0 128 0 0 10014
0 128 0 0 10014
0 128 0 0 10014
0 128 0 0 10014
0 128 0 0 10014
0 128 0 0 10014
0 128 0 0 10014
0 128 0 0 10014
0 128 0 0 10014
0 128 0 0 10014
0 128 0 0 10014
0 128 0 0 10014
0 128 0 0 10014
0 128 0 0 10014
0 128 0 0 10014
0 128 0 0 10014
0 128 0 0 10014
0 128 0 0 10014
0 128 0 0 10014
0 128 0 0 10014
0 128 0 0 10014
0 128 0 0 10014
0 128 0 0 10014
0 128 0 0 10014
0 128 0 0 10014
0 128 0 0 10014
0 128 0 0 10014
0 128 0 0 10014
0 128 0 0 10014
0 128 0 0 10014
0 128 0 0 10014
0 128 0 0 10014
0 128 0 0 10014
0 128 0 0 10014
0 128 0 0 10014
0 128 0 0 10014
0 128 0 0 10014
0 128 0 0 10014
0 128 0 0 10014
0 128 0 0 10014
0 128 0 0 10014
0 128 0 0 10014
0 128 0 0 10014
0 128 0 0 10014
0 128 0 0 10014
0 128 0 0 10014
0 128 0 0 10014
0 129 0 0 10014
0 129 0 0 10014
0 129 0 0 10014
0 130 0 0 10014
0 130 0 0 10014
0 130 0 0 10014
0 129 0 0 10014
0 129 0 0 10014
0 128 0 0 10014
0 127 0 0 10014
0 126 0 0 10014
0 125 0 0 10014
0 124 0 0 10014
0 123 0 0 10014
0 122 0 0 10014
0 121 0 0 10014
0 121 0 0 10014
0 122 0 0 10014
0 123 0 0 10014
0 124 0 0 10014
0 126 0 0 10014
0 128 0 0 10014
0 130 0 0 10014
0 132 0 0 10014
0 134 0 0 10014
0 135 0 0 10014
0 137 0 0 10014
0 137 0 0 10014
0 138 0 0 10014
0 137 0 0 10014
0 136 0 0 10014
0 134 0 0 10014
0 132 0 0 10014
0 129 0 0 10014
0 126 0 0 10014
0 123 0 0 10014
0 120 0 0 10014
0 117 0 0 10014
0 115 0 0 10014
0 114 0 0 10014
0 113 0 0 10014
0 114 0 0 10014
0 115 0 0 10014
0 117 0 0 10014
0 120 0 0 10014
0 124 0 0 10014
0 127 0 0 10014
0 132 0 0 10014
0 136 0 0 10014
0 139 0 0 10014
0 142 0 0 10014
0 144 0 0 10014
0 145 0 0 10014
0 145 0 0 10014
0 144 0 0 10014
0 142 0 0 10014
0 139 0 0 10014
0 135 0 0 10014
0 130 0 0 10014
0 125 0 0 10014
0 120 0 0 10014
0 115 0 0 10014
0 111 0 0 10014
0 108 0 0 10014
0 106 0 0 10014
0 105 0 0 10014
0 106 0 0 10014
0 108 0 0 10014
0 112 0 0 10014
0 116 0 0 10014
0 122 0 0 10014
0 127 0 0 10014
0 134 0 0 10014
0 139 0 0 10014
0 145 0 0 10014
0 149 0 0 10014
0 152 0 0 10014
0 153 0 0 10014
0 153 0 0 10014
0 152 0 0 10014
0 148 0 0 10014
0 143 0 0 10014
0 138 0 0 10014
0 131 0 0 10014
0 124 0 0 10014
0 117 0 0 10014
0 111 0 0 10014
0 105 0 0 10014
0 101 0 0 10014
0 98 0 0 10014
0 97 0 0 10014
0 99 0 0 10014
0 102 0 0 10014
0 106 0 0 10014
0 112 0 0 10014
0 120 0 0 10014
0 127 0 0 10014
0 136 0 0 10014
0 143 0 0 10014
0 150 0 0 10014
0 156 0 0 10014
0 159 0 0 10014
0 161 0 0 10014
0 161 0 0 10014
0 159 0 0 10014
0 154 0 0 10014
0 148 0 0 10014
0 141 0 0 10014
0 132 0 0 10014
0 123 0 0 10014
0 114 0 0 10014
0 106 0 0 10014
0 99 0 0 10014
0 94 0 0 10014
0 90 0 0 10014
0 89 0 0 10014
0 91 0 0 10014
0 95 0 0 10014
0 101 0 0 10014
0 109 0 0 10014
0 118 0 0 10014
0 127 0 0 10014
0 138 0 0 10014
0 147 0 0 10014
0 156 0 0 10014
0 162 0 0 10014
0 167 0 0 10014
0 169 0 0 10014
0 169 0 0 10014
0 166 0 0 10014
0 161 0 0 10014
0 153 0 0 10014
0 144 0 0 10014
0 133 0 0 10014
0 122 0 0 10014
0 111 0 0 10014
0 101 0 0 10014
0 93 0 0 10014
0 86 0 0 10014
0 83 0 0 10014
0 82 0 0 10014
0 83 0 0 10014
0 88 0 0 10014
0 95 0 0 10014
0 105 0 0 10014
0 116 0 0 10014
0 127 0 0 10014
0 140 0 0 10014
0 151 0 0 10014
0 161 0 0 10014
0 169 0 0 10014
0 175 0 0 10014
0 177 0 0 10014
0 177 0 0 10014
0 173 0 0 10014
0 167 0 0 10014
0 158 0 0 10014
0 146 0 0 10014
0 134 0 0 10014
0 121 0 0 10014
0 108 0 0 10014
0 96 0 0 10014
0 87 0 0 10014
0 79 0 0 10014
0 75 0 0 10014
0 74 0 0 10014
0 76 0 0 10014
0 81 0 0 10014
0 90 0 0 10014
0 101 0 0 10014
0 114 0 0 10014
0 127 0 0 10014
0 142 0 0 10014
0 155 0 0 10014
0 166 0 0 10014
0 176 0 0 10014
0 182 0 0 10014
0 185 0 0 10014
0 185 0 0 10014
0 180 0 0 10014
0 173 0 0 10014
0 162 0 0 10014
0 149 0 0 10014
0 135 0 0 10014
0 120 0 0 10014
0 105 0 0 10014
0 92 0 0 10014
0 80 0 0 10014
0 72 0 0 10014
0 67 0 0 10014
0 66 0 0 10014
0 68 0 0 10014
0 75 0 0 10014
0 84 0 0 10014
0 97 0 0 10014
0 112 0 0 10014
0 127 0 0 10014
0 143 0 0 10014
0 159 0 0 10014
0 172 0 0 10014
0 183 0 0 10014
0 190 0 0 10014
0 193 0 0 10014
0 193 0 0 10014
0 188 0 0 10014
0 179 0 0 10014
0 167 0 0 10014
0 152 0 0 10014
0 136 0 0 10014
0 119 0 0 10014
0 102 0 0 10014
0 87 0 0 10014
0 74 0 0 10014
0 65 0 0 10014
0 59 0 0 10014
0 58 0 0 10014
0 61 0 0 10014
0 68 0 0 10014
0 79 0 0 10014
0 93 0 0 10014
0 110 0 0 10014
0 127 0 0 10014
0 145 0 0 10014
0 162 0 0 10014
0 177 0 0 10014
0 189 0 0 10014
0 197 0 0 10014
0 201 0 0 10014
0 200 0 0 10014
0 195 0 0 10014
0 185 0 0 10014
0 172 0 0 10014
0 155 0 0 10014
0 137 0 0 10014
0 118 0 0 10014
0 99 0 0 10014
0 82 0 0 10014
0 68 0 0 10014
0 57 0 0 10014
0 51 0 0 10014
0 50 0 0 10014
0 53 0 0 10014
0 61 0 0 10014
0 73 0 0 10014
0 89 0 0 10014
0 108 0 0 10014
0 127 0 0 10014
0 147 0 0 10014
0 166 0 0 10014
0 183 0 0 10014
0 196 0 0 10014
0 205 0 0 10014
0 209 0 0 10014
0 208 0 0 10014
0 202 0 0 10014
0 191 0 0 10014
0 176 0 0 10014
0 158 0 0 10014
0 138 0 0 10014
0 117 0 0 10014
0 96 0 0 10014
0 78 0 0 10014
0 62 0 0 10014
0 50 0 0 10014
0 43 0 0 10014
0 42 0 0 10014
0 45 0 0 10014
0 54 0 0 10014
0 68 0 0 10014
0 85 0 0 10014
0 106 0 0 10014
0 127 0 0 10014
0 149 0 0 10014
0 170 0 0 10014
0 188 0 0 10014
0 203 0 0 10014
0 213 0 0 10014
0 217 0 0 10014
0 216 0 0 10014
0 209 0 0 10014
0 198 0 0 10014
0 181 0 0 10014
0 161 0 0 10014
0 139 0 0 10014
0 116 0 0 10014
0 93 0 0 10014
0 73 0 0 10014
0 56 0 0 10014
0 43 0 0 10014
0 35 0 0 10014
0 34 0 0 10014
0 38 0 0 10014
0 48 0 0 10014
0 62 0 0 10014
0 82 0 0 10014
0 104 0 0 10014
0 127 0 0 10014
0 151 0 0 10014
0 174 0 0 10014
0 194 0 0 10014
0 210 0 0 10014
0 220 0 0 10014
0 225 0 0 10014
0 224 0 0 10014
0 217 0 0 10014
0 204 0 0 10014
0 186 0 0 10014
0 164 0 0 10014
0 140 0 0 10014
0 115 0 0 10014
0 91 0 0 10014
0 68 0 0 10014
0 50 0 0 10014
0 36 0 0 10014
0 28 0 0 10014
0 26 0 0 10014
0 30 0 0 10014
0 41 0 0 10014
0 57 0 0 10014
0 78 0 0 10014
0 102 0 0 10014
0 128 0 0 10014
0 153 0 0 10014
0 178 0 0 10014
0 199 0 0 10014
0 216 0 0 10014
0 228 0 0 10014
0 233 0 0 10014
0 232 0 0 10014
0 224 0 0 10014
0 210 0 0 10014
0 191 0 0 10014
0 167 0 0 10014
0 141 0 0 10014
0 114 0 0 10014
0 88 0 0 10014
0 64 0 0 10014
0 43 0 0 10014
0 28 0 0 10014
0 20 0 0 10014
0 18 0 0 10014
0 23 0 0 10014
0 34 0 0 10014
0 51 0 0 10014
0 74 0 0 10014
0 100 0 0 10014
0 127 0 0 10014
0 155 0 0 10014
0 182 0 0 10014
0 205 0 0 10014
0 223 0 0 10014
0 236 0 0 10014
0 241 0 0 10014
0 240 0 0 10014
0 231 0 0 10014
0 216 0 0 10014
0 195 0 0 10014
0 170 0 0 10014
0 142 0 0 10014
0 113 0 0 10014
0 85 0 0 10014
0 59 0 0 10014
0 37 0 0 10014
0 21 0 0 10014
0 12 0 0 10014
0 10 0 0 10014
0 15 0 0 10014
0 27 0 0 10014
0 46 0 0 10014
0 70 0 0 10014
0 98 0 0 10014
0 127 0 0 10014
0 157 0 0 10014
0 186 0 0 10014
0 210 0 0 10014
0 230 0 0 10014
0 243 0 0 10014
0 249 0 0 10014
0 248 0 0 10014
0 238 0 0 10014
0 222 0 0 10014
0 200 0 0 10014
0 173 0 0 10014
0 143 0 0 10014
0 112 0 0 10014
0 82 0 0 10014
0 54 0 0 10014
0 31 0 0 10014
0 14 0 0 10014
0 4 0 0 10014
0 2 0 0 10014
0 7 0 0 10014
0 21 0 0 10014
0 41 0 0 10014
0 66 0 0 10014
0 96 0 0 10014
0 128 0 0 10014
0 128 0 0 10014
0 128 0 0 10014
0 128 0 0 10014
0 128 0 0 10014
0 128 0 0 10014
0 128 0 0 10014
0 128 0 0 10014
0 128 0 0 10014
0 128 0 0 10014
0 128 0 0 10014
0 128 0 0 10014
0 128 0 0 10014
0 128 0 0 10014
0 128 0 0 10014
0 128 0 0 10014
0 128 0 0 10014
0 128 0 0 10014
0 128 0 0 10014
0 128 0 0 10014
0 128 0 0 10014
0 128 0 0 10014
0 128 0 0 10014
0 128 0 0 10014
0 128 0 0 10014
0 128 0 0 10014
0 128 0 0 10014
0 128 0 0 10014
0 128 0 0 10014
0 128 0 0 10014
0 128 0 0 10014
0 128 0 0 10014
0 128 0 0 10014
0 128 0 0 10014
0 128 0 0 10014
0 128 0 0 10014
0 128 0 0 10014
0 128 0 0 10014
0 128 0 0 10014
0 128 0 0 10014
0 128 0 0 10014
0 128 0 0 10014
0 128 0 0 10014
0 128 0 0 10014
0 128 0 0 10014
0 128 0 0 10014
0 128 0 0 10014
0 128 0 0 10014
0 128 0 0 10014
0 128 0 0 10014
0 128 0 0 10014
0 128 0 0 10014
0 128 0 0 10014
0 128 0 0 10014
0 128 0 0 10014
0 128 0 0 10014
0 128 0 0 10014
0 128 0 0 10014
0 128 0 0 10014
0 128 0 0 10014
0 128 0 0 10014
0 128 0 0 10014
0 128 0 0 10014
0 128 0 0 10014
0 128 0 0 10014
0 128 0 0 10014
0 128 0 0 10014
0 128 0 0 10014
0 128 0 0 10014
0 128 0 0 10014
0 128 0 0 10014
0 128 0 0 10014
0 128 0 0 10014
0 128 0 0 10014
0 128 0 0 10014
0 128 0 0 10014
0 128 0 0 10014
0 128 0 0 10014
0 128 0 0 10014
0 128 0 0 10014
0 128 0 0 10014
0 128 0 0 10014
0 128 0 0 10014
0 128 0 0 10014
0 128 0 0 10014
0 128 0 0 10014
0 128 0 0 10014
0 128 0 0 10014
0 128 0 0 10014
0 128 0 0 10014
0 128 0 0 10014
0 128 0 0 10014
0 128 0 0 10014
0 128 0 0 10014
0 128 0 0 10014
0 128 0 0 10014
0 128 0 0 10014
0 128 0 0 10014
0 128 0 0 10014
0 128 0 0 10014
0 0 0 0 10014
0 0 0 0 10015
0 0 0 0 10015
0 0 0 0 10015
0 0 0 0 10015
0 0 0 0 10015
0 0 0 0 10015
0 0 0 0 10015
0 0 0 0 10015
0 0 0 0 10015
0 0 0 0 10015
0 0 0 0 10015
0 0 0 0 10015
0 0 0 0 10015
0 0 0 0 10015
0 0 0 0 10015
0 0 0 0 10015
0 0 0 0 10015
0 0 0 0 10015
0 0 0 0 10015
0 0 0 0 10015
0 0 0 0 10015
0 0 0 0 10015
0 0 0 0 10015
0 0 0 0 10015
0 0 0 0 10015
0 0 0 0 10015
0 0 0 0 10015
0 0 0 0 10015
0 0 0 0 10015
0 0 0 0 10015
0 0 0 0 10015
0 0 0 0 10015
0 0 0 0 10015
0 0 0 0 10015
0 0 0 0 10015
0 0 0 0 10015
0 0 0 0 10015
0 0 0 0 10015
0 0 0 0 10015
0 0 0 0 10015
0 0 0 0 10015
0 0 0 0 10015
0 0 0 0 10015
0 0 0 0 10015
0 0 0 0 10015
0 0 0 0 10015
0 0 0 0 10015
0 0 0 0 10015
0 0 0 0 10015
0 0 0 0 10015
0 0 0 0 10015
0 0 0 0 10015
0 0 0 0 10015
0 0 0 0 10015
0 0 0 0 10015
0 0 0 0 10015
0 0 0 0 10015
0 0 0 0 10015
0 0 0 0 10015
0 0 0 0 10015
0 0 0 0 10015
0 0 0 0 10015
0 0 0 0 10015
0 0 0 0 10015
0 0 0 0 10015
0 0 0 0 10015
0 0 0 0 10015
0 0 0 0 10015
0 0 0 0 10015
0 0 0 0 10015
0 0 0 0 10015
0 0 0 0 10015
0 0 0 0 10015
0 0 0 0 10015
0 0 0 0 10015
0 0 0 0 10015
0 0 0 0 10015
0 0 0 0 10015
0 0 0 0 10015
0 0 0 0 10015
0 0 0 0 10015
0 0 0 0 10015
0 0 0 0 10015
0 0 0 0 10015
0 0 0 0 10015
0 0 0 0 10015
0 0 0 0 10015
0 0 0 0 10015
0 0 0 0 10015
0 0 0 0 10015
0 0 0 0 10015
0 0 0 0 10015
0 0 0 0 10015
0 0 0 0 10015
0 0 0 0 10015
0 0 0 0 10015
0 0 0 0 10015
0 0 0 0 10015
0 0 0 0 10015
0 0 0 0 10015
0 0 0 0 10015
0 0 0 0 10015
0 0 0 0 10015
0 0 0 0 10015
0 0 0 0 10015
0 0 0 0 10015
0 0 0 0 10015
0 0 0 0 10015
0 0 0 0 10015
0 0 0 0 10015
0 0 0 0 10015
0 0 0 0 10015
0 0 0 0 10015
0 0 0 0 10015
0 0 0 0 10015
0 0 0 0 10015
0 0 0 0 10015
0 0 0 0 10015
0 0 0 0 10015
0 0 0 0 10015
0 0 0 0 10015
0 0 0 0 10015
0 0 0 0 10015
0 0 0 0 10015
0 0 0 0 10015
0 0 0 0 10015
0 0 0 0 10015
0 0 0 0 10015
0 0 0 0 10015
0 0 0 0 10015
0 0 0 0 10015
0 0 0 0 10015
0 0 0 0 10015
0 0 0 0 10015
0 0 0 0 10015
0 0 0 0 10015
0 0 0 0 10015
0 0 0 0 10015
0 0 0 0 10015
0 0 0 0 10015
0 0 0 0 10015
0 0 0 0 10015
0 0 0 0 10015
0 0 0 0 10015
0 0 0 0 10015
0 0 0 0 10015
0 0 0 0 10015
0 0 0 0 10015
0 0 0 0 10015
0 0 0 0 10015
0 0 0 0 10015
0 0 0 0 10015
0 0 0 0 10015
0 0 0 0 10015
0 0 0 0 10015
0 0 0 0 10015
0 0 0 0 10015
0 0 0 0 10015
0 0 0 0 10015
0 0 0 0 10015
0 0 0 0 10015
0 0 0 0 10015
0 0 0 0 10015
0 0 0 0 10015
0 0 0 0 10015
0 0 0 0 10015
0 0 0 0 10015
0 0 0 0 10015
0 0 0 0 10015
0 0 0 0 10015
0 0 0 0 10015
0 0 0 0 10015
0 0 0 0 10015
0 0 0 0 10015
0 0 0 0 10015
0 0 0 0 10015
0 0 0 0 10015
0 0 0 0 10015
0 0 0 0 10015
0 0 0 0 10015
0 0 0 0 10015
0 0 0 0 10015
0 0 0 0 10015
0 0 0 0 10015
0 0 0 0 10015
0 0 0 0 10015
0 0 0 0 10015
0 0 0 0 10015
0 0 0 0 10015
0 0 0 0 10015
0 0 0 0 10015
0 0 0 0 10015
0 0 0 0 10015
0 0 0 0 10015
0 0 0 0 10015
0 0 0 0 10015
0 0 0 0 10015
0 0 0 0 10015
0 0 0 0 10015
0 255 0 0 10015
0 255 0 0 10015
0 255 0 0 10015
0 255 0 0 10015
0 255 0 0 10015
0 255 0 0 10015
0 255 0 0 10015
0 255 0 0 10015
0 255 0 0 10015
0 255 0 0 10015
0 255 0 0 10015
0 255 0 0 10015
0 255 0 0 10015
0 255 0 0 10015
0 255 0 0 10015
0 255 0 0 10015
0 255 0 0 10015
0 255 0 0 10015
0 255 0 0 10015
0 255 0 0 10015
0 255 0 0 10015
0 255 0 0 10015
0 255 0 0 10015
0 255 0 0 10015
0 255 0 0 10015
0 255 0 0 10015
0 255 0 0 10015
0 255 0 0 10015
0 255 0 0 10015
0 255 0 0 10015
0 255 0 0 10015
0 255 0 0 10015
0 255 0 0 10015
0 255 0 0 10015
0 255 0 0 10015
0 255 0 0 10015
0 255 0 0 10015
0 255 0 0 10015
0 255 0 0 10015
0 255 0 0 10015
0 255 0 0 10015
0 255 0 0 10015
0 255 0 0 10015
0 255 0 0 10015
0 255 0 0 10015
0 255 0 0 10015
0 255 0 0 10015
0 255 0 0 10015
0 255 0 0 10015
0 255 0 0 10015
0 255 0 0 10015
0 255 0 0 10015
0 255 0 0 10015
0 255 0 0 10015
0 255 0 0 10015
0 255 0 0 10015
0 255 0 0 10015
0 255 0 0 10015
0 255 0 0 10015
0 255 0 0 10015
0 255 0 0 10015
0 255 0 0 10015
0 255 0 0 10015
0 255 0 0 10015
0 255 0 0 10015
0 255 0 0 10015
0 255 0 0 10015
0 255 0 0 10015
0 255 0 0 10015
0 255 0 0 10015
0 255 0 0 10015
0 255 0 0 10015
0 255 0 0 10015
0 255 0 0 10015
0 255 0 0 10015
0 255 0 0 10015
0 255 0 0 10015
0 255 0 0 10015
0 255 0 0 10015
0 255 0 0 10015
0 255 0 0 10015
0 255 0 0 10015
0 255 0 0 10015
0 255 0 0 10015
0 255 0 0 10015
0 255 0 0 10015
0 255 0 0 10015
0 255 0 0 10015
0 255 0 0 10015
0 255 0 0 10015
0 255 0 0 10015
0 255 0 0 10015
0 255 0 0 10015
0 255 0 0 10015
0 255 0 0 10015
0 255 0 0 10015
0 255 0 0 10015
0 255 0 0 10015
0 255 0 0 10015
0 255 0 0 10015
0 255 0 0 10015
0 255 0 0 10015
0 255 0 0 10015
0 255 0 0 10015
0 255 0 0 10015
0 255 0 0 10015
0 255 0 0 10015
0 255 0 0 10015
0 255 0 0 10015
0 255 0 0 10015
0 255 0 0 10015
0 255 0 0 10015
0 255 0 0 10015
0 255 0 0 10015
0 255 0 0 10015
0 255 0 0 10015
0 255 0 0 10015
0 255 0 0 10015
0 255 0 0 10015
0 255 0 0 10015
0 255 0 0 10015
0 255 0 0 10015
0 255 0 0 10015
0 255 0 0 10015
0 255 0 0 10015
0 255 0 0 10015
0 255 0 0 10015
0 255 0 0 10015
0 255 0 0 10015
0 255 0 0 10015
0 255 0 0 10015
0 255 0 0 10015
0 255 0 0 10015
0 255 0 0 10015
0 255 0 0 10015
0 255 0 0 10015
0 255 0 0 10015
0 255 0 0 10015
0 255 0 0 10015
0 255 0 0 10015
0 255 0 0 10015
0 255 0 0 10015
0 255 0 0 10015
0 255 0 0 10015
0 255 0 0 10015
0 255 0 0 10015
0 255 0 0 10015
0 255 0 0 10015
0 255 0 0 10015
0 255 0 0 10015
0 0 0 0 10015
0 0 0 0 10015
0 0 0 0 10015
0 0 0 0 10015
0 0 0 0 10015
0 0 0 0 10015
0 0 0 0 10015
0 0 0 0 10015
0 0 0 0 10015
0 0 0 0 10015
0 0 0 0 10015
0 0 0 0 10015
0 0 0 0 10015
0 0 0 0 10015
0 0 0 0 10015
0 0 0 0 10015
0 0 0 0 10015
0 0 0 0 10015
0 0 0 0 10015
0 0 0 0 10015
0 0 0 0 10015
0 0 0 0 10015
0 0 0 0 10015
0 0 0 0 10015
0 0 0 0 10015
0 0 0 0 10015
0 0 0 0 10015
0 0 0 0 10015
0 0 0 0 10015
0 0 0 0 10015
0 0 0 0 10015
0 0 0 0 10015
0 0 0 0 10015
0 0 0 0 10015
0 0 0 0 10015
0 0 0 0 10015
0 0 0 0 10015
0 0 0 0 10015
0 0 0 0 10015
0 0 0 0 10015
0 0 0 0 10015
0 0 0 0 10015
0 0 0 0 10015
0 0 0 0 10015
0 0 0 0 10015
0 0 0 0 10015
0 0 0 0 10015
0 0 0 0 10015
0 0 0 0 10015
0 0 0 0 10015
0 0 0 0 10015
0 0 0 0 10015
0 0 0 0 10015
0 0 0 0 10015
0 0 0 0 10015
0 0 0 0 10015
0 0 0 0 10015
0 0 0 0 10015
0 0 0 0 10015
0 0 0 0 10015
0 0 0 0 10015
0 0 0 0 10015
0 0 0 0 10015
0 0 0 0 10015
0 0 0 0 10015
0 0 0 0 10015
0 0 0 0 10015
0 0 0 0 10015
0 0 0 0 10015
0 0 0 0 10015
0 0 0 0 10015
0 0 0 0 10015
0 0 0 0 10015
0 0 0 0 10015
0 0 0 0 10015
0 0 0 0 10015
0 0 0 0 10015
0 0 0 0 10015
0 0 0 0 10015
0 0 0 0 10015
0 0 0 0 10015
0 0 0 0 10015
0 0 0 0 10015
0 0 0 0 10015
0 0 0 0 10015
0 0 0 0 10015
0 0 0 0 10015
0 0 0 0 10015
0 0 0 0 10015
0 0 0 0 10015
0 0 0 0 10015
0 0 0 0 10015
0 0 0 0 10015
0 0 0 0 10015
0 0 0 0 10015
0 0 0 0 10015
0 0 0 0 10015
0 0 0 0 10015
0 0 0 0 10015
0 0 0 0 10015
0 0 0 0 10015
0 0 0 0 10015
0 0 0 0 10015
0 0 0 0 10015
0 0 0 0 10015
0 0 0 0 10015
0 0 0 0 10015
0 0 0 0 10015
0 0 0 0 10015
0 0 0 0 10015
0 0 0 0 10015
0 0 0 0 10015
0 0 0 0 10015
0 0 0 0 10015
0 0 0 0 10015
0 0 0 0 10015
0 0 0 0 10015
0 0 0 0 10015
0 0 0 0 10015
0 0 0 0 10015
0 0 0 0 10015
0 0 0 0 10015
0 0 0 0 10015
0 0 0 0 10015
0 0 0 0 10015
0 0 0 0 10015
0 0 0 0 10015
0 0 0 0 10015
0 0 0 0 10015
0 0 0 0 10015
0 0 0 0 10015
0 0 0 0 10015
0 0 0 0 10015
0 0 0 0 10015
0 0 0 0 10015
0 0 0 0 10015
0 0 0 0 10015
0 0 0 0 10015
0 0 0 0 10015
0 0 0 0 10015
0 0 0 0 10015
0 0 0 0 10015
0 0 0 0 10015
0 0 0 0 10015
0 0 0 0 10015
0 0 0 0 10015
0 0 0 0 10015
0 0 0 0 10015
0 0 0 0 10015
0 0 0 0 10015
0 128 0 0 10015
0 128 0 0 10015
0 128 0 0 10015
0 128 0 0 10015
0 128 0 0 10015
0 128 0 0 10015
0 128 0 0 10015
0 128 0 0 10015
0 128 0 0 10015
0 128 0 0 10015
0 128 0 0 10015
0 128 0 0 10015
0 128 0 0 10015
0 128 0 0 10015
0 128 0 0 10015
0 128 0 0 10015
0 128 0 0 10015
0 128 0 0 10015
0 128 0 0 10015
0 128 0 0 10015
0 128 0 0 10015
0 128 0 0 10015
0 128 0 0 10015
0 128 0 0 10015
0 128 0 0 10015
0 128 0 0 10015
0 128 0 0 10015
0 128 0 0 10015
0 128 0 0 10015
0 128 0 0 10015
0 128 0 0 10015
0 128 0 0 10015
0 128 0 0 10015
0 128 0 0 10015
0 128 0 0 10015
0 128 0 0 10015
0 128 0 0 10015
0 128 0 0 10015
0 128 0 0 10015
0 128 0 0 10015
0 128 0 0 10015
0 128 0 0 10015
0 128 0 0 10015
0 128 0 0 10015
0 128 0 0 10015
0 128 0 0 10015
0 128 0 0 10015
0 128 0 0 10015
0 128 0 0 10015
0 128 0 0 10015
0 128 0 0 10015
0 128 0 0 10015
0 128 0 0 10015
0 128 0 0 10015
0 128 0 0 10015
0 128 0 0 10015
0 128 0 0 10015
0 128 0 0 10015
0 128 0 0 10015
0 128 0 0 10015
0 128 0 0 10015
0 128 0 0 10015
0 128 0 0 10015
0 128 0 0 10015
0 128 0 0 10015
0 128 0 0 10015
0 128 0 0 10015
0 128 0 0 10015
0 128 0 0 10015
0 128 0 0 10015
0 128 0 0 10015
0 128 0 0 10015
0 128 0 0 10015
0 128 0 0 10015
0 128 0 0 10015
0 128 0 0 10015
0 128 0 0 10015
0 128 0 0 10015
0 128 0 0 10015
0 128 0 0 10015
0 128 0 0 10015
0 128 0 0 10015
0 128 0 0 10015
0 128 0 0 10015
0 128 0 0 10015
0 128 0 0 10015
0 128 0 0 10015
0 128 0 0 10015
0 128 0 0 10015
0 128 0 0 10015
0 128 0 0 10015
0 128 0 0 10015
0 128 0 0 10015
0 128 0 0 10015
0 128 0 0 10015
0 128 0 0 10015
0 128 0 0 10015
0 128 0 0 10015
0 128 0 0 10015
0 128 0 0 10015
0 128 0 0 10015
0 128 0 0 10015
0 128 0 0 10015
0 129 0 0 10015
0 130 0 0 10015
0 132 0 0 10015
0 133 0 0 10015
0 135 0 0 10015
0 138 0 0 10015
0 141 0 0 10015
0 144 0 0 10015
0 147 0 0 10015
0 151 0 0 10015
0 154 0 0 10015
0 159 0 0 10015
0 163 0 0 10015
0 168 0 0 10015
0 173 0 0 10015
0 178 0 0 10015
0 184 0 0 10015
0 189 0 0 10015
0 195 0 0 10015
0 201 0 0 10015
0 206 0 0 10015
0 212 0 0 10015
0 218 0 0 10015
0 224 0 0 10015
0 229 0 0 10015
0 234 0 0 10015
0 239 0 0 10015
0 243 0 0 10015
0 247 0 0 10015
0 250 0 0 10015
0 253 0 0 10015
0 255 0 0 10015
0 255 0 0 10015
0 255 0 0 10015
0 254 0 0 10015
0 252 0 0 10015
0 248 0 0 10015
0 243 0 0 10015
0 237 0 0 10015
0 230 0 0 10015
0 221 0 0 10015
0 211 0 0 10015
0 199 0 0 10015
0 187 0 0 10015
0 173 0 0 10015
0 159 0 0 10015
0 143 0 0 10015
0 128 0 0 10015
0 111 0 0 10015
0 95 0 0 10015
0 79 0 0 10015
0 64 0 0 10015
0 49 0 0 10015
0 36 0 0 10015
0 24 0 0 10015
0 14 0 0 10015
0 7 0 0 10015
0 2 0 0 10015
0 0 0 0 10015
0 0 0 0 10015
0 4 0 0 10015
0 11 0 0 10015
0 22 0 0 10015
0 35 0 0 10015
0 51 0 0 10015
0 69 0 0 10015
0 90 0 0 10015
0 111 0 0 10015
0 134 0 0 10015
0 157 0 0 10015
0 179 0 0 10015
0 200 0 0 10015
0 218 0 0 10015
0 233 0 0 10015
0 245 0 0 10015
0 253 0 0 10015
0 255 0 0 10015
0 253 0 0 10015
0 246 0 0 10015
0 233 0 0 10015
0 216 0 0 10015
0 195 0 0 10015
0 171 0 0 10015
0 144 0 0 10015
0 116 0 0 10015
0 89 0 0 10015
0 63 0 0 10015
0 40 0 0 10015
0 21 0 0 10015
0 8 0 0 10015
0 1 0 0 10015
0 0 0 0 10015
0 7 0 0 10015
0 21 0 0 10015
0 41 0 0 10015
0 66 0 0 10015
0 96 0 0 10015
0 127 0 0 10015
0 159 0 0 10015
0 190 0 0 10015
0 216 0 0 10015
0 237 0 0 10015
0 250 0 0 10015
0 255 0 0 10015
0 252 0 0 10015
0 239 0 0 10015
0 217 0 0 10015
0 189 0 0 10015
0 156 0 0 10015
0 120 0 0 10015
0 85 0 0 10015
0 53 0 0 10015
0 26 0 0 10015
0 8 0 0 10015
0 0 0 0 10015
0 3 0 0 10015
0 16 0 0 10015
0 40 0 0 10015
0 72 0 0 10015
0 109 0 0 10015
0 148 0 0 10015
0 186 0 0 10015
0 218 0 0 10015
0 242 0 0 10015
0 254 0 0 10015
0 254 0 0 10015
0 240 0 0 10015
0 215 0 0 10015
0 180 0 0 10015
0 140 0 0 10015
0 97 0 0 10015
0 58 0 0 10015
0 26 0 0 10015
0 6 0 0 10015
0 0 0 0 10015
0 8 0 0 10015
0 31 0 0 10015
0 66 0 0 10015
0 108 0 0 10015
0 154 0 0 10015
0 196 0 0 10015
0 230 0 0 10015
0 250 0 0 10015
0 255 0 0 10015
0 243 0 0 10015
0 215 0 0 10015
0 174 0 0 10015
0 128 0 0 10015
0 80 0 0 10015
0 39 0 0 10015
0 11 0 0 10015
0 0 0 0 10015
0 7 0 0 10015
0 33 0 0 10015
0 73 0 0 10015
0 122 0 0 10015
0 172 0 0 10015
0 215 0 0 10015
0 245 0 0 10015
0 255 0 0 10015
0 245 0 0 10015
0 216 0 0 10015
0 171 0 0 10015
0 118 0 0 10015
0 67 0 0 10015
0 26 0 0 10015
0 3 0 0 10015
0 2 0 0 10015
0 23 0 0 10015
0 64 0 0 10015
0 116 0 0 10015
0 171 0 0 10015
0 218 0 0 10015
0 248 0 0 10015
0 255 0 0 10015
0 237 0 0 10015
0 197 0 0 10015
0 144 0 0 10015
0 86 0 0 10015
0 37 0 0 10015
0 6 0 0 10015
0 1 0 0 10015
0 22 0 0 10015
0 65 0 0 10015
0 123 0 0 10015
0 181 0 0 10015
0 228 0 0 10015
0 253 0 0 10015
0 250 0 0 10015
0 219 0 0 10015
0 167 0 0 10015
0 106 0 0 10015
0 49 0 0 10015
0 11 0 0 10015
0 0 0 0 10015
0 20 0 0 10015
0 66 0 0 10015
0 127 0 0 10015
0 189 0 0 10015
0 236 0 0 10015
0 255 0 0 10015
0 242 0 0 10015
0 199 0 0 10015
0 138 0 0 10015
0 73 0 0 10015
0 23 0 0 10015
0 0 0 0 10015
0 12 0 0 10015
0 55 0 0 10015
0 118 0 0 10015
0 185 0 0 10015
0 235 0 0 10015
0 255 0 0 10015
0 239 0 0 10015
0 191 0 0 10015
0 124 0 0 10015
0 57 0 0 10015
0 12 0 0 10015
0 0 0 0 10015
0 27 0 0 10015
0 85 0 0 10015
0 156 0 0 10015
0 218 0 0 10015
0 252 0 0 10015
0 248 0 0 10015
0 205 0 0 10015
0 137 0 0 10015
0 66 0 0 10015
0 14 0 0 10015
0 0 0 0 10015
0 28 0 0 10015
0 89 0 0 10015
0 163 0 0 10015
0 226 0 0 10015
0 255 0 0 10015
0 240 0 0 10015
0 186 0 0 10015
0 111 0 0 10015
0 42 0 0 10015
0 3 0 0 10015
0 8 0 0 10015
0 57 0 0 10015
0 132 0 0 10015
0 205 0 0 10015
0 250 0 0 10015
0 249 0 0 10015
0 203 0 0 10015
0 127 0 0 10015
0 52 0 0 10015
0 6 0 0 10015
0 6 0 0 10015
0 54 0 0 10015
0 132 0 0 10015
0 207 0 0 10015
0 251 0 0 10015
0 246 0 0 10015
0 192 0 0 10015
0 111 0 0 10015
0 37 0 0 10015
0 1 0 0 10015
0 17 0 0 10015
0 80 0 0 10015
0 163 0 0 10015
0 232 0 0 10015
0 255 0 0 10015
0 224 0 0 10015
0 150 0 0 10015
0 66 0 0 10015
0 9 0 0 10015
0 5 0 0 10015
0 56 0 0 10015
0 140 0 0 10015
0 218 0 0 10015
0 255 0 0 10015
0 233 0 0 10015
0 162 0 0 10015
0 74 0 0 10015
0 12 0 0 10015
0 4 0 0 10015
0 55 0 0 10015
0 142 0 0 10015
0 221 0 0 10015
0 255 0 0 10015
0 227 0 0 10015
0 148 0 0 10015
0 60 0 0 10015
0 5 0 0 10015
0 12 0 0 10015
0 78 0 0 10015
0 169 0 0 10015
0 240 0 0 10015
0 252 0 0 10015
0 199 0 0 10015
0 109 0 0 10015
0 28 0 0 10015
0 0 0 0 10015
0 40 0 0 10015
0 127 0 0 10015
0 215 0 0 10015
0 255 0 0 10015
0 225 0 0 10015
0 141 0 0 10015
0 49 0 0 10015
0 1 0 0 10015
0 24 0 0 10015
0 106 0 0 10015
0 200 0 0 10015
0 253 0 0 10015
0 234 0 0 10015
0 152 0 0 10015
0 56 0 0 10015
0 2 0 0 10015
0 22 0 0 10015
0 104 0 0 10015
0 201 0 0 10015
0 254 0 0 10015
0 230 0 0 10015
0 144 0 0 10015
0 47 0 0 10015
0 0 0 0 10015
0 32 0 0 10015
0 124 0 0 10015
0 218 0 0 10015
0 255 0 0 10015
0 212 0 0 10015
0 114 0 0 10015
0 25 0 0 10015
0 2 0 0 10015
0 60 0 0 10015
0 163 0 0 10015
0 243 0 0 10015
0 246 0 0 10015
0 171 0 0 10015
0 66 0 0 10015
0 3 0 0 10015
0 23 0 0 10015
0 115 0 0 10015
0 215 0 0 10015
0 255 0 0 10015
0 207 0 0 10015
0 104 0 0 10015
0 16 0 0 10015
0 7 0 0 10015
0 83 0 0 10015
0 190 0 0 10015
0 253 0 0 10015
0 226 0 0 10015
0 128 0 0 10015
0 29 0 0 10015
0 2 0 0 10015
0 67 0 0 10015
0 177 0 0 10015
0 250 0 0 10015
0 232 0 0 10015
0 136 0 0 10015
0 33 0 0 10015
0 1 0 0 10015
0 66 0 0 10015
0 178 0 0 10015
0 251 0 0 10015
0 229 0 0 10015
0 128 0 0 10015
0 26 0 0 10015
0 4 0 0 10015
0 79 0 0 10015
0 193 0 0 10015
0 255 0 0 10015
0 215 0 0 10015
0 105 0 0 10015
0 13 0 0 10015
0 14 0 0 10015
0 108 0 0 10015
0 218 0 0 10015
0 254 0 0 10015
0 185 0 0 10015
0 68 0 0 10015
0 1 0 0 10015
0 40 0 0 10015
0 153 0 0 10015
0 245 0 0 10015
0 237 0 0 10015
0 135 0 0 10015
0 26 0 0 10015
0 6 0 0 10015
0 91 0 0 10015
0 208 0 0 10015
0 255 0 0 10015
0 189 0 0 10015
0 69 0 0 10015
0 0 0 0 10015
0 46 0 0 10015
0 165 0 0 10015
0 250 0 0 10015
0 224 0 0 10015
0 110 0 0 10015
0 11 0 0 10015
0 20 0 0 10015
0 128 0 0 10015
0 128 0 0 10015
0 128 0 0 10015
0 128 0 0 10015
0 128 0 0 10015
0 128 0 0 10015
0 128 0 0 10015
0 128 0 0 10015
0 128 0 0 10015
0 128 0 0 10015
0 128 0 0 10015
0 128 0 0 10015
0 128 0 0 10015
0 128 0 0 10015
0 128 0 0 10015
0 128 0 0 10015
0 128 0 0 10015
0 128 0 0 10015
0 128 0 0 10015
0 128 0 0 10015
0 128 0 0 10015
0 128 0 0 10015
0 128 0 0 10015
0 128 0 0 10015
0 128 0 0 10015
0 128 0 0 10015
0 128 0 0 10015
0 128 0 0 10015
0 128 0 0 10015
0 128 0 0 10015
0 128 0 0 10015
0 128 0 0 10015
0 128 0 0 10015
0 128 0 0 10015
0 128 0 0 10015
0 128 0 0 10015
0 128 0 0 10015
0 128 0 0 10015
0 128 0 0 10015
0 128 0 0 10015
0 128 0 0 10015
0 128 0 0 10015
0 128 0 0 10015
0 128 0 0 10015
0 128 0 0 10015
0 128 0 0 10015
0 128 0 0 10015
0 128 0 0 10015
0 128 0 0 10015
0 128 0 0 10015
0 128 0 0 10015
0 128 0 0 10015
0 128 0 0 10015
0 128 0 0 10015
0 128 0 0 10015
0 128 0 0 10015
0 128 0 0 10015
0 128 0 0 10015
0 128 0 0 10015
0 128 0 0 10015
0 128 0 0 10015
0 128 0 0 10015
0 128 0 0 10015
0 128 0 0 10015
0 128 0 0 10015
0 128 0 0 10015
0 128 0 0 10015
0 128 0 0 10015
0 128 0 0 10015
0 128 0 0 10015
0 128 0 0 10015
0 128 0 0 10015
0 128 0 0 10015
0 128 0 0 10015
0 128 0 0 10015
0 128 0 0 10015
0 128 0 0 10015
0 128 0 0 10015
0 128 0 0 10015
0 128 0 0 10015
0 128 0 0 10015
0 128 0 0 10015
0 128 0 0 10015
0 128 0 0 10015
0 128 0 0 10015
0 128 0 0 10015
0 128 0 0 10015
0 128 0 0 10015
0 128 0 0 10015
0 128 0 0 10015
0 128 0 0 10015
0 128 0 0 10015
0 128 0 0 10015
0 128 0 0 10015
0 128 0 0 10015
0 128 0 0 10015
0 128 0 0 10015
0 128 0 0 10015
0 128 0 0 10015
0 128 0 0 10015
0 128 0 0 10015
0 128 0 0 10015
0 128 0 0 10015
0 128 0 0 10015
0 129 0 0 10015
0 129 0 0 10015
0 129 0 0 10015
0 130 0 0 10015
0 130 0 0 10015
0 130 0 0 10015
0 129 0 0 10015
0 129 0 0 10015
0 128 0 0 10015
0 127 0 0 10015
0 126 0 0 10015
0 125 0 0 10015
0 124 0 0 10015
0 123 0 0 10015
0 122 0 0 10015
0 121 0 0 10015
0 121 0 0 10015
0 122 0 0 10015
0 123 0 0 10015
0 124 0 0 10015
0 126 0 0 10015
0 128 0 0 10015
0 130 0 0 10015
0 132 0 0 10015
0 134 0 0 10015
0 135 0 0 10015
0 137 0 0 10015
0 137 0 0 10015
0 138 0 0 10015
0 137 0 0 10015
0 136 0 0 10015
0 134 0 0 10015
0 132 0 0 10015
0 129 0 0 10015
0 126 0 0 10015
0 123 0 0 10015
0 120 0 0 10015
0 117 0 0 10015
0 115 0 0 10015
0 114 0 0 10015
0 113 0 0 10015
0 114 0 0 10015
0 115 0 0 10015
0 117 0 0 10015
0 120 0 0 10015
0 124 0 0 10015
0 127 0 0 10015
0 132 0 0 10015
0 136 0 0 10015
0 139 0 0 10015
0 142 0 0 10015
0 144 0 0 10015
0 145 0 0 10015
0 145 0 0 10015
0 144 0 0 10015
0 142 0 0 10015
0 139 0 0 10015
0 135 0 0 10015
0 130 0 0 10015
0 125 0 0 10015
0 120 0 0 10015
0 115 0 0 10015
0 111 0 0 10015
0 108 0 0 10015
0 106 0 0 10015
0 105 0 0 10015
0 106 0 0 10015
0 108 0 0 10015
0 112 0 0 10015
0 116 0 0 10015
0 122 0 0 10015
0 127 0 0 10015
0 134 0 0 10015
0 139 0 0 10015
0 145 0 0 10015
0 149 0 0 10015
0 152 0 0 10015
0 153 0 0 10015
0 153 0 0 10015
0 152 0 0 10015
0 148 0 0 10015
0 143 0 0 10015
0 138 0 0 10015
0 131 0 0 10015
0 124 0 0 10015
0 117 0 0 10015
0 111 0 0 10015
0 105 0 0 10015
0 101 0 0 10015
0 98 0 0 10015
0 97 0 0 10015
0 99 0 0 10015
0 102 0 0 10015
0 106 0 0 10015
0 112 0 0 10015
0 120 0 0 10015
0 127 0 0 10015
0 136 0 0 10015
0 143 0 0 10015
0 150 0 0 10015
0 156 0 0 10015
0 159 0 0 10015
0 161 0 0 10015
0 161 0 0 10015
0 159 0 0 10015
0 154 0 0 10015
0 148 0 0 10015
0 141 0 0 10015
0 132 0 0 10015
0 123 0 0 10015
0 114 0 0 10015
0 106 0 0 10015
0 99 0 0 10015
0 94 0 0 10015
0 90 0 0 10015
0 89 0 0 10015
0 91 0 0 10015
0 95 0 0 10015
0 101 0 0 10015
0 109 0 0 10015
0 118 0 0 10015
0 127 0 0 10015
0 138 0 0 10015
0 147 0 0 10015
0 156 0 0 10015
0 162 0 0 10015
0 167 0 0 10015
0 169 0 0 10015
0 169 0 0 10015
0 166 0 0 10015
0 161 0 0 10015
0 153 0 0 10015
0 144 0 0 10015
0 133 0 0 10015
0 122 0 0 10015
0 111 0 0 10015
0 101 0 0 10015
0 93 0 0 10015
0 86 0 0 10015
0 83 0 0 10015
0 82 0 0 10015
0 83 0 0 10015
0 88 0 0 10015
0 95 0 0 10015
0 105 0 0 10015
0 116 0 0 10015
0 127 0 0 10015
0 140 0 0 10015
0 151 0 0 10015
0 161 0 0 10015
0 169 0 0 10015
0 175 0 0 10015
0 177 0 0 10015
0 177 0 0 10015
0 173 0 0 10015
0 167 0 0 10015
0 158 0 0 10015
0 146 0 0 10015
0 134 0 0 10015
0 121 0 0 10015
0 108 0 0 10015
0 96 0 0 10015
0 87 0 0 10015
0 79 0 0 10015
0 75 0 0 10015
0 74 0 0 10015
0 76 0 0 10015
0 81 0 0 10015
0 90 0 0 10015
0 101 0 0 10015
0 114 0 0 10015
0 127 0 0 10015
0 142 0 0 10015
0 155 0 0 10015
0 166 0 0 10015
0 176 0 0 10015
0 182 0 0 10015
0 185 0 0 10015
0 185 0 0 10015
0 180 0 0 10015
0 173 0 0 10015
0 162 0 0 10015
0 149 0 0 10015
0 135 0 0 10015
0 120 0 0 10015
0 105 0 0 10015
0 92 0 0 10015
0 80 0 0 10015
0 72 0 0 10015
0 67 0 0 10015
0 66 0 0 10015
0 68 0 0 10015
0 75 0 0 10015
0 84 0 0 10015
0 97 0 0 10015
0 112 0 0 10015
0 127 0 0 10015
0 143 0 0 10015
0 159 0 0 10015
0 172 0 0 10015
0 183 0 0 10015
0 190 0 0 10015
0 193 0 0 10015
0 193 0 0 10015
0 188 0 0 10015
0 179 0 0 10015
0 167 0 0 10015
0 152 0 0 10015
0 136 0 0 10015
0 119 0 0 10015
0 102 0 0 10015
0 87 0 0 10015
0 74 0 0 10015
0 65 0 0 10015
0 59 0 0 10015
0 58 0 0 10015
0 61 0 0 10015
0 68 0 0 10015
0 79 0 0 10015
0 93 0 0 10015
0 110 0 0 10015
0 127 0 0 10015
0 145 0 0 10015
0 162 0 0 10015
0 177 0 0 10015
0 189 0 0 10015
0 197 0 0 10015
0 201 0 0 10015
0 200 0 0 10015
0 195 0 0 10015
0 185 0 0 10015
0 172 0 0 10015
0 155 0 0 10015
0 137 0 0 10015
0 118 0 0 10015
0 99 0 0 10015
0 82 0 0 10015
0 68 0 0 10015
0 57 0 0 10015
0 51 0 0 10015
0 50 0 0 10015
0 53 0 0 10015
0 61 0 0 10015
0 73 0 0 10015
0 89 0 0 10015
0 108 0 0 10015
0 127 0 0 10015
0 147 0 0 10015
0 166 0 0 10015
0 183 0 0 10015
0 196 0 0 10015
0 205 0 0 10015
0 209 0 0 10015
0 208 0 0 10015
0 202 0 0 10015
0 191 0 0 10015
0 176 0 0 10015
0 158 0 0 10015
0 138 0 0 10015
0 117 0 0 10015
0 96 0 0 10015
0 78 0 0 10015
0 62 0 0 10015
0 50 0 0 10015
0 43 0 0 10015
0 42 0 0 10015
0 45 0 0 10015
0 54 0 0 10015
0 68 0 0 10015
0 85 0 0 10015
0 106 0 0 10015
0 127 0 0 10015
0 149 0 0 10015
0 170 0 0 10015
0 188 0 0 10015
0 203 0 0 10015
0 213 0 0 10015
0 217 0 0 10015
0 216 0 0 10015
0 209 0 0 10015
0 198 0 0 10015
0 181 0 0 10015
0 161 0 0 10015
0 139 0 0 10015
0 116 0 0 10015
0 93 0 0 10015
0 73 0 0 10015
0 56 0 0 10015
0 43 0 0 10015
0 35 0 0 10015
0 34 0 0 10015
0 38 0 0 10015
0 48 0 0 10015
0 62 0 0 10015
0 82 0 0 10015
0 104 0 0 10015
0 127 0 0 10015
0 151 0 0 10015
0 174 0 0 10015
0 194 0 0 10015
0 210 0 0 10015
0 220 0 0 10015
0 225 0 0 10015
0 224 0 0 10015
0 217 0 0 10015
0 204 0 0 10015
0 186 0 0 10015
0 164 0 0 10015
0 140 0 0 10015
0 115 0 0 10015
0 91 0 0 10015
0 68 0 0 10015
0 50 0 0 10015
0 36 0 0 10015
0 28 0 0 10015
0 26 0 0 10015
0 30 0 0 10015
0 41 0 0 10015
0 57 0 0 10015
0 78 0 0 10015
0 102 0 0 10015
0 128 0 0 10015
0 153 0 0 10015
0 178 0 0 10015
0 199 0 0 10015
0 216 0 0 10015
0 228 0 0 10015
0 233 0 0 10015
0 232 0 0 10015
0 224 0 0 10015
0 210 0 0 10015
0 191 0 0 10015
0 167 0 0 10015
0 141 0 0 10015
0 114 0 0 10015
0 88 0 0 10015
0 64 0 0 10015
0 43 0 0 10015
0 28 0 0 10015
0 20 0 0 10015
0 18 0 0 10015
0 23 0 0 10015
0 34 0 0 10015
0 51 0 0 10015
0 74 0 0 10015
0 100 0 0 10015
0 127 0 0 10015
0 155 0 0 10015
0 182 0 0 10015
0 205 0 0 10015
0 223 0 0 10015
0 236 0 0 10015
0 241 0 0 10015
0 240 0 0 10015
0 231 0 0 10015
0 216 0 0 10015
0 195 0 0 10015
0 170 0 0 10015
0 142 0 0 10015
0 113 0 0 10015
0 85 0 0 10015
0 59 0 0 10015
0 37 0 0 10015
0 21 0 0 10015
0 12 0 0 10015
0 10 0 0 10015
0 15 0 0 10015
0 27 0 0 10015
0 46 0 0 10015
0 70 0 0 10015
0 98 0 0 10015
0 127 0 0 10015
0 157 0 0 10015
0 186 0 0 10015
0 210 0 0 10015
0 230 0 0 10015
0 243 0 0 10015
0 249 0 0 10015
0 248 0 0 10015
0 238 0 0 10015
0 222 0 0 10015
0 200 0 0 10015
0 173 0 0 10015
0 143 0 0 10015
0 112 0 0 10015
0 82 0 0 10015
0 54 0 0 10015
0 31 0 0 10015
0 14 0 0 10015
0 4 0 0 10015
0 2 0 0 10015
0 7 0 0 10015
0 21 0 0 10015
0 41 0 0 10015
0 66 0 0 10015
0 96 0 0 10015
0 128 0 0 10015
0 128 0 0 10015
0 128 0 0 10015
0 128 0 0 10015
0 128 0 0 10015
0 128 0 0 10015
0 128 0 0 10015
0 128 0 0 10015
0 128 0 0 10015
0 128 0 0 10015
0 128 0 0 10015
0 128 0 0 10015
0 128 0 0 10015
0 128 0 0 10015
0 128 0 0 10015
0 128 0 0 10015
0 128 0 0 10015
0 128 0 0 10015
0 128 0 0 10015
0 128 0 0 10015
0 128 0 0 10015
0 128 0 0 10015
0 128 0 0 10015
0 128 0 0 10015
0 128 0 0 10015
0 128 0 0 10015
0 128 0 0 10015
0 128 0 0 10015
0 128 0 0 10015
0 128 0 0 10015
0 128 0 0 10015
0 128 0 0 10015
0 128 0 0 10015
0 128 0 0 10015
0 128 0 0 10015
0 128 0 0 10015
0 128 0 0 10015
0 128 0 0 10015
0 128 0 0 10015
0 128 0 0 10015
0 128 0 0 10015
0 128 0 0 10015
0 128 0 0 10015
0 128 0 0 10015
0 128 0 0 10015
0 128 0 0 10015
0 128 0 0 10015
0 128 0 0 10015
0 128 0 0 10015
0 128 0 0 10015
0 128 0 0 10015
0 128 0 0 10015
0 128 0 0 10015
0 128 0 0 10015
0 128 0 0 10015
0 128 0 0 10015
0 128 0 0 10015
0 128 0 0 10015
0 128 0 0 10015
0 128 0 0 10015
0 128 0 0 10015
0 128 0 0 10015
0 128 0 0 10015
0 128 0 0 10015
0 128 0 0 10015
0 128 0 0 10015
0 128 0 0 10015
0 128 0 0 10015
0 128 0 0 10015
0 128 0 0 10015
0 128 0 0 10015
0 128 0 0 10015
0 128 0 0 10015
0 128 0 0 10015
0 128 0 0 10015
0 128 0 0 10015
0 128 0 0 10015
0 128 0 0 10015
0 128 0 0 10015
0 128 0 0 10015
0 128 0 0 10015
0 128 0 0 10015
0 128 0 0 10015
0 128 0 0 10015
0 128 0 0 10015
0 128 0 0 10015
0 128 0 0 10015
0 128 0 0 10015
0 128 0 0 10015
0 128 0 0 10015
0 128 0 0 10015
0 128 0 0 10015
0 128 0 0 10015
0 128 0 0 10015
0 128 0 0 10015
0 128 0 0 10015
0 128 0 0 10015
0 128 0 0 10015
0 128 0 0 10015
0 128 0 0 10015
0 0 0 0 10015
0 0 0 0 10016
0 0 0 0 10016
0 0 0 0 10016
0 0 0 0 10016
0 0 0 0 10016
0 0 0 0 10016
0 0 0 0 10016
0 0 0 0 10016
0 0 0 0 10016
0 0 0 0 10016
0 0 0 0 10016
0 0 0 0 10016
0 0 0 0 10016
0 0 0 0 10016
0 0 0 0 10016
0 0 0 0 10016
0 0 0 0 10016
0 0 0 0 10016
0 0 0 0 10016
0 0 0 0 10016
0 0 0 0 10016
0 0 0 0 10016
0 0 0 0 10016
0 0 0 0 10016
0 0 0 0 10016
0 0 0 0 10016
0 0 0 0 10016
0 0 0 0 10016
0 0 0 0 10016
0 0 0 0 10016
0 0 0 0 10016
0 0 0 0 10016
0 0 0 0 10016
0 0 0 0 10016
0 0 0 0 10016
0 0 0 0 10016
0 0 0 0 10016
0 0 0 0 10016
0 0 0 0 10016
0 0 0 0 10016
0 0 0 0 10016
0 0 0 0 10016
0 0 0 0 10016
0 0 0 0 10016
0 0 0 0 10016
0 0 0 0 10016
0 0 0 0 10016
0 0 0 0 10016
0 0 0 0 10016
0 0 0 0 10016
0 0 0 0 10016
0 0 0 0 10016
0 0 0 0 10016
0 0 0 0 10016
0 0 0 0 10016
0 0 0 0 10016
0 0 0 0 10016
0 0 0 0 10016
0 0 0 0 10016
0 0 0 0 10016
0 0 0 0 10016
0 0 0 0 10016
0 0 0 0 10016
0 0 0 0 10016
0 0 0 0 10016
0 0 0 0 10016
0 0 0 0 10016
0 0 0 0 10016
0 0 0 0 10016
0 0 0 0 10016
0 0 0 0 10016
0 0 0 0 10016
0 0 0 0 10016
0 0 0 0 10016
0 0 0 0 10016
0 0 0 0 10016
0 0 0 0 10016
0 0 0 0 10016
0 0 0 0 10016
0 0 0 0 10016
0 0 0 0 10016
0 0 0 0 10016
0 0 0 0 10016
0 0 0 0 10016
0 0 0 0 10016
0 0 0 0 10016
0 0 0 0 10016
0 0 0 0 10016
0 0 0 0 10016
0 0 0 0 10016
0 0 0 0 10016
0 0 0 0 10016
0 0 0 0 10016
0 0 0 0 10016
0 0 0 0 10016
0 0 0 0 10016
0 0 0 0 10016
0 0 0 0 10016
0 0 0 0 10016
0 0 0 0 10016
0 0 0 0 10016
0 0 0 0 10016
0 0 0 0 10016
0 0 0 0 10016
0 0 0 0 10016
0 0 0 0 10016
0 0 0 0 10016
0 0 0 0 10016
0 0 0 0 10016
0 0 0 0 10016
0 0 0 0 10016
0 0 0 0 10016
0 0 0 0 10016
0 0 0 0 10016
0 0 0 0 10016
0 0 0 0 10016
0 0 0 0 10016
0 0 0 0 10016
0 0 0 0 10016
0 0 0 0 10016
0 0 0 0 10016
0 0 0 0 10016
0 0 0 0 10016
0 0 0 0 10016
0 0 0 0 10016
0 0 0 0 10016
0 0 0 0 10016
0 0 0 0 10016
0 0 0 0 10016
0 0 0 0 10016
0 0 0 0 10016
0 0 0 0 10016
0 0 0 0 10016
0 0 0 0 10016
0 0 0 0 10016
0 0 0 0 10016
0 0 0 0 10016
0 0 0 0 10016
0 0 0 0 10016
0 0 0 0 10016
0 0 0 0 10016
0 0 0 0 10016
0 0 0 0 10016
0 0 0 0 10016
0 0 0 0 10016
0 0 0 0 10016
0 0 0 0 10016
0 0 0 0 10016
0 0 0 0 10016
0 0 0 0 10016
0 0 0 0 10016
0 0 0 0 10016
0 0 0 0 10016
0 0 0 0 10016
0 0 0 0 10016
0 0 0 0 10016
0 0 0 0 10016
0 0 0 0 10016
0 0 0 0 10016
0 0 0 0 10016
0 0 0 0 10016
0 0 0 0 10016
0 0 0 0 10016
0 0 0 0 10016
0 0 0 0 10016
0 0 0 0 10016
0 0 0 0 10016
0 0 0 0 10016
0 0 0 0 10016
0 0 0 0 10016
0 0 0 0 10016
0 0 0 0 10016
0 0 0 0 10016
0 0 0 0 10016
0 0 0 0 10016
0 0 0 0 10016
0 0 0 0 10016
0 0 0 0 10016
0 0 0 0 10016
0 0 0 0 10016
0 0 0 0 10016
0 0 0 0 10016
0 0 0 0 10016
0 0 0 0 10016
0 0 0 0 10016
0 0 0 0 10016
0 0 0 0 10016
0 0 0 0 10016
0 0 0 0 10016
0 0 0 0 10016
0 0 0 0 10016
0 0 0 0 10016
0 0 0 0 10016
0 0 0 0 10016
0 0 0 0 10016
0 0 0 0 10016
0 0 0 0 10016
0 0 0 0 10016
0 0 0 0 10016
0 255 0 0 10016
0 255 0 0 10016
0 255 0 0 10016
0 255 0 0 10016
0 255 0 0 10016
0 255 0 0 10016
0 255 0 0 10016
0 255 0 0 10016
0 255 0 0 10016
0 255 0 0 10016
0 255 0 0 10016
0 255 0 0 10016
0 255 0 0 10016
0 255 0 0 10016
0 255 0 0 10016
0 255 0 0 10016
0 255 0 0 10016
0 255 0 0 10016
0 255 0 0 10016
0 255 0 0 10016
0 255 0 0 10016
0 255 0 0 10016
0 255 0 0 10016
0 255 0 0 10016
0 255 0 0 10016
0 255 0 0 10016
0 255 0 0 10016
0 255 0 0 10016
0 255 0 0 10016
0 255 0 0 10016
0 255 0 0 10016
0 255 0 0 10016
0 255 0 0 10016
0 255 0 0 10016
0 255 0 0 10016
0 255 0 0 10016
0 255 0 0 10016
0 255 0 0 10016
0 255 0 0 10016
0 255 0 0 10016
0 255 0 0 10016
0 255 0 0 10016
0 255 0 0 10016
0 255 0 0 10016
0 255 0 0 10016
0 255 0 0 10016
0 255 0 0 10016
0 255 0 0 10016
0 255 0 0 10016
0 255 0 0 10016
0 255 0 0 10016
0 255 0 0 10016
0 255 0 0 10016
0 255 0 0 10016
0 255 0 0 10016
0 255 0 0 10016
0 255 0 0 10016
0 255 0 0 10016
0 255 0 0 10016
0 255 0 0 10016
0 255 0 0 10016
0 255 0 0 10016
0 255 0 0 10016
0 255 0 0 10016
0 255 0 0 10016
0 255 0 0 10016
0 255 0 0 10016
0 255 0 0 10016
0 255 0 0 10016
0 255 0 0 10016
0 255 0 0 10016
0 255 0 0 10016
0 255 0 0 10016
0 255 0 0 10016
0 255 0 0 10016
0 255 0 0 10016
0 255 0 0 10016
0 255 0 0 10016
0 255 0 0 10016
0 255 0 0 10016
0 255 0 0 10016
0 255 0 0 10016
0 255 0 0 10016
0 255 0 0 10016
0 255 0 0 10016
0 255 0 0 10016
0 255 0 0 10016
0 255 0 0 10016
0 255 0 0 10016
0 255 0 0 10016
0 255 0 0 10016
0 255 0 0 10016
0 255 0 0 10016
0 255 0 0 10016
0 255 0 0 10016
0 255 0 0 10016
0 255 0 0 10016
0 255 0 0 10016
0 255 0 0 10016
0 255 0 0 10016
0 255 0 0 10016
0 255 0 0 10016
0 255 0 0 10016
0 255 0 0 10016
0 255 0 0 10016
0 255 0 0 10016
0 255 0 0 10016
0 255 0 0 10016
0 255 0 0 10016
0 255 0 0 10016
0 255 0 0 10016
0 255 0 0 10016
0 255 0 0 10016
0 255 0 0 10016
0 255 0 0 10016
0 255 0 0 10016
0 255 0 0 10016
0 255 0 0 10016
0 255 0 0 10016
0 255 0 0 10016
0 255 0 0 10016
0 255 0 0 10016
0 255 0 0 10016
0 255 0 0 10016
0 255 0 0 10016
0 255 0 0 10016
0 255 0 0 10016
0 255 0 0 10016
0 255 0 0 10016
0 255 0 0 10016
0 255 0 0 10016
0 255 0 0 10016
0 255 0 0 10016
0 255 0 0 10016
0 255 0 0 10016
0 255 0 0 10016
0 255 0 0 10016
0 255 0 0 10016
0 255 0 0 10016
0 255 0 0 10016
0 255 0 0 10016
0 255 0 0 10016
0 255 0 0 10016
0 255 0 0 10016
0 255 0 0 10016
0 255 0 0 10016
0 255 0 0 10016
0 255 0 0 10016
0 255 0 0 10016
0 255 0 0 10016
0 0 0 0 10016
0 0 0 0 10016
0 0 0 0 10016
0 0 0 0 10016
0 0 0 0 10016
0 0 0 0 10016
0 0 0 0 10016
0 0 0 0 10016
0 0 0 0 10016
0 0 0 0 10016
0 0 0 0 10016
0 0 0 0 10016
0 0 0 0 10016
0 0 0 0 10016
0 0 0 0 10016
0 0 0 0 10016
0 0 0 0 10016
0 0 0 0 10016
0 0 0 0 10016
0 0 0 0 10016
0 0 0 0 10016
0 0 0 0 10016
0 0 0 0 10016
0 0 0 0 10016
0 0 0 0 10016
0 0 0 0 10016
0 0 0 0 10016
0 0 0 0 10016
0 0 0 0 10016
0 0 0 0 10016
0 0 0 0 10016
0 0 0 0 10016
0 0 0 0 10016
0 0 0 0 10016
0 0 0 0 10016
0 0 0 0 10016
0 0 0 0 10016
0 0 0 0 10016
0 0 0 0 10016
0 0 0 0 10016
0 0 0 0 10016
0 0 0 0 10016
0 0 0 0 10016
0 0 0 0 10016
0 0 0 0 10016
0 0 0 0 10016
0 0 0 0 10016
0 0 0 0 10016
0 0 0 0 10016
0 0 0 0 10016
0 0 0 0 10016
0 0 0 0 10016
0 0 0 0 10016
0 0 0 0 10016
0 0 0 0 10016
0 0 0 0 10016
0 0 0 0 10016
0 0 0 0 10016
0 0 0 0 10016
0 0 0 0 10016
0 0 0 0 10016
0 0 0 0 10016
0 0 0 0 10016
0 0 0 0 10016
0 0 0 0 10016
0 0 0 0 10016
0 0 0 0 10016
0 0 0 0 10016
0 0 0 0 10016
0 0 0 0 10016
0 0 0 0 10016
0 0 0 0 10016
0 0 0 0 10016
0 0 0 0 10016
0 0 0 0 10016
0 0 0 0 10016
0 0 0 0 10016
0 0 0 0 10016
0 0 0 0 10016
0 0 0 0 10016
0 0 0 0 10016
0 0 0 0 10016
0 0 0 0 10016
0 0 0 0 10016
0 0 0 0 10016
0 0 0 0 10016
0 0 0 0 10016
0 0 0 0 10016
0 0 0 0 10016
0 0 0 0 10016
0 0 0 0 10016
0 0 0 0 10016
0 0 0 0 10016
0 0 0 0 10016
0 0 0 0 10016
0 0 0 0 10016
0 0 0 0 10016
0 0 0 0 10016
0 0 0 0 10016
0 0 0 0 10016
0 0 0 0 10016
0 0 0 0 10016
0 0 0 0 10016
0 0 0 0 10016
0 0 0 0 10016
0 0 0 0 10016
0 0 0 0 10016
0 0 0 0 10016
0 0 0 0 10016
0 0 0 0 10016
0 0 0 0 10016
0 0 0 0 10016
0 0 0 0 10016
0 0 0 0 10016
0 0 0 0 10016
0 0 0 0 10016
0 0 0 0 10016
0 0 0 0 10016
0 0 0 0 10016
0 0 0 0 10016
0 0 0 0 10016
0 0 0 0 10016
0 0 0 0 10016
0 0 0 0 10016
0 0 0 0 10016
0 0 0 0 10016
0 0 0 0 10016
0 0 0 0 10016
0 0 0 0 10016
0 0 0 0 10016
0 0 0 0 10016
0 0 0 0 10016
0 0 0 0 10016
0 0 0 0 10016
0 0 0 0 10016
0 0 0 0 10016
0 0 0 0 10016
0 0 0 0 10016
0 0 0 0 10016
0 0 0 0 10016
0 0 0 0 10016
0 0 0 0 10016
0 0 0 0 10016
0 0 0 0 10016
0 0 0 0 10016
0 0 0 0 10016
0 0 0 0 10016
0 0 0 0 10016
0 0 0 0 10016
0 0 0 0 10016
0 128 0 0 10016
0 128 0 0 10016
0 128 0 0 10016
0 128 0 0 10016
0 128 0 0 10016
0 128 0 0 10016
0 128 0 0 10016
0 128 0 0 10016
0 128 0 0 10016
0 128 0 0 10016
0 128 0 0 10016
0 128 0 0 10016
0 128 0 0 10016
0 128 0 0 10016
0 128 0 0 10016
0 128 0 0 10016
0 128 0 0 10016
0 128 0 0 10016
0 128 0 0 10016
0 128 0 0 10016
0 128 0 0 10016
0 128 0 0 10016
0 128 0 0 10016
0 128 0 0 10016
0 128 0 0 10016
0 128 0 0 10016
0 128 0 0 10016
0 128 0 0 10016
0 128 0 0 10016
0 128 0 0 10016
0 128 0 0 10016
0 128 0 0 10016
0 128 0 0 10016
0 128 0 0 10016
0 128 0 0 10016
0 128 0 0 10016
0 128 0 0 10016
0 128 0 0 10016
0 128 0 0 10016
0 128 0 0 10016
0 128 0 0 10016
0 128 0 0 10016
0 128 0 0 10016
0 128 0 0 10016
0 128 0 0 10016
0 128 0 0 10016
0 128 0 0 10016
0 128 0 0 10016
0 128 0 0 10016
0 128 0 0 10016
0 128 0 0 10016
0 128 0 0 10016
0 128 0 0 10016
0 128 0 0 10016
0 128 0 0 10016
0 128 0 0 10016
0 128 0 0 10016
0 128 0 0 10016
0 128 0 0 10016
0 128 0 0 10016
0 128 0 0 10016
0 128 0 0 10016
0 128 0 0 10016
0 128 0 0 10016
0 128 0 0 10016
0 128 0 0 10016
0 128 0 0 10016
0 128 0 0 10016
0 128 0 0 10016
0 128 0 0 10016
0 128 0 0 10016
0 128 0 0 10016
0 128 0 0 10016
0 128 0 0 10016
0 128 0 0 10016
0 128 0 0 10016
0 128 0 0 10016
0 128 0 0 10016
0 128 0 0 10016
0 128 0 0 10016
0 128 0 0 10016
0 128 0 0 10016
0 128 0 0 10016
0 128 0 0 10016
0 128 0 0 10016
0 128 0 0 10016
0 128 0 0 10016
0 128 0 0 10016
0 128 0 0 10016
0 128 0 0 10016
0 128 0 0 10016
0 128 0 0 10016
0 128 0 0 10016
0 128 0 0 10016
0 128 0 0 10016
0 128 0 0 10016
0 128 0 0 10016
0 128 0 0 10016
0 128 0 0 10016
0 128 0 0 10016
0 128 0 0 10016
0 128 0 0 10016
0 128 0 0 10016
0 129 0 0 10016
0 130 0 0 10016
0 132 0 0 10016
0 133 0 0 10016
0 135 0 0 10016
0 138 0 0 10016
0 141 0 0 10016
0 144 0 0 10016
0 147 0 0 10016
0 151 0 0 10016
0 154 0 0 10016
0 159 0 0 10016
0 163 0 0 10016
0 168 0 0 10016
0 173 0 0 10016
0 178 0 0 10016
0 184 0 0 10016
0 189 0 0 10016
0 195 0 0 10016
0 201 0 0 10016
0 206 0 0 10016
0 212 0 0 10016
0 218 0 0 10016
0 224 0 0 10016
0 229 0 0 10016
0 234 0 0 10016
0 239 0 0 10016
0 243 0 0 10016
0 247 0 0 10016
0 250 0 0 10016
0 253 0 0 10016
0 255 0 0 10016
0 255 0 0 10016
0 255 0 0 10016
0 254 0 0 10016
0 252 0 0 10016
0 248 0 0 10016
0 243 0 0 10016
0 237 0 0 10016
0 230 0 0 10016
0 221 0 0 10016
0 211 0 0 10016
0 199 0 0 10016
0 187 0 0 10016
0 173 0 0 10016
0 159 0 0 10016
0 143 0 0 10016
0 128 0 0 10016
0 111 0 0 10016
0 95 0 0 10016
0 79 0 0 10016
0 64 0 0 10016
0 49 0 0 10016
0 36 0 0 10016
0 24 0 0 10016
0 14 0 0 10016
0 7 0 0 10016
0 2 0 0 10016
0 0 0 0 10016
0 0 0 0 10016
0 4 0 0 10016
0 11 0 0 10016
0 22 0 0 10016
0 35 0 0 10016
0 51 0 0 10016
0 69 0 0 10016
0 90 0 0 10016
0 111 0 0 10016
0 134 0 0 10016
0 157 0 0 10016
0 179 0 0 10016
0 200 0 0 10016
0 218 0 0 10016
0 233 0 0 10016
0 245 0 0 10016
0 253 0 0 10016
0 255 0 0 10016
0 253 0 0 10016
0 246 0 0 10016
0 233 0 0 10016
0 216 0 0 10016
0 195 0 0 10016
0 171 0 0 10016
0 144 0 0 10016
0 116 0 0 10016
0 89 0 0 10016
0 63 0 0 10016
0 40 0 0 10016
0 21 0 0 10016
0 8 0 0 10016
0 1 0 0 10016
0 0 0 0 10016
0 7 0 0 10016
0 21 0 0 10016
0 41 0 0 10016
0 66 0 0 10016
0 96 0 0 10016
0 127 0 0 10016
0 159 0 0 10016
0 190 0 0 10016
0 216 0 0 10016
0 237 0 0 10016
0 250 0 0 10016
0 255 0 0 10016
0 252 0 0 10016
0 239 0 0 10016
0 217 0 0 10016
0 189 0 0 10016
0 156 0 0 10016
0 120 0 0 10016
0 85 0 0 10016
0 53 0 0 10016
0 26 0 0 10016
0 8 0 0 10016
0 0 0 0 10016
0 3 0 0 10016
0 16 0 0 10016
0 40 0 0 10016
0 72 0 0 10016
0 109 0 0 10016
0 148 0 0 10016
0 186 0 0 10016
0 218 0 0 10016
0 242 0 0 10016
0 254 0 0 10016
0 254 0 0 10016
0 240 0 0 10016
0 215 0 0 10016
0 180 0 0 10016
0 140 0 0 10016
0 97 0 0 10016
0 58 0 0 10016
0 26 0 0 10016
0 6 0 0 10016
0 0 0 0 10016
0 8 0 0 10016
0 31 0 0 10016
0 66 0 0 10016
0 108 0 0 10016
0 154 0 0 10016
0 196 0 0 10016
0 230 0 0 10016
0 250 0 0 10016
0 255 0 0 10016
0 243 0 0 10016
0 215 0 0 10016
0 174 0 0 10016
0 128 0 0 10016
0 80 0 0 10016
0 39 0 0 10016
0 11 0 0 10016
0 0 0 0 10016
0 7 0 0 10016
0 33 0 0 10016
0 73 0 0 10016
0 122 0 0 10016
0 172 0 0 10016
0 215 0 0 10016
0 245 0 0 10016
0 255 0 0 10016
0 245 0 0 10016
0 216 0 0 10016
0 171 0 0 10016
0 118 0 0 10016
0 67 0 0 10016
0 26 0 0 10016
0 3 0 0 10016
0 2 0 0 10016
0 23 0 0 10016
0 64 0 0 10016
0 116 0 0 10016
0 171 0 0 10016
0 218 0 0 10016
0 248 0 0 10016
0 255 0 0 10016
0 237 0 0 10016
0 197 0 0 10016
0 144 0 0 10016
0 86 0 0 10016
0 37 0 0 10016
0 6 0 0 10016
0 1 0 0 10016
0 22 0 0 10016
0 65 0 0 10016
0 123 0 0 10016
0 181 0 0 10016
0 228 0 0 10016
0 253 0 0 10016
0 250 0 0 10016
0 219 0 0 10016
0 167 0 0 10016
0 106 0 0 10016
0 49 0 0 10016
0 11 0 0 10016
0 0 0 0 10016
0 20 0 0 10016
0 66 0 0 10016
0 127 0 0 10016
0 189 0 0 10016
0 236 0 0 10016
0 255 0 0 10016
0 242 0 0 10016
0 199 0 0 10016
0 138 0 0 10016
0 73 0 0 10016
0 23 0 0 10016
0 0 0 0 10016
0 12 0 0 10016
0 55 0 0 10016
0 118 0 0 10016
0 185 0 0 10016
0 235 0 0 10016
0 255 0 0 10016
0 239 0 0 10016
0 191 0 0 10016
0 124 0 0 10016
0 57 0 0 10016
0 12 0 0 10016
0 0 0 0 10016
0 27 0 0 10016
0 85 0 0 10016
0 156 0 0 10016
0 218 0 0 10016
0 252 0 0 10016
0 248 0 0 10016
0 205 0 0 10016
0 137 0 0 10016
0 66 0 0 10016
0 14 0 0 10016
0 0 0 0 10016
0 28 0 0 10016
0 89 0 0 10016
0 163 0 0 10016
0 226 0 0 10016
0 255 0 0 10016
0 240 0 0 10016
0 186 0 0 10016
0 111 0 0 10016
0 42 0 0 10016
0 3 0 0 10016
0 8 0 0 10016
0 57 0 0 10016
0 132 0 0 10016
0 205 0 0 10016
0 250 0 0 10016
0 249 0 0 10016
0 203 0 0 10016
0 127 0 0 10016
0 52 0 0 10016
0 6 0 0 10016
0 6 0 0 10016
0 54 0 0 10016
0 132 0 0 10016
0 207 0 0 10016
0 251 0 0 10016
0 246 0 0 10016
0 192 0 0 10016
0 111 0 0 10016
0 37 0 0 10016
0 1 0 0 10016
0 17 0 0 10016
0 80 0 0 10016
0 163 0 0 10016
0 232 0 0 10016
0 255 0 0 10016
0 224 0 0 10016
0 150 0 0 10016
0 66 0 0 10016
0 9 0 0 10016
0 5 0 0 10016
0 56 0 0 10016
0 140 0 0 10016
0 218 0 0 10016
0 255 0 0 10016
0 233 0 0 10016
0 162 0 0 10016
0 74 0 0 10016
0 12 0 0 10016
0 4 0 0 10016
0 55 0 0 10016
0 142 0 0 10016
0 221 0 0 10016
0 255 0 0 10016
0 227 0 0 10016
0 148 0 0 10016
0 60 0 0 10016
0 5 0 0 10016
0 12 0 0 10016
0 78 0 0 10016
0 169 0 0 10016
0 240 0 0 10016
0 252 0 0 10016
0 199 0 0 10016
0 109 0 0 10016
0 28 0 0 10016
0 0 0 0 10016
0 40 0 0 10016
0 127 0 0 10016
0 215 0 0 10016
0 255 0 0 10016
0 225 0 0 10016
0 141 0 0 10016
0 49 0 0 10016
0 1 0 0 10016
0 24 0 0 10016
0 106 0 0 10016
0 200 0 0 10016
0 253 0 0 10016
0 234 0 0 10016
0 152 0 0 10016
0 56 0 0 10016
0 2 0 0 10016
0 22 0 0 10016
0 104 0 0 10016
0 201 0 0 10016
0 254 0 0 10016
0 230 0 0 10016
0 144 0 0 10016
0 47 0 0 10016
0 0 0 0 10016
0 32 0 0 10016
0 124 0 0 10016
0 218 0 0 10016
0 255 0 0 10016
0 212 0 0 10016
0 114 0 0 10016
0 25 0 0 10016
0 2 0 0 10016
0 60 0 0 10016
0 163 0 0 10016
0 243 0 0 10016
0 246 0 0 10016
0 171 0 0 10016
0 66 0 0 10016
0 3 0 0 10016
0 23 0 0 10016
0 115 0 0 10016
0 215 0 0 10016
0 255 0 0 10016
0 207 0 0 10016
0 104 0 0 10016
0 16 0 0 10016
0 7 0 0 10016
0 83 0 0 10016
0 190 0 0 10016
0 253 0 0 10016
0 226 0 0 10016
0 128 0 0 10016
0 29 0 0 10016
0 2 0 0 10016
0 67 0 0 10016
0 177 0 0 10016
0 250 0 0 10016
0 232 0 0 10016
0 136 0 0 10016
0 33 0 0 10016
0 1 0 0 10016
0 66 0 0 10016
0 178 0 0 10016
0 251 0 0 10016
0 229 0 0 10016
0 128 0 0 10016
0 26 0 0 10016
0 4 0 0 10016
0 79 0 0 10016
0 193 0 0 10016
0 255 0 0 10016
0 215 0 0 10016
0 105 0 0 10016
0 13 0 0 10016
0 14 0 0 10016
0 108 0 0 10016
0 218 0 0 10016
0 254 0 0 10016
0 185 0 0 10016
0 68 0 0 10016
0 1 0 0 10016
0 40 0 0 10016
0 153 0 0 10016
0 245 0 0 10016
0 237 0 0 10016
0 135 0 0 10016
0 26 0 0 10016
0 6 0 0 10016
0 91 0 0 10016
0 208 0 0 10016
0 255 0 0 10016
0 189 0 0 10016
0 69 0 0 10016
0 0 0 0 10016
0 46 0 0 10016
0 165 0 0 10016
0 250 0 0 10016
0 224 0 0 10016
0 110 0 0 10016
0 11 0 0 10016
0 20 0 0 10016
0 128 0 0 10016
0 128 0 0 10016
0 128 0 0 10016
0 128 0 0 10016
0 128 0 0 10016
0 128 0 0 10016
0 128 0 0 10016
0 128 0 0 10016
0 128 0 0 10016
0 128 0 0 10016
0 128 0 0 10016
0 128 0 0 10016
0 128 0 0 10016
0 128 0 0 10016
0 128 0 0 10016
0 128 0 0 10016
0 128 0 0 10016
0 128 0 0 10016
0 128 0 0 10016
0 128 0 0 10016
0 128 0 0 10016
0 128 0 0 10016
0 128 0 0 10016
0 128 0 0 10016
0 128 0 0 10016
0 128 0 0 10016
0 128 0 0 10016
0 128 0 0 10016
0 128 0 0 10016
0 128 0 0 10016
0 128 0 0 10016
0 128 0 0 10016
0 128 0 0 10016
0 128 0 0 10016
0 128 0 0 10016
0 128 0 0 10016
0 128 0 0 10016
0 128 0 0 10016
0 128 0 0 10016
0 128 0 0 10016
0 128 0 0 10016
0 128 0 0 10016
0 128 0 0 10016
0 128 0 0 10016
0 128 0 0 10016
0 128 0 0 10016
0 128 0 0 10016
0 128 0 0 10016
0 128 0 0 10016
0 128 0 0 10016
0 128 0 0 10016
0 128 0 0 10016
0 128 0 0 10016
0 128 0 0 10016
0 128 0 0 10016
0 128 0 0 10016
0 128 0 0 10016
0 128 0 0 10016
0 128 0 0 10016
0 128 0 0 10016
0 128 0 0 10016
0 128 0 0 10016
0 128 0 0 10016
0 128 0 0 10016
0 128 0 0 10016
0 128 0 0 10016
0 128 0 0 10016
0 128 0 0 10016
0 128 0 0 10016
0 128 0 0 10016
0 128 0 0 10016
0 128 0 0 10016
0 128 0 0 10016
0 128 0 0 10016
0 128 0 0 10016
0 128 0 0 10016
0 128 0 0 10016
0 128 0 0 10016
0 128 0 0 10016
0 128 0 0 10016
0 128 0 0 10016
0 128 0 0 10016
0 128 0 0 10016
0 128 0 0 10016
0 128 0 0 10016
0 128 0 0 10016
0 128 0 0 10016
0 128 0 0 10016
0 128 0 0 10016
0 128 0 0 10016
0 128 0 0 10016
0 128 0 0 10016
0 128 0 0 10016
0 128 0 0 10016
0 128 0 0 10016
0 128 0 0 10016
0 128 0 0 10016
0 128 0 0 10016
0 128 0 0 10016
0 128 0 0 10016
0 128 0 0 10016
0 128 0 0 10016
0 128 0 0 10016
0 128 0 0 10016
0 129 0 0 10016
0 129 0 0 10016
0 129 0 0 10016
0 130 0 0 10016
0 130 0 0 10016
0 130 0 0 10016
0 129 0 0 10016
0 129 0 0 10016
0 128 0 0 10016
0 127 0 0 10016
0 126 0 0 10016
0 125 0 0 10016
0 124 0 0 10016
0 123 0 0 10016
0 122 0 0 10016
0 121 0 0 10016
0 121 0 0 10016
0 122 0 0 10016
0 123 0 0 10016
0 124 0 0 10016
0 126 0 0 10016
0 128 0 0 10016
0 130 0 0 10016
0 132 0 0 10016
0 134 0 0 10016
0 135 0 0 10016
0 137 0 0 10016
0 137 0 0 10016
0 138 0 0 10016
0 137 0 0 10016
0 136 0 0 10016
0 134 0 0 10016
0 132 0 0 10016
0 129 0 0 10016
0 126 0 0 10016
0 123 0 0 10016
0 120 0 0 10016
0 117 0 0 10016
0 115 0 0 10016
0 114 0 0 10016
0 113 0 0 10016
0 114 0 0 10016
0 115 0 0 10016
0 117 0 0 10016
0 120 0 0 10016
0 124 0 0 10016
0 127 0 0 10016
0 132 0 0 10016
0 136 0 0 10016
0 139 0 0 10016
0 142 0 0 10016
0 144 0 0 10016
0 145 0 0 10016
0 145 0 0 10016
0 144 0 0 10016
0 142 0 0 10016
0 139 0 0 10016
0 135 0 0 10016
0 130 0 0 10016
0 125 0 0 10016
0 120 0 0 10016
0 115 0 0 10016
0 111 0 0 10016
0 108 0 0 10016
0 106 0 0 10016
0 105 0 0 10016
0 106 0 0 10016
0 108 0 0 10016
0 112 0 0 10016
0 116 0 0 10016
0 122 0 0 10016
0 127 0 0 10016
0 134 0 0 10016
0 139 0 0 10016
0 145 0 0 10016
0 149 0 0 10016
0 152 0 0 10016
0 153 0 0 10016
0 153 0 0 10016
0 152 0 0 10016
0 148 0 0 10016
0 143 0 0 10016
0 138 0 0 10016
0 131 0 0 10016
0 124 0 0 10016
0 117 0 0 10016
0 111 0 0 10016
0 105 0 0 10016
0 101 0 0 10016
0 98 0 0 10016
0 97 0 0 10016
0 99 0 0 10016
0 102 0 0 10016
0 106 0 0 10016
0 112 0 0 10016
0 120 0 0 10016
0 127 0 0 10016
0 136 0 0 10016
0 143 0 0 10016
0 150 0 0 10016
0 156 0 0 10016
0 159 0 0 10016
0 161 0 0 10016
0 161 0 0 10016
0 159 0 0 10016
0 154 0 0 10016
0 148 0 0 10016
0 141 0 0 10016
0 132 0 0 10016
0 123 0 0 10016
0 114 0 0 10016
0 106 0 0 10016
0 99 0 0 10016
0 94 0 0 10016
0 90 0 0 10016
0 89 0 0 10016
0 91 0 0 10016
0 95 0 0 10016
0 101 0 0 10016
0 109 0 0 10016
0 118 0 0 10016
0 127 0 0 10016
0 138 0 0 10016
0 147 0 0 10016
0 156 0 0 10016
0 162 0 0 10016
0 167 0 0 10016
0 169 0 0 10016
0 169 0 0 10016
0 166 0 0 10016
0 161 0 0 10016
0 153 0 0 10016
0 144 0 0 10016
0 133 0 0 10016
0 122 0 0 10016
0 111 0 0 10016
0 101 0 0 10016
0 93 0 0 10016
0 86 0 0 10016
0 83 0 0 10016
0 82 0 0 10016
0 83 0 0 10016
0 88 0 0 10016
0 95 0 0 10016
0 105 0 0 10016
0 116 0 0 10016
0 127 0 0 10016
0 140 0 0 10016
0 151 0 0 10016
0 161 0 0 10016
0 169 0 0 10016
0 175 0 0 10016
0 177 0 0 10016
0 177 0 0 10016
0 173 0 0 10016
0 167 0 0 10016
0 158 0 0 10016
0 146 0 0 10016
0 134 0 0 10016
0 121 0 0 10016
0 108 0 0 10016
0 96 0 0 10016
0 87 0 0 10016
0 79 0 0 10016
0 75 0 0 10016
0 74 0 0 10016
0 76 0 0 10016
0 81 0 0 10016
0 90 0 0 10016
0 101 0 0 10016
0 114 0 0 10016
0 127 0 0 10016
0 142 0 0 10016
0 155 0 0 10016
0 166 0 0 10016
0 176 0 0 10016
0 182 0 0 10016
0 185 0 0 10016
0 185 0 0 10016
0 180 0 0 10016
0 173 0 0 10016
0 162 0 0 10016
0 149 0 0 10016
0 135 0 0 10016
0 120 0 0 10016
0 105 0 0 10016
0 92 0 0 10016
0 80 0 0 10016
0 72 0 0 10016
0 67 0 0 10016
0 66 0 0 10016
0 68 0 0 10016
0 75 0 0 10016
0 84 0 0 10016
0 97 0 0 10016
0 112 0 0 10016
0 127 0 0 10016
0 143 0 0 10016
0 159 0 0 10016
0 172 0 0 10016
0 183 0 0 10016
0 190 0 0 10016
0 193 0 0 10016
0 193 0 0 10016
0 188 0 0 10016
0 179 0 0 10016
0 167 0 0 10016
0 152 0 0 10016
0 136 0 0 10016
0 119 0 0 10016
0 102 0 0 10016
0 87 0 0 10016
0 74 0 0 10016
0 65 0 0 10016
0 59 0 0 10016
0 58 0 0 10016
0 61 0 0 10016
0 68 0 0 10016
0 79 0 0 10016
0 93 0 0 10016
0 110 0 0 10016
0 127 0 0 10016
0 145 0 0 10016
0 162 0 0 10016
0 177 0 0 10016
0 189 0 0 10016
0 197 0 0 10016
0 201 0 0 10016
0 200 0 0 10016
0 195 0 0 10016
0 185 0 0 10016
0 172 0 0 10016
0 155 0 0 10016
0 137 0 0 10016
0 118 0 0 10016
0 99 0 0 10016
0 82 0 0 10016
0 68 0 0 10016
0 57 0 0 10016
0 51 0 0 10016
0 50 0 0 10016
0 53 0 0 10016
0 61 0 0 10016
0 73 0 0 10016
0 89 0 0 10016
0 108 0 0 10016
0 127 0 0 10016
0 147 0 0 10016
0 166 0 0 10016
0 183 0 0 10016
0 196 0 0 10016
0 205 0 0 10016
0 209 0 0 10016
0 208 0 0 10016
0 202 0 0 10016
0 191 0 0 10016
0 176 0 0 10016
0 158 0 0 10016
0 138 0 0 10016
0 117 0 0 10016
0 96 0 0 10016
0 78 0 0 10016
0 62 0 0 10016
0 50 0 0 10016
0 43 0 0 10016
0 42 0 0 10016
0 45 0 0 10016
0 54 0 0 10016
0 68 0 0 10016
0 85 0 0 10016
0 106 0 0 10016
0 127 0 0 10016
0 149 0 0 10016
0 170 0 0 10016
0 188 0 0 10016
0 203 0 0 10016
0 213 0 0 10016
0 217 0 0 10016
0 216 0 0 10016
0 209 0 0 10016
0 198 0 0 10016
0 181 0 0 10016
0 161 0 0 10016
0 139 0 0 10016
0 116 0 0 10016
0 93 0 0 10016
0 73 0 0 10016
0 56 0 0 10016
0 43 0 0 10016
0 35 0 0 10016
0 34 0 0 10016
0 38 0 0 10016
0 48 0 0 10016
0 62 0 0 10016
0 82 0 0 10016
0 104 0 0 10016
0 127 0 0 10016
0 151 0 0 10016
0 174 0 0 10016
0 194 0 0 10016
0 210 0 0 10016
0 220 0 0 10016
0 225 0 0 10016
0 224 0 0 10016
0 217 0 0 10016
0 204 0 0 10016
0 186 0 0 10016
0 164 0 0 10016
0 140 0 0 10016
0 115 0 0 10016
0 91 0 0 10016
0 68 0 0 10016
0 50 0 0 10016
0 36 0 0 10016
0 28 0 0 10016
0 26 0 0 10016
0 30 0 0 10016
0 41 0 0 10016
0 57 0 0 10016
0 78 0 0 10016
0 102 0 0 10016
0 128 0 0 10016
0 153 0 0 10016
0 178 0 0 10016
0 199 0 0 10016
0 216 0 0 10016
0 228 0 0 10016
0 233 0 0 10016
0 232 0 0 10016
0 224 0 0 10016
0 210 0 0 10016
0 191 0 0 10016
0 167 0 0 10016
0 141 0 0 10016
0 114 0 0 10016
0 88 0 0 10016
0 64 0 0 10016
0 43 0 0 10016
0 28 0 0 10016
0 20 0 0 10016
0 18 0 0 10016
0 23 0 0 10016
0 34 0 0 10016
0 51 0 0 10016
0 74 0 0 10016
0 100 0 0 10016
0 127 0 0 10016
0 155 0 0 10016
0 182 0 0 10016
0 205 0 0 10016
0 223 0 0 10016
0 236 0 0 10016
0 241 0 0 10016
0 240 0 0 10016
0 231 0 0 10016
0 216 0 0 10016
0 195 0 0 10016
0 170 0 0 10016
0 142 0 0 10016
0 113 0 0 10016
0 85 0 0 10016
0 59 0 0 10016
0 37 0 0 10016
0 21 0 0 10016
0 12 0 0 10016
0 10 0 0 10016
0 15 0 0 10016
0 27 0 0 10016
0 46 0 0 10016
0 70 0 0 10016
0 98 0 0 10016
0 127 0 0 10016
0 157 0 0 10016
0 186 0 0 10016
0 210 0 0 10016
0 230 0 0 10016
0 243 0 0 10016
0 249 0 0 10016
0 248 0 0 10016
0 238 0 0 10016
0 222 0 0 10016
0 200 0 0 10016
0 173 0 0 10016
0 143 0 0 10016
0 112 0 0 10016
0 82 0 0 10016
0 54 0 0 10016
0 31 0 0 10016
0 14 0 0 10016
0 4 0 0 10016
0 2 0 0 10016
0 7 0 0 10016
0 21 0 0 10016
0 41 0 0 10016
0 66 0 0 10016
0 96 0 0 10016
0 128 0 0 10016
0 128 0 0 10016
0 128 0 0 10016
0 128 0 0 10016
0 128 0 0 10016
0 128 0 0 10016
0 128 0 0 10016
0 128 0 0 10016
0 128 0 0 10016
0 128 0 0 10016
0 128 0 0 10016
0 128 0 0 10016
0 128 0 0 10016
0 128 0 0 10016
0 128 0 0 10016
0 128 0 0 10016
0 128 0 0 10016
0 128 0 0 10016
0 128 0 0 10016
0 128 0 0 10016
0 128 0 0 10016
0 128 0 0 10016
0 128 0 0 10016
0 128 0 0 10016
0 128 0 0 10016
0 128 0 0 10016
0 128 0 0 10016
0 128 0 0 10016
0 128 0 0 10016
0 128 0 0 10016
0 128 0 0 10016
0 128 0 0 10016
0 128 0 0 10016
0 128 0 0 10016
0 128 0 0 10016
0 128 0 0 10016
0 128 0 0 10016
0 128 0 0 10016
0 128 0 0 10016
0 128 0 0 10016
0 128 0 0 10016
0 128 0 0 10016
0 128 0 0 10016
0 128 0 0 10016
0 128 0 0 10016
0 128 0 0 10016
0 128 0 0 10016
0 128 0 0 10016
0 128 0 0 10016
0 128 0 0 10016
0 128 0 0 10016
0 128 0 0 10016
0 128 0 0 10016
0 128 0 0 10016
0 128 0 0 10016
0 128 0 0 10016
0 128 0 0 10016
0 128 0 0 10016
0 128 0 0 10016
0 128 0 0 10016
0 128 0 0 10016
0 128 0 0 10016
0 128 0 0 10016
0 128 0 0 10016
0 128 0 0 10016
0 128 0 0 10016
0 128 0 0 10016
0 128 0 0 10016
0 128 0 0 10016
0 128 0 0 10016
0 128 0 0 10016
0 128 0 0 10016
0 128 0 0 10016
0 128 0 0 10016
0 128 0 0 10016
0 128 0 0 10016
0 128 0 0 10016
0 128 0 0 10016
0 128 0 0 10016
0 128 0 0 10016
0 128 0 0 10016
0 128 0 0 10016
0 128 0 0 10016
0 128 0 0 10016
0 128 0 0 10016
0 128 0 0 10016
0 128 0 0 10016
0 128 0 0 10016
0 128 0 0 10016
0 128 0 0 10016
0 128 0 0 10016
0 128 0 0 10016
0 128 0 0 10016
0 128 0 0 10016
0 128 0 0 10016
0 128 0 0 10016
0 128 0 0 10016
0 128 0 0 10016
0 128 0 0 10016
0 128 0 0 10016
0 0 0 0 10016
0 0 0 0 10017
0 0 0 0 10017
0 0 0 0 10017
0 0 0 0 10017
0 0 0 0 10017
0 0 0 0 10017
0 0 0 0 10017
0 0 0 0 10017
0 0 0 0 10017
0 0 0 0 10017
0 0 0 0 10017
0 0 0 0 10017
0 0 0 0 10017
0 0 0 0 10017
0 0 0 0 10017
0 0 0 0 10017
0 0 0 0 10017
0 0 0 0 10017
0 0 0 0 10017
0 0 0 0 10017
0 0 0 0 10017
0 0 0 0 10017
0 0 0 0 10017
0 0 0 0 10017
0 0 0 0 10017
0 0 0 0 10017
0 0 0 0 10017
0 0 0 0 10017
0 0 0 0 10017
0 0 0 0 10017
0 0 0 0 10017
0 0 0 0 10017
0 0 0 0 10017
0 0 0 0 10017
0 0 0 0 10017
0 0 0 0 10017
0 0 0 0 10017
0 0 0 0 10017
0 0 0 0 10017
0 0 0 0 10017
0 0 0 0 10017
0 0 0 0 10017
0 0 0 0 10017
0 0 0 0 10017
0 0 0 0 10017
0 0 0 0 10017
0 0 0 0 10017
0 0 0 0 10017
0 0 0 0 10017
0 0 0 0 10017
0 0 0 0 10017
0 0 0 0 10017
0 0 0 0 10017
0 0 0 0 10017
0 0 0 0 10017
0 0 0 0 10017
0 0 0 0 10017
0 0 0 0 10017
0 0 0 0 10017
0 0 0 0 10017
0 0 0 0 10017
0 0 0 0 10017
0 0 0 0 10017
0 0 0 0 10017
0 0 0 0 10017
0 0 0 0 10017
0 0 0 0 10017
0 0 0 0 10017
0 0 0 0 10017
0 0 0 0 10017
0 0 0 0 10017
0 0 0 0 10017
0 0 0 0 10017
0 0 0 0 10017
0 0 0 0 10017
0 0 0 0 10017
0 0 0 0 10017
0 0 0 0 10017
0 0 0 0 10017
0 0 0 0 10017
0 0 0 0 10017
0 0 0 0 10017
0 0 0 0 10017
0 0 0 0 10017
0 0 0 0 10017
0 0 0 0 10017
0 0 0 0 10017
0 0 0 0 10017
0 0 0 0 10017
0 0 0 0 10017
0 0 0 0 10017
0 0 0 0 10017
0 0 0 0 10017
0 0 0 0 10017
0 0 0 0 10017
0 0 0 0 10017
0 0 0 0 10017
0 0 0 0 10017
0 0 0 0 10017
0 0 0 0 10017
0 0 0 0 10017
0 0 0 0 10017
0 0 0 0 10017
0 0 0 0 10017
0 0 0 0 10017
0 0 0 0 10017
0 0 0 0 10017
0 0 0 0 10017
0 0 0 0 10017
0 0 0 0 10017
0 0 0 0 10017
0 0 0 0 10017
0 0 0 0 10017
0 0 0 0 10017
0 0 0 0 10017
0 0 0 0 10017
0 0 0 0 10017
0 0 0 0 10017
0 0 0 0 10017
0 0 0 0 10017
0 0 0 0 10017
0 0 0 0 10017
0 0 0 0 10017
0 0 0 0 10017
0 0 0 0 10017
0 0 0 0 10017
0 0 0 0 10017
0 0 0 0 10017
0 0 0 0 10017
0 0 0 0 10017
0 0 0 0 10017
0 0 0 0 10017
0 0 0 0 10017
0 0 0 0 10017
0 0 0 0 10017
0 0 0 0 10017
0 0 0 0 10017
0 0 0 0 10017
0 0 0 0 10017
0 0 0 0 10017
0 0 0 0 10017
0 0 0 0 10017
0 0 0 0 10017
0 0 0 0 10017
0 0 0 0 10017
0 0 0 0 10017
0 0 0 0 10017
0 0 0 0 10017
0 0 0 0 10017
0 0 0 0 10017
0 0 0 0 10017
0 0 0 0 10017
0 0 0 0 10017
0 0 0 0 10017
0 0 0 0 10017
0 0 0 0 10017
0 0 0 0 10017
0 0 0 0 10017
0 0 0 0 10017
0 0 0 0 10017
0 0 0 0 10017
0 0 0 0 10017
0 0 0 0 10017
0 0 0 0 10017
0 0 0 0 10017
0 0 0 0 10017
0 0 0 0 10017
0 0 0 0 10017
0 0 0 0 10017
0 0 0 0 10017
0 0 0 0 10017
0 0 0 0 10017
0 0 0 0 10017
0 0 0 0 10017
0 0 0 0 10017
0 0 0 0 10017
0 0 0 0 10017
0 0 0 0 10017
0 0 0 0 10017
0 0 0 0 10017
0 0 0 0 10017
0 0 0 0 10017
0 0 0 0 10017
0 0 0 0 10017
0 0 0 0 10017
0 0 0 0 10017
0 0 0 0 10017
0 0 0 0 10017
0 0 0 0 10017
0 0 0 0 10017
0 0 0 0 10017
0 0 0 0 10017
0 0 0 0 10017
0 0 0 0 10017
0 0 0 0 10017
0 0 0 0 10017
0 0 0 0 10017
0 0 0 0 10017
0 0 0 0 10017
0 255 0 0 10017
0 255 0 0 10017
0 255 0 0 10017
0 255 0 0 10017
0 255 0 0 10017
0 255 0 0 10017
0 255 0 0 10017
0 255 0 0 10017
0 255 0 0 10017
0 255 0 0 10017
0 255 0 0 10017
0 255 0 0 10017
0 255 0 0 10017
0 255 0 0 10017
0 255 0 0 10017
0 255 0 0 10017
0 255 0 0 10017
0 255 0 0 10017
0 255 0 0 10017
0 255 0 0 10017
0 255 0 0 10017
0 255 0 0 10017
0 255 0 0 10017
0 255 0 0 10017
0 255 0 0 10017
0 255 0 0 10017
0 255 0 0 10017
0 255 0 0 10017
0 255 0 0 10017
0 255 0 0 10017
0 255 0 0 10017
0 255 0 0 10017
0 255 0 0 10017
0 255 0 0 10017
0 255 0 0 10017
0 255 0 0 10017
0 255 0 0 10017
0 255 0 0 10017
0 255 0 0 10017
0 255 0 0 10017
0 255 0 0 10017
0 255 0 0 10017
0 255 0 0 10017
0 255 0 0 10017
0 255 0 0 10017
0 255 0 0 10017
0 255 0 0 10017
0 255 0 0 10017
0 255 0 0 10017
0 255 0 0 10017
0 255 0 0 10017
0 255 0 0 10017
0 255 0 0 10017
0 255 0 0 10017
0 255 0 0 10017
0 255 0 0 10017
0 255 0 0 10017
0 255 0 0 10017
0 255 0 0 10017
0 255 0 0 10017
0 255 0 0 10017
0 255 0 0 10017
0 255 0 0 10017
0 255 0 0 10017
0 255 0 0 10017
0 255 0 0 10017
0 255 0 0 10017
0 255 0 0 10017
0 255 0 0 10017
0 255 0 0 10017
0 255 0 0 10017
0 255 0 0 10017
0 255 0 0 10017
0 255 0 0 10017
0 255 0 0 10017
0 255 0 0 10017
0 255 0 0 10017
0 255 0 0 10017
0 255 0 0 10017
0 255 0 0 10017
0 255 0 0 10017
0 255 0 0 10017
0 255 0 0 10017
0 255 0 0 10017
0 255 0 0 10017
0 255 0 0 10017
0 255 0 0 10017
0 255 0 0 10017
0 255 0 0 10017
0 255 0 0 10017
0 255 0 0 10017
0 255 0 0 10017
0 255 0 0 10017
0 255 0 0 10017
0 255 0 0 10017
0 255 0 0 10017
0 255 0 0 10017
0 255 0 0 10017
0 255 0 0 10017
0 255 0 0 10017
0 255 0 0 10017
0 255 0 0 10017
0 255 0 0 10017
0 255 0 0 10017
0 255 0 0 10017
0 255 0 0 10017
0 255 0 0 10017
0 255 0 0 10017
0 255 0 0 10017
0 255 0 0 10017
0 255 0 0 10017
0 255 0 0 10017
0 255 0 0 10017
0 255 0 0 10017
0 255 0 0 10017
0 255 0 0 10017
0 255 0 0 10017
0 255 0 0 10017
0 255 0 0 10017
0 255 0 0 10017
0 255 0 0 10017
0 255 0 0 10017
0 255 0 0 10017
0 255 0 0 10017
0 255 0 0 10017
0 255 0 0 10017
0 255 0 0 10017
0 255 0 0 10017
0 255 0 0 10017
0 255 0 0 10017
0 255 0 0 10017
0 255 0 0 10017
0 255 0 0 10017
0 255 0 0 10017
0 255 0 0 10017
0 255 0 0 10017
0 255 0 0 10017
0 255 0 0 10017
0 255 0 0 10017
0 255 0 0 10017
0 255 0 0 10017
0 255 0 0 10017
0 255 0 0 10017
0 255 0 0 10017
0 255 0 0 10017
0 255 0 0 10017
0 255 0 0 10017
0 255 0 0 10017
0 255 0 0 10017
0 255 0 0 10017
0 0 0 0 10017
0 0 0 0 10017
0 0 0 0 10017
0 0 0 0 10017
0 0 0 0 10017
0 0 0 0 10017
0 0 0 0 10017
0 0 0 0 10017
0 0 0 0 10017
0 0 0 0 10017
0 0 0 0 10017
0 0 0 0 10017
0 0 0 0 10017
0 0 0 0 10017
0 0 0 0 10017
0 0 0 0 10017
0 0 0 0 10017
0 0 0 0 10017
0 0 0 0 10017
0 0 0 0 10017
0 0 0 0 10017
0 0 0 0 10017
0 0 0 0 10017
0 0 0 0 10017
0 0 0 0 10017
0 0 0 0 10017
0 0 0 0 10017
0 0 0 0 10017
0 0 0 0 10017
0 0 0 0 10017
0 0 0 0 10017
0 0 0 0 10017
0 0 0 0 10017
0 0 0 0 10017
0 0 0 0 10017
0 0 0 0 10017
0 0 0 0 10017
0 0 0 0 10017
0 0 0 0 10017
0 0 0 0 10017
0 0 0 0 10017
0 0 0 0 10017
0 0 0 0 10017
0 0 0 0 10017
0 0 0 0 10017
0 0 0 0 10017
0 0 0 0 10017
0 0 0 0 10017
0 0 0 0 10017
0 0 0 0 10017
0 0 0 0 10017
0 0 0 0 10017
0 0 0 0 10017
0 0 0 0 10017
0 0 0 0 10017
0 0 0 0 10017
0 0 0 0 10017
0 0 0 0 10017
0 0 0 0 10017
0 0 0 0 10017
0 0 0 0 10017
0 0 0 0 10017
0 0 0 0 10017
0 0 0 0 10017
0 0 0 0 10017
0 0 0 0 10017
0 0 0 0 10017
0 0 0 0 10017
0 0 0 0 10017
0 0 0 0 10017
0 0 0 0 10017
0 0 0 0 10017
0 0 0 0 10017
0 0 0 0 10017
0 0 0 0 10017
0 0 0 0 10017
0 0 0 0 10017
0 0 0 0 10017
0 0 0 0 10017
0 0 0 0 10017
0 0 0 0 10017
0 0 0 0 10017
0 0 0 0 10017
0 0 0 0 10017
0 0 0 0 10017
0 0 0 0 10017
0 0 0 0 10017
0 0 0 0 10017
0 0 0 0 10017
0 0 0 0 10017
0 0 0 0 10017
0 0 0 0 10017
0 0 0 0 10017
0 0 0 0 10017
0 0 0 0 10017
0 0 0 0 10017
0 0 0 0 10017
0 0 0 0 10017
0 0 0 0 10017
0 0 0 0 10017
0 0 0 0 10017
0 0 0 0 10017
0 0 0 0 10017
0 0 0 0 10017
0 0 0 0 10017
0 0 0 0 10017
0 0 0 0 10017
0 0 0 0 10017
0 0 0 0 10017
0 0 0 0 10017
0 0 0 0 10017
0 0 0 0 10017
0 0 0 0 10017
0 0 0 0 10017
0 0 0 0 10017
0 0 0 0 10017
0 0 0 0 10017
0 0 0 0 10017
0 0 0 0 10017
0 0 0 0 10017
0 0 0 0 10017
0 0 0 0 10017
0 0 0 0 10017
0 0 0 0 10017
0 0 0 0 10017
0 0 0 0 10017
0 0 0 0 10017
0 0 0 0 10017
0 0 0 0 10017
0 0 0 0 10017
0 0 0 0 10017
0 0 0 0 10017
0 0 0 0 10017
0 0 0 0 10017
0 0 0 0 10017
0 0 0 0 10017
0 0 0 0 10017
0 0 0 0 10017
0 0 0 0 10017
0 0 0 0 10017
0 0 0 0 10017
0 0 0 0 10017
0 0 0 0 10017
0 0 0 0 10017
0 0 0 0 10017
0 0 0 0 10017
0 0 0 0 10017
0 0 0 0 10017
0 0 0 0 10017
0 0 0 0 10017
0 128 0 0 10017
0 128 0 0 10017
0 128 0 0 10017
0 128 0 0 10017
0 128 0 0 10017
0 128 0 0 10017
0 128 0 0 10017
0 128 0 0 10017
0 128 0 0 10017
0 128 0 0 10017
0 128 0 0 10017
0 128 0 0 10017
0 128 0 0 10017
0 128 0 0 10017
0 128 0 0 10017
0 128 0 0 10017
0 128 0 0 10017
0 128 0 0 10017
0 128 0 0 10017
0 128 0 0 10017
0 128 0 0 10017
0 128 0 0 10017
0 128 0 0 10017
0 128 0 0 10017
0 128 0 0 10017
0 128 0 0 10017
0 128 0 0 10017
0 128 0 0 10017
0 128 0 0 10017
0 128 0 0 10017
0 128 0 0 10017
0 128 0 0 10017
0 128 0 0 10017
0 128 0 0 10017
0 128 0 0 10017
0 128 0 0 10017
0 128 0 0 10017
0 128 0 0 10017
0 128 0 0 10017
0 128 0 0 10017
0 128 0 0 10017
0 128 0 0 10017
0 128 0 0 10017
0 128 0 0 10017
0 128 0 0 10017
0 128 0 0 10017
0 128 0 0 10017
0 128 0 0 10017
0 128 0 0 10017
0 128 0 0 10017
0 128 0 0 10017
0 128 0 0 10017
0 128 0 0 10017
0 128 0 0 10017
0 128 0 0 10017
0 128 0 0 10017
0 128 0 0 10017
0 128 0 0 10017
0 128 0 0 10017
0 128 0 0 10017
0 128 0 0 10017
0 128 0 0 10017
0 128 0 0 10017
0 128 0 0 10017
0 128 0 0 10017
0 128 0 0 10017
0 128 0 0 10017
0 128 0 0 10017
0 128 0 0 10017
0 128 0 0 10017
0 128 0 0 10017
0 128 0 0 10017
0 128 0 0 10017
0 128 0 0 10017
0 128 0 0 10017
0 128 0 0 10017
0 128 0 0 10017
0 128 0 0 10017
0 128 0 0 10017
0 128 0 0 10017
0 128 0 0 10017
0 128 0 0 10017
0 128 0 0 10017
0 128 0 0 10017
0 128 0 0 10017
0 128 0 0 10017
0 128 0 0 10017
0 128 0 0 10017
0 128 0 0 10017
0 128 0 0 10017
0 128 0 0 10017
0 128 0 0 10017
0 128 0 0 10017
0 128 0 0 10017
0 128 0 0 10017
0 128 0 0 10017
0 128 0 0 10017
0 128 0 0 10017
0 128 0 0 10017
0 128 0 0 10017
0 128 0 0 10017
0 128 0 0 10017
0 128 0 0 10017
0 129 0 0 10017
0 130 0 0 10017
0 132 0 0 10017
0 133 0 0 10017
0 135 0 0 10017
0 138 0 0 10017
0 141 0 0 10017
0 144 0 0 10017
0 147 0 0 10017
0 151 0 0 10017
0 154 0 0 10017
0 159 0 0 10017
0 163 0 0 10017
0 168 0 0 10017
0 173 0 0 10017
0 178 0 0 10017
0 184 0 0 10017
0 189 0 0 10017
0 195 0 0 10017
0 201 0 0 10017
0 206 0 0 10017
0 212 0 0 10017
0 218 0 0 10017
0 224 0 0 10017
0 229 0 0 10017
0 234 0 0 10017
0 239 0 0 10017
0 243 0 0 10017
0 247 0 0 10017
0 250 0 0 10017
0 253 0 0 10017
0 255 0 0 10017
0 255 0 0 10017
0 255 0 0 10017
0 254 0 0 10017
0 252 0 0 10017
0 248 0 0 10017
0 243 0 0 10017
0 237 0 0 10017
0 230 0 0 10017
0 221 0 0 10017
0 211 0 0 10017
0 199 0 0 10017
0 187 0 0 10017
0 173 0 0 10017
0 159 0 0 10017
0 143 0 0 10017
0 128 0 0 10017
0 111 0 0 10017
0 95 0 0 10017
0 79 0 0 10017
0 64 0 0 10017
0 49 0 0 10017
0 36 0 0 10017
0 24 0 0 10017
0 14 0 0 10017
0 7 0 0 10017
0 2 0 0 10017
0 0 0 0 10017
0 0 0 0 10017
0 4 0 0 10017
0 11 0 0 10017
0 22 0 0 10017
0 35 0 0 10017
0 51 0 0 10017
0 69 0 0 10017
0 90 0 0 10017
0 111 0 0 10017
0 134 0 0 10017
0 157 0 0 10017
0 179 0 0 10017
0 200 0 0 10017
0 218 0 0 10017
0 233 0 0 10017
0 245 0 0 10017
0 253 0 0 10017
0 255 0 0 10017
0 253 0 0 10017
0 246 0 0 10017
0 233 0 0 10017
0 216 0 0 10017
0 195 0 0 10017
0 171 0 0 10017
0 144 0 0 10017
0 116 0 0 10017
0 89 0 0 10017
0 63 0 0 10017
0 40 0 0 10017
0 21 0 0 10017
0 8 0 0 10017
0 1 0 0 10017
0 0 0 0 10017
0 7 0 0 10017
0 21 0 0 10017
0 41 0 0 10017
0 66 0 0 10017
0 96 0 0 10017
0 127 0 0 10017
0 159 0 0 10017
0 190 0 0 10017
0 216 0 0 10017
0 237 0 0 10017
0 250 0 0 10017
0 255 0 0 10017
0 252 0 0 10017
0 239 0 0 10017
0 217 0 0 10017
0 189 0 0 10017
0 156 0 0 10017
0 120 0 0 10017
0 85 0 0 10017
0 53 0 0 10017
0 26 0 0 10017
0 8 0 0 10017
0 0 0 0 10017
0 3 0 0 10017
0 16 0 0 10017
0 40 0 0 10017
0 72 0 0 10017
0 109 0 0 10017
0 148 0 0 10017
0 186 0 0 10017
0 218 0 0 10017
0 242 0 0 10017
0 254 0 0 10017
0 254 0 0 10017
0 240 0 0 10017
0 215 0 0 10017
0 180 0 0 10017
0 140 0 0 10017
0 97 0 0 10017
0 58 0 0 10017
0 26 0 0 10017
0 6 0 0 10017
0 0 0 0 10017
0 8 0 0 10017
0 31 0 0 10017
0 66 0 0 10017
0 108 0 0 10017
0 154 0 0 10017
0 196 0 0 10017
0 230 0 0 10017
0 250 0 0 10017
0 255 0 0 10017
0 243 0 0 10017
0 215 0 0 10017
0 174 0 0 10017
0 128 0 0 10017
0 80 0 0 10017
0 39 0 0 10017
0 11 0 0 10017
0 0 0 0 10017
0 7 0 0 10017
0 33 0 0 10017
0 73 0 0 10017
0 122 0 0 10017
0 172 0 0 10017
0 215 0 0 10017
0 245 0 0 10017
0 255 0 0 10017
0 245 0 0 10017
0 216 0 0 10017
0 171 0 0 10017
0 118 0 0 10017
0 67 0 0 10017
0 26 0 0 10017
0 3 0 0 10017
0 2 0 0 10017
0 23 0 0 10017
0 64 0 0 10017
0 116 0 0 10017
0 171 0 0 10017
0 218 0 0 10017
0 248 0 0 10017
0 255 0 0 10017
0 237 0 0 10017
0 197 0 0 10017
0 144 0 0 10017
0 86 0 0 10017
0 37 0 0 10017
0 6 0 0 10017
0 1 0 0 10017
0 22 0 0 10017
0 65 0 0 10017
0 123 0 0 10017
0 181 0 0 10017
0 228 0 0 10017
0 253 0 0 10017
0 250 0 0 10017
0 219 0 0 10017
0 167 0 0 10017
0 106 0 0 10017
0 49 0 0 10017
0 11 0 0 10017
0 0 0 0 10017
0 20 0 0 10017
0 66 0 0 10017
0 127 0 0 10017
0 189 0 0 10017
0 236 0 0 10017
0 255 0 0 10017
0 242 0 0 10017
0 199 0 0 10017
0 138 0 0 10017
0 73 0 0 10017
0 23 0 0 10017
0 0 0 0 10017
0 12 0 0 10017
0 55 0 0 10017
0 118 0 0 10017
0 185 0 0 10017
0 235 0 0 10017
0 255 0 0 10017
0 239 0 0 10017
0 191 0 0 10017
0 124 0 0 10017
0 57 0 0 10017
0 12 0 0 10017
0 0 0 0 10017
0 27 0 0 10017
0 85 0 0 10017
0 156 0 0 10017
0 218 0 0 10017
0 252 0 0 10017
0 248 0 0 10017
0 205 0 0 10017
0 137 0 0 10017
0 66 0 0 10017
0 14 0 0 10017
0 0 0 0 10017
0 28 0 0 10017
0 89 0 0 10017
0 163 0 0 10017
0 226 0 0 10017
0 255 0 0 10017
0 240 0 0 10017
0 186 0 0 10017
0 111 0 0 10017
0 42 0 0 10017
0 3 0 0 10017
0 8 0 0 10017
0 57 0 0 10017
0 132 0 0 10017
0 205 0 0 10017
0 250 0 0 10017
0 249 0 0 10017
0 203 0 0 10017
0 127 0 0 10017
0 52 0 0 10017
0 6 0 0 10017
0 6 0 0 10017
0 54 0 0 10017
0 132 0 0 10017
0 207 0 0 10017
0 251 0 0 10017
0 246 0 0 10017
0 192 0 0 10017
0 111 0 0 10017
0 37 0 0 10017
0 1 0 0 10017
0 17 0 0 10017
0 80 0 0 10017
0 163 0 0 10017
0 232 0 0 10017
0 255 0 0 10017
0 224 0 0 10017
0 150 0 0 10017
0 66 0 0 10017
0 9 0 0 10017
0 5 0 0 10017
0 56 0 0 10017
0 140 0 0 10017
0 218 0 0 10017
0 255 0 0 10017
0 233 0 0 10017
0 162 0 0 10017
0 74 0 0 10017
0 12 0 0 10017
0 4 0 0 10017
0 55 0 0 10017
0 142 0 0 10017
0 221 0 0 10017
0 255 0 0 10017
0 227 0 0 10017
0 148 0 0 10017
0 60 0 0 10017
0 5 0 0 10017
0 12 0 0 10017
0 78 0 0 10017
0 169 0 0 10017
0 240 0 0 10017
0 252 0 0 10017
0 199 0 0 10017
0 109 0 0 10017
0 28 0 0 10017
0 0 0 0 10017
0 40 0 0 10017
0 127 0 0 10017
0 215 0 0 10017
0 255 0 0 10017
0 225 0 0 10017
0 141 0 0 10017
0 49 0 0 10017
0 1 0 0 10017
0 24 0 0 10017
0 106 0 0 10017
0 200 0 0 10017
0 253 0 0 10017
0 234 0 0 10017
0 152 0 0 10017
0 56 0 0 10017
0 2 0 0 10017
0 22 0 0 10017
0 104 0 0 10017
0 201 0 0 10017
0 254 0 0 10017
0 230 0 0 10017
0 144 0 0 10017
0 47 0 0 10017
0 0 0 0 10017
0 32 0 0 10017
0 124 0 0 10017
0 218 0 0 10017
0 255 0 0 10017
0 212 0 0 10017
0 114 0 0 10017
0 25 0 0 10017
0 2 0 0 10017
0 60 0 0 10017
0 163 0 0 10017
0 243 0 0 10017
0 246 0 0 10017
0 171 0 0 10017
0 66 0 0 10017
0 3 0 0 10017
0 23 0 0 10017
0 115 0 0 10017
0 215 0 0 10017
0 255 0 0 10017
0 207 0 0 10017
0 104 0 0 10017
0 16 0 0 10017
0 7 0 0 10017
0 83 0 0 10017
0 190 0 0 10017
0 253 0 0 10017
0 226 0 0 10017
0 128 0 0 10017
0 29 0 0 10017
0 2 0 0 10017
0 67 0 0 10017
0 177 0 0 10017
0 250 0 0 10017
0 232 0 0 10017
0 136 0 0 10017
0 33 0 0 10017
0 1 0 0 10017
0 66 0 0 10017
0 178 0 0 10017
0 251 0 0 10017
0 229 0 0 10017
0 128 0 0 10017
0 26 0 0 10017
0 4 0 0 10017
0 79 0 0 10017
0 193 0 0 10017
0 255 0 0 10017
0 215 0 0 10017
0 105 0 0 10017
0 13 0 0 10017
0 14 0 0 10017
0 108 0 0 10017
0 218 0 0 10017
0 254 0 0 10017
0 185 0 0 10017
0 68 0 0 10017
0 1 0 0 10017
0 40 0 0 10017
0 153 0 0 10017
0 245 0 0 10017
0 237 0 0 10017
0 135 0 0 10017
0 26 0 0 10017
0 6 0 0 10017
0 91 0 0 10017
0 208 0 0 10017
0 255 0 0 10017
0 189 0 0 10017
0 69 0 0 10017
0 0 0 0 10017
0 46 0 0 10017
0 165 0 0 10017
0 250 0 0 10017
0 224 0 0 10017
0 110 0 0 10017
0 11 0 0 10017
0 20 0 0 10017
0 128 0 0 10017
0 128 0 0 10017
0 128 0 0 10017
0 128 0 0 10017
0 128 0 0 10017
0 128 0 0 10017
0 128 0 0 10017
0 128 0 0 10017
0 128 0 0 10017
0 128 0 0 10017
0 128 0 0 10017
0 128 0 0 10017
0 128 0 0 10017
0 128 0 0 10017
0 128 0 0 10017
0 128 0 0 10017
0 128 0 0 10017
0 128 0 0 10017
0 128 0 0 10017
0 128 0 0 10017
0 128 0 0 10017
0 128 0 0 10017
0 128 0 0 10017
0 128 0 0 10017
0 128 0 0 10017
0 128 0 0 10017
0 128 0 0 10017
0 128 0 0 10017
0 128 0 0 10017
0 128 0 0 10017
0 128 0 0 10017
0 128 0 0 10017
0 128 0 0 10017
0 128 0 0 10017
0 128 0 0 10017
0 128 0 0 10017
0 128 0 0 10017
0 128 0 0 10017
0 128 0 0 10017
0 128 0 0 10017
0 128 0 0 10017
0 128 0 0 10017
0 128 0 0 10017
0 128 0 0 10017
0 128 0 0 10017
0 128 0 0 10017
0 128 0 0 10017
0 128 0 0 10017
0 128 0 0 10017
0 128 0 0 10017
0 128 0 0 10017
0 128 0 0 10017
0 128 0 0 10017
0 128 0 0 10017
0 128 0 0 10017
0 128 0 0 10017
0 128 0 0 10017
0 128 0 0 10017
0 128 0 0 10017
0 128 0 0 10017
0 128 0 0 10017
0 128 0 0 10017
0 128 0 0 10017
0 128 0 0 10017
0 128 0 0 10017
0 128 0 0 10017
0 128 0 0 10017
0 128 0 0 10017
0 128 0 0 10017
0 128 0 0 10017
0 128 0 0 10017
0 128 0 0 10017
0 128 0 0 10017
0 128 0 0 10017
0 128 0 0 10017
0 128 0 0 10017
0 128 0 0 10017
0 128 0 0 10017
0 128 0 0 10017
0 128 0 0 10017
0 128 0 0 10017
0 128 0 0 10017
0 128 0 0 10017
0 128 0 0 10017
0 128 0 0 10017
0 128 0 0 10017
0 128 0 0 10017
0 128 0 0 10017
0 128 0 0 10017
0 128 0 0 10017
0 128 0 0 10017
0 128 0 0 10017
0 128 0 0 10017
0 128 0 0 10017
0 128 0 0 10017
0 128 0 0 10017
0 128 0 0 10017
0 128 0 0 10017
0 128 0 0 10017
0 128 0 0 10017
0 128 0 0 10017
0 128 0 0 10017
0 128 0 0 10017
0 128 0 0 10017
0 129 0 0 10017
0 129 0 0 10017
0 129 0 0 10017
0 130 0 0 10017
0 130 0 0 10017
0 130 0 0 10017
0 129 0 0 10017
0 129 0 0 10017
0 128 0 0 10017
0 127 0 0 10017
0 126 0 0 10017
0 125 0 0 10017
0 124 0 0 10017
0 123 0 0 10017
0 122 0 0 10017
0 121 0 0 10017
0 121 0 0 10017
0 122 0 0 10017
0 123 0 0 10017
0 124 0 0 10017
0 126 0 0 10017
0 128 0 0 10017
0 130 0 0 10017
0 132 0 0 10017
0 134 0 0 10017
0 135 0 0 10017
0 137 0 0 10017
0 137 0 0 10017
0 138 0 0 10017
0 137 0 0 10017
0 136 0 0 10017
0 134 0 0 10017
0 132 0 0 10017
0 129 0 0 10017
0 126 0 0 10017
0 123 0 0 10017
0 120 0 0 10017
0 117 0 0 10017
0 115 0 0 10017
0 114 0 0 10017
0 113 0 0 10017
0 114 0 0 10017
0 115 0 0 10017
0 117 0 0 10017
0 120 0 0 10017
0 124 0 0 10017
0 127 0 0 10017
0 132 0 0 10017
0 136 0 0 10017
0 139 0 0 10017
0 142 0 0 10017
0 144 0 0 10017
0 145 0 0 10017
0 145 0 0 10017
0 144 0 0 10017
0 142 0 0 10017
0 139 0 0 10017
0 135 0 0 10017
0 130 0 0 10017
0 125 0 0 10017
0 120 0 0 10017
0 115 0 0 10017
0 111 0 0 10017
0 108 0 0 10017
0 106 0 0 10017
0 105 0 0 10017
0 106 0 0 10017
0 108 0 0 10017
0 112 0 0 10017
0 116 0 0 10017
0 122 0 0 10017
0 127 0 0 10017
0 134 0 0 10017
0 139 0 0 10017
0 145 0 0 10017
0 149 0 0 10017
0 152 0 0 10017
0 153 0 0 10017
0 153 0 0 10017
0 152 0 0 10017
0 148 0 0 10017
0 143 0 0 10017
0 138 0 0 10017
0 131 0 0 10017
0 124 0 0 10017
0 117 0 0 10017
0 111 0 0 10017
0 105 0 0 10017
0 101 0 0 10017
0 98 0 0 10017
0 97 0 0 10017
0 99 0 0 10017
0 102 0 0 10017
0 106 0 0 10017
0 112 0 0 10017
0 120 0 0 10017
0 127 0 0 10017
0 136 0 0 10017
0 143 0 0 10017
0 150 0 0 10017
0 156 0 0 10017
0 159 0 0 10017
0 161 0 0 10017
0 161 0 0 10017
0 159 0 0 10017
0 154 0 0 10017
0 148 0 0 10017
0 141 0 0 10017
0 132 0 0 10017
0 123 0 0 10017
0 114 0 0 10017
0 106 0 0 10017
0 99 0 0 10017
0 94 0 0 10017
0 90 0 0 10017
0 89 0 0 10017
0 91 0 0 10017
0 95 0 0 10017
0 101 0 0 10017
0 109 0 0 10017
0 118 0 0 10017
0 127 0 0 10017
0 138 0 0 10017
0 147 0 0 10017
0 156 0 0 10017
0 162 0 0 10017
0 167 0 0 10017
0 169 0 0 10017
0 169 0 0 10017
0 166 0 0 10017
0 161 0 0 10017
0 153 0 0 10017
0 144 0 0 10017
0 133 0 0 10017
0 122 0 0 10017
0 111 0 0 10017
0 101 0 0 10017
0 93 0 0 10017
0 86 0 0 10017
0 83 0 0 10017
0 82 0 0 10017
0 83 0 0 10017
0 88 0 0 10017
0 95 0 0 10017
0 105 0 0 10017
0 116 0 0 10017
0 127 0 0 10017
0 140 0 0 10017
0 151 0 0 10017
0 161 0 0 10017
0 169 0 0 10017
0 175 0 0 10017
0 177 0 0 10017
0 177 0 0 10017
0 173 0 0 10017
0 167 0 0 10017
0 158 0 0 10017
0 146 0 0 10017
0 134 0 0 10017
0 121 0 0 10017
0 108 0 0 10017
0 96 0 0 10017
0 87 0 0 10017
0 79 0 0 10017
0 75 0 0 10017
0 74 0 0 10017
0 76 0 0 10017
0 81 0 0 10017
0 90 0 0 10017
0 101 0 0 10017
0 114 0 0 10017
0 127 0 0 10017
0 142 0 0 10017
0 155 0 0 10017
0 166 0 0 10017
0 176 0 0 10017
0 182 0 0 10017
0 185 0 0 10017
0 185 0 0 10017
0 180 0 0 10017
0 173 0 0 10017
0 162 0 0 10017
0 149 0 0 10017
0 135 0 0 10017
0 120 0 0 10017
0 105 0 0 10017
0 92 0 0 10017
0 80 0 0 10017
0 72 0 0 10017
0 67 0 0 10017
0 66 0 0 10017
0 68 0 0 10017
0 75 0 0 10017
0 84 0 0 10017
0 97 0 0 10017
0 112 0 0 10017
0 127 0 0 10017
0 143 0 0 10017
0 159 0 0 10017
0 172 0 0 10017
0 183 0 0 10017
0 190 0 0 10017
0 193 0 0 10017
0 193 0 0 10017
0 188 0 0 10017
0 179 0 0 10017
0 167 0 0 10017
0 152 0 0 10017
0 136 0 0 10017
0 119 0 0 10017
0 102 0 0 10017
0 87 0 0 10017
0 74 0 0 10017
0 65 0 0 10017
0 59 0 0 10017
0 58 0 0 10017
0 61 0 0 10017
0 68 0 0 10017
0 79 0 0 10017
0 93 0 0 10017
0 110 0 0 10017
0 127 0 0 10017
0 145 0 0 10017
0 162 0 0 10017
0 177 0 0 10017
0 189 0 0 10017
0 197 0 0 10017
0 201 0 0 10017
0 200 0 0 10017
0 195 0 0 10017
0 185 0 0 10017
0 172 0 0 10017
0 155 0 0 10017
0 137 0 0 10017
0 118 0 0 10017
0 99 0 0 10017
0 82 0 0 10017
0 68 0 0 10017
0 57 0 0 10017
0 51 0 0 10017
0 50 0 0 10017
0 53 0 0 10017
0 61 0 0 10017
0 73 0 0 10017
0 89 0 0 10017
0 108 0 0 10017
0 127 0 0 10017
0 147 0 0 10017
0 166 0 0 10017
0 183 0 0 10017
0 196 0 0 10017
0 205 0 0 10017
0 209 0 0 10017
0 208 0 0 10017
0 202 0 0 10017
0 191 0 0 10017
0 176 0 0 10017
0 158 0 0 10017
0 138 0 0 10017
0 117 0 0 10017
0 96 0 0 10017
0 78 0 0 10017
0 62 0 0 10017
0 50 0 0 10017
0 43 0 0 10017
0 42 0 0 10017
0 45 0 0 10017
0 54 0 0 10017
0 68 0 0 10017
0 85 0 0 10017
0 106 0 0 10017
0 127 0 0 10017
0 149 0 0 10017
0 170 0 0 10017
0 188 0 0 10017
0 203 0 0 10017
0 213 0 0 10017
0 217 0 0 10017
0 216 0 0 10017
0 209 0 0 10017
0 198 0 0 10017
0 181 0 0 10017
0 161 0 0 10017
0 139 0 0 10017
0 116 0 0 10017
0 93 0 0 10017
0 73 0 0 10017
0 56 0 0 10017
0 43 0 0 10017
0 35 0 0 10017
0 34 0 0 10017
0 38 0 0 10017
0 48 0 0 10017
0 62 0 0 10017
0 82 0 0 10017
0 104 0 0 10017
0 127 0 0 10017
0 151 0 0 10017
0 174 0 0 10017
0 194 0 0 10017
0 210 0 0 10017
0 220 0 0 10017
0 225 0 0 10017
0 224 0 0 10017
0 217 0 0 10017
0 204 0 0 10017
0 186 0 0 10017
0 164 0 0 10017
0 140 0 0 10017
0 115 0 0 10017
0 91 0 0 10017
0 68 0 0 10017
0 50 0 0 10017
0 36 0 0 10017
0 28 0 0 10017
0 26 0 0 10017
0 30 0 0 10017
0 41 0 0 10017
0 57 0 0 10017
0 78 0 0 10017
0 102 0 0 10017
0 128 0 0 10017
0 153 0 0 10017
0 178 0 0 10017
0 199 0 0 10017
0 216 0 0 10017
0 228 0 0 10017
0 233 0 0 10017
0 232 0 0 10017
0 224 0 0 10017
0 210 0 0 10017
0 191 0 0 10017
0 167 0 0 10017
0 141 0 0 10017
0 114 0 0 10017
0 88 0 0 10017
0 64 0 0 10017
0 43 0 0 10017
0 28 0 0 10017
0 20 0 0 10017
0 18 0 0 10017
0 23 0 0 10017
0 34 0 0 10017
0 51 0 0 10017
0 74 0 0 10017
0 100 0 0 10017
0 127 0 0 10017
0 155 0 0 10017
0 182 0 0 10017
0 205 0 0 10017
0 223 0 0 10017
0 236 0 0 10017
0 241 0 0 10017
0 240 0 0 10017
0 231 0 0 10017
0 216 0 0 10017
0 195 0 0 10017
0 170 0 0 10017
0 142 0 0 10017
0 113 0 0 10017
0 85 0 0 10017
0 59 0 0 10017
0 37 0 0 10017
0 21 0 0 10017
0 12 0 0 10017
0 10 0 0 10017
0 15 0 0 10017
0 27 0 0 10017
0 46 0 0 10017
0 70 0 0 10017
0 98 0 0 10017
0 127 0 0 10017
0 157 0 0 10017
0 186 0 0 10017
0 210 0 0 10017
0 230 0 0 10017
0 243 0 0 10017
0 249 0 0 10017
0 248 0 0 10017
0 238 0 0 10017
0 222 0 0 10017
0 200 0 0 10017
0 173 0 0 10017
0 143 0 0 10017
0 112 0 0 10017
0 82 0 0 10017
0 54 0 0 10017
0 31 0 0 10017
0 14 0 0 10017
0 4 0 0 10017
0 2 0 0 10017
0 7 0 0 10017
0 21 0 0 10017
0 41 0 0 10017
0 66 0 0 10017
0 96 0 0 10017
0 128 0 0 10017
0 128 0 0 10017
0 128 0 0 10017
0 128 0 0 10017
0 128 0 0 10017
0 128 0 0 10017
0 128 0 0 10017
0 128 0 0 10017
0 128 0 0 10017
0 128 0 0 10017
0 128 0 0 10017
0 128 0 0 10017
0 128 0 0 10017
0 128 0 0 10017
0 128 0 0 10017
0 128 0 0 10017
0 128 0 0 10017
0 128 0 0 10017
0 128 0 0 10017
0 128 0 0 10017
0 128 0 0 10017
0 128 0 0 10017
0 128 0 0 10017
0 128 0 0 10017
0 128 0 0 10017
0 128 0 0 10017
0 128 0 0 10017
0 128 0 0 10017
0 128 0 0 10017
0 128 0 0 10017
0 128 0 0 10017
0 128 0 0 10017
0 128 0 0 10017
0 128 0 0 10017
0 128 0 0 10017
0 128 0 0 10017
0 128 0 0 10017
0 128 0 0 10017
0 128 0 0 10017
0 128 0 0 10017
0 128 0 0 10017
0 128 0 0 10017
0 128 0 0 10017
0 128 0 0 10017
0 128 0 0 10017
0 128 0 0 10017
0 128 0 0 10017
0 128 0 0 10017
0 128 0 0 10017
0 128 0 0 10017
0 128 0 0 10017
0 128 0 0 10017
0 128 0 0 10017
0 128 0 0 10017
0 128 0 0 10017
0 128 0 0 10017
0 128 0 0 10017
0 128 0 0 10017
0 128 0 0 10017
0 128 0 0 10017
0 128 0 0 10017
0 128 0 0 10017
0 128 0 0 10017
0 128 0 0 10017
0 128 0 0 10017
0 128 0 0 10017
0 128 0 0 10017
0 128 0 0 10017
0 128 0 0 10017
0 128 0 0 10017
0 128 0 0 10017
0 128 0 0 10017
0 128 0 0 10017
0 128 0 0 10017
0 128 0 0 10017
0 128 0 0 10017
0 128 0 0 10017
0 128 0 0 10017
0 128 0 0 10017
0 128 0 0 10017
0 128 0 0 10017
0 128 0 0 10017
0 128 0 0 10017
0 128 0 0 10017
0 128 0 0 10017
0 128 0 0 10017
0 128 0 0 10017
0 128 0 0 10017
0 128 0 0 10017
0 128 0 0 10017
0 128 0 0 10017
0 128 0 0 10017
0 128 0 0 10017
0 128 0 0 10017
0 128 0 0 10017
0 128 0 0 10017
0 128 0 0 10017
0 128 0 0 10017
0 128 0 0 10017
0 128 0 0 10017
0 0 0 0 10017
0 0 0 0 10018
0 0 0 0 10018
0 0 0 0 10018
0 0 0 0 10018
0 0 0 0 10018
0 0 0 0 10018
0 0 0 0 10018
0 0 0 0 10018
0 0 0 0 10018
0 0 0 0 10018
0 0 0 0 10018
0 0 0 0 10018
0 0 0 0 10018
0 0 0 0 10018
0 0 0 0 10018
0 0 0 0 10018
0 0 0 0 10018
0 0 0 0 10018
0 0 0 0 10018
0 0 0 0 10018
0 0 0 0 10018
0 0 0 0 10018
0 0 0 0 10018
0 0 0 0 10018
0 0 0 0 10018
0 0 0 0 10018
0 0 0 0 10018
0 0 0 0 10018
0 0 0 0 10018
0 0 0 0 10018
0 0 0 0 10018
0 0 0 0 10018
0 0 0 0 10018
0 0 0 0 10018
0 0 0 0 10018
0 0 0 0 10018
0 0 0 0 10018
0 0 0 0 10018
0 0 0 0 10018
0 0 0 0 10018
0 0 0 0 10018
0 0 0 0 10018
0 0 0 0 10018
0 0 0 0 10018
0 0 0 0 10018
0 0 0 0 10018
0 0 0 0 10018
0 0 0 0 10018
0 0 0 0 10018
0 0 0 0 10018
0 0 0 0 10018
0 0 0 0 10018
0 0 0 0 10018
0 0 0 0 10018
0 0 0 0 10018
0 0 0 0 10018
0 0 0 0 10018
0 0 0 0 10018
0 0 0 0 10018
0 0 0 0 10018
0 0 0 0 10018
0 0 0 0 10018
0 0 0 0 10018
0 0 0 0 10018
0 0 0 0 10018
0 0 0 0 10018
0 0 0 0 10018
0 0 0 0 10018
0 0 0 0 10018
0 0 0 0 10018
0 0 0 0 10018
0 0 0 0 10018
0 0 0 0 10018
0 0 0 0 10018
0 0 0 0 10018
0 0 0 0 10018
0 0 0 0 10018
0 0 0 0 10018
0 0 0 0 10018
0 0 0 0 10018
0 0 0 0 10018
0 0 0 0 10018
0 0 0 0 10018
0 0 0 0 10018
0 0 0 0 10018
0 0 0 0 10018
0 0 0 0 10018
0 0 0 0 10018
0 0 0 0 10018
0 0 0 0 10018
0 0 0 0 10018
0 0 0 0 10018
0 0 0 0 10018
0 0 0 0 10018
0 0 0 0 10018
0 0 0 0 10018
0 0 0 0 10018
0 0 0 0 10018
0 0 0 0 10018
0 0 0 0 10018
0 0 0 0 10018
0 0 0 0 10018
0 0 0 0 10018
0 0 0 0 10018
0 0 0 0 10018
0 0 0 0 10018
0 0 0 0 10018
0 0 0 0 10018
0 0 0 0 10018
0 0 0 0 10018
0 0 0 0 10018
0 0 0 0 10018
0 0 0 0 10018
0 0 0 0 10018
0 0 0 0 10018
0 0 0 0 10018
0 0 0 0 10018
0 0 0 0 10018
0 0 0 0 10018
0 0 0 0 10018
0 0 0 0 10018
0 0 0 0 10018
0 0 0 0 10018
0 0 0 0 10018
0 0 0 0 10018
0 0 0 0 10018
0 0 0 0 10018
0 0 0 0 10018
0 0 0 0 10018
0 0 0 0 10018
0 0 0 0 10018
0 0 0 0 10018
0 0 0 0 10018
0 0 0 0 10018
0 0 0 0 10018
0 0 0 0 10018
0 0 0 0 10018
0 0 0 0 10018
0 0 0 0 10018
0 0 0 0 10018
0 0 0 0 10018
0 0 0 0 10018
0 0 0 0 10018
0 0 0 0 10018
0 0 0 0 10018
0 0 0 0 10018
0 0 0 0 10018
0 0 0 0 10018
0 0 0 0 10018
0 0 0 0 10018
0 0 0 0 10018
0 0 0 0 10018
0 0 0 0 10018
0 0 0 0 10018
0 0 0 0 10018
0 0 0 0 10018
0 0 0 0 10018
0 0 0 0 10018
0 0 0 0 10018
0 0 0 0 10018
0 0 0 0 10018
0 0 0 0 10018
0 0 0 0 10018
0 0 0 0 10018
0 0 0 0 10018
0 0 0 0 10018
0 0 0 0 10018
0 0 0 0 10018
0 0 0 0 10018
0 0 0 0 10018
0 0 0 0 10018
0 0 0 0 10018
0 0 0 0 10018
0 0 0 0 10018
0 0 0 0 10018
0 0 0 0 10018
0 0 0 0 10018
0 0 0 0 10018
0 0 0 0 10018
0 0 0 0 10018
0 0 0 0 10018
0 0 0 0 10018
0 0 0 0 10018
0 0 0 0 10018
0 0 0 0 10018
0 0 0 0 10018
0 0 0 0 10018
0 0 0 0 10018
0 0 0 0 10018
0 0 0 0 10018
0 0 0 0 10018
0 0 0 0 10018
0 0 0 0 10018
0 0 0 0 10018
0 0 0 0 10018
0 0 0 0 10018
0 0 0 0 10018
0 0 0 0 10018
0 0 0 0 10018
0 255 0 0 10018
0 255 0 0 10018
0 255 0 0 10018
0 255 0 0 10018
0 255 0 0 10018
0 255 0 0 10018
0 255 0 0 10018
0 255 0 0 10018
0 255 0 0 10018
0 255 0 0 10018
0 255 0 0 10018
0 255 0 0 10018
0 255 0 0 10018
0 255 0 0 10018
0 255 0 0 10018
0 255 0 0 10018
0 255 0 0 10018
0 255 0 0 10018
0 255 0 0 10018
0 255 0 0 10018
0 255 0 0 10018
0 255 0 0 10018
0 255 0 0 10018
0 255 0 0 10018
0 255 0 0 10018
0 255 0 0 10018
0 255 0 0 10018
0 255 0 0 10018
0 255 0 0 10018
0 255 0 0 10018
0 255 0 0 10018
0 255 0 0 10018
0 255 0 0 10018
0 255 0 0 10018
0 255 0 0 10018
0 255 0 0 10018
0 255 0 0 10018
0 255 0 0 10018
0 255 0 0 10018
0 255 0 0 10018
0 255 0 0 10018
0 255 0 0 10018
0 255 0 0 10018
0 255 0 0 10018
0 255 0 0 10018
0 255 0 0 10018
0 255 0 0 10018
0 255 0 0 10018
0 255 0 0 10018
0 255 0 0 10018
0 255 0 0 10018
0 255 0 0 10018
0 255 0 0 10018
0 255 0 0 10018
0 255 0 0 10018
0 255 0 0 10018
0 255 0 0 10018
0 255 0 0 10018
0 255 0 0 10018
0 255 0 0 10018
0 255 0 0 10018
0 255 0 0 10018
0 255 0 0 10018
0 255 0 0 10018
0 255 0 0 10018
0 255 0 0 10018
0 255 0 0 10018
0 255 0 0 10018
0 255 0 0 10018
0 255 0 0 10018
0 255 0 0 10018
0 255 0 0 10018
0 255 0 0 10018
0 255 0 0 10018
0 255 0 0 10018
0 255 0 0 10018
0 255 0 0 10018
0 255 0 0 10018
0 255 0 0 10018
0 255 0 0 10018
0 255 0 0 10018
0 255 0 0 10018
0 255 0 0 10018
0 255 0 0 10018
0 255 0 0 10018
0 255 0 0 10018
0 255 0 0 10018
0 255 0 0 10018
0 255 0 0 10018
0 255 0 0 10018
0 255 0 0 10018
0 255 0 0 10018
0 255 0 0 10018
0 255 0 0 10018
0 255 0 0 10018
0 255 0 0 10018
0 255 0 0 10018
0 255 0 0 10018
0 255 0 0 10018
0 255 0 0 10018
0 255 0 0 10018
0 255 0 0 10018
0 255 0 0 10018
0 255 0 0 10018
0 255 0 0 10018
0 255 0 0 10018
0 255 0 0 10018
0 255 0 0 10018
0 255 0 0 10018
0 255 0 0 10018
0 255 0 0 10018
0 255 0 0 10018
0 255 0 0 10018
0 255 0 0 10018
0 255 0 0 10018
0 255 0 0 10018
0 255 0 0 10018
0 255 0 0 10018
0 255 0 0 10018
0 255 0 0 10018
0 255 0 0 10018
0 255 0 0 10018
0 255 0 0 10018
0 255 0 0 10018
0 255 0 0 10018
0 255 0 0 10018
0 255 0 0 10018
0 255 0 0 10018
0 255 0 0 10018
0 255 0 0 10018
0 255 0 0 10018
0 255 0 0 10018
0 255 0 0 10018
0 255 0 0 10018
0 255 0 0 10018
0 255 0 0 10018
0 255 0 0 10018
0 255 0 0 10018
0 255 0 0 10018
0 255 0 0 10018
0 255 0 0 10018
0 255 0 0 10018
0 255 0 0 10018
0 255 0 0 10018
0 255 0 0 10018
0 255 0 0 10018
0 255 0 0 10018
0 255 0 0 10018
0 255 0 0 10018
0 255 0 0 10018
0 0 0 0 10018
0 0 0 0 10018
0 0 0 0 10018
0 0 0 0 10018
0 0 0 0 10018
0 0 0 0 10018
0 0 0 0 10018
0 0 0 0 10018
0 0 0 0 10018
0 0 0 0 10018
0 0 0 0 10018
0 0 0 0 10018
0 0 0 0 10018
0 0 0 0 10018
0 0 0 0 10018
0 0 0 0 10018
0 0 0 0 10018
0 0 0 0 10018
0 0 0 0 10018
0 0 0 0 10018
0 0 0 0 10018
0 0 0 0 10018
0 0 0 0 10018
0 0 0 0 10018
0 0 0 0 10018
0 0 0 0 10018
0 0 0 0 10018
0 0 0 0 10018
0 0 0 0 10018
0 0 0 0 10018
0 0 0 0 10018
0 0 0 0 10018
0 0 0 0 10018
0 0 0 0 10018
0 0 0 0 10018
0 0 0 0 10018
0 0 0 0 10018
0 0 0 0 10018
0 0 0 0 10018
0 0 0 0 10018
0 0 0 0 10018
0 0 0 0 10018
0 0 0 0 10018
0 0 0 0 10018
0 0 0 0 10018
0 0 0 0 10018
0 0 0 0 10018
0 0 0 0 10018
0 0 0 0 10018
0 0 0 0 10018
0 0 0 0 10018
0 0 0 0 10018
0 0 0 0 10018
0 0 0 0 10018
0 0 0 0 10018
0 0 0 0 10018
0 0 0 0 10018
0 0 0 0 10018
0 0 0 0 10018
0 0 0 0 10018
0 0 0 0 10018
0 0 0 0 10018
0 0 0 0 10018
0 0 0 0 10018
0 0 0 0 10018
0 0 0 0 10018
0 0 0 0 10018
0 0 0 0 10018
0 0 0 0 10018
0 0 0 0 10018
0 0 0 0 10018
0 0 0 0 10018
0 0 0 0 10018
0 0 0 0 10018
0 0 0 0 10018
0 0 0 0 10018
0 0 0 0 10018
0 0 0 0 10018
0 0 0 0 10018
0 0 0 0 10018
0 0 0 0 10018
0 0 0 0 10018
0 0 0 0 10018
0 0 0 0 10018
0 0 0 0 10018
0 0 0 0 10018
0 0 0 0 10018
0 0 0 0 10018
0 0 0 0 10018
0 0 0 0 10018
0 0 0 0 10018
0 0 0 0 10018
0 0 0 0 10018
0 0 0 0 10018
0 0 0 0 10018
0 0 0 0 10018
0 0 0 0 10018
0 0 0 0 10018
0 0 0 0 10018
0 0 0 0 10018
0 0 0 0 10018
0 0 0 0 10018
0 0 0 0 10018
0 0 0 0 10018
0 0 0 0 10018
0 0 0 0 10018
0 0 0 0 10018
0 0 0 0 10018
0 0 0 0 10018
0 0 0 0 10018
0 0 0 0 10018
0 0 0 0 10018
0 0 0 0 10018
0 0 0 0 10018
0 0 0 0 10018
0 0 0 0 10018
0 0 0 0 10018
0 0 0 0 10018
0 0 0 0 10018
0 0 0 0 10018
0 0 0 0 10018
0 0 0 0 10018
0 0 0 0 10018
0 0 0 0 10018
0 0 0 0 10018
0 0 0 0 10018
0 0 0 0 10018
0 0 0 0 10018
0 0 0 0 10018
0 0 0 0 10018
0 0 0 0 10018
0 0 0 0 10018
0 0 0 0 10018
0 0 0 0 10018
0 0 0 0 10018
0 0 0 0 10018
0 0 0 0 10018
0 0 0 0 10018
0 0 0 0 10018
0 0 0 0 10018
0 0 0 0 10018
0 0 0 0 10018
0 0 0 0 10018
0 0 0 0 10018
0 0 0 0 10018
0 0 0 0 10018
0 0 0 0 10018
0 0 0 0 10018
0 0 0 0 10018
0 0 0 0 10018
0 128 0 0 10018
0 128 0 0 10018
0 128 0 0 10018
0 128 0 0 10018
0 128 0 0 10018
0 128 0 0 10018
0 128 0 0 10018
0 128 0 0 10018
0 128 0 0 10018
0 128 0 0 10018
0 128 0 0 10018
0 128 0 0 10018
0 128 0 0 10018
0 128 0 0 10018
0 128 0 0 10018
0 128 0 0 10018
0 128 0 0 10018
0 128 0 0 10018
0 128 0 0 10018
0 128 0 0 10018
0 128 0 0 10018
0 128 0 0 10018
0 128 0 0 10018
0 128 0 0 10018
0 128 0 0 10018
0 128 0 0 10018
0 128 0 0 10018
0 128 0 0 10018
0 128 0 0 10018
0 128 0 0 10018
0 128 0 0 10018
0 128 0 0 10018
0 128 0 0 10018
0 128 0 0 10018
0 128 0 0 10018
0 128 0 0 10018
0 128 0 0 10018
0 128 0 0 10018
0 128 0 0 10018
0 128 0 0 10018
0 128 0 0 10018
0 128 0 0 10018
0 128 0 0 10018
0 128 0 0 10018
0 128 0 0 10018
0 128 0 0 10018
0 128 0 0 10018
0 128 0 0 10018
0 128 0 0 10018
0 128 0 0 10018
0 128 0 0 10018
0 128 0 0 10018
0 128 0 0 10018
0 128 0 0 10018
0 128 0 0 10018
0 128 0 0 10018
0 128 0 0 10018
0 128 0 0 10018
0 128 0 0 10018
0 128 0 0 10018
0 128 0 0 10018
0 128 0 0 10018
0 128 0 0 10018
0 128 0 0 10018
0 128 0 0 10018
0 128 0 0 10018
0 128 0 0 10018
0 128 0 0 10018
0 128 0 0 10018
0 128 0 0 10018
0 128 0 0 10018
0 128 0 0 10018
0 128 0 0 10018
0 128 0 0 10018
0 128 0 0 10018
0 128 0 0 10018
0 128 0 0 10018
0 128 0 0 10018
0 128 0 0 10018
0 128 0 0 10018
0 128 0 0 10018
0 128 0 0 10018
0 128 0 0 10018
0 128 0 0 10018
0 128 0 0 10018
0 128 0 0 10018
0 128 0 0 10018
0 128 0 0 10018
0 128 0 0 10018
0 128 0 0 10018
0 128 0 0 10018
0 128 0 0 10018
0 128 0 0 10018
0 128 0 0 10018
0 128 0 0 10018
0 128 0 0 10018
0 128 0 0 10018
0 128 0 0 10018
0 128 0 0 10018
0 128 0 0 10018
0 128 0 0 10018
0 128 0 0 10018
0 128 0 0 10018
0 129 0 0 10018
0 130 0 0 10018
0 132 0 0 10018
0 133 0 0 10018
0 135 0 0 10018
0 138 0 0 10018
0 141 0 0 10018
0 144 0 0 10018
0 147 0 0 10018
0 151 0 0 10018
0 154 0 0 10018
0 159 0 0 10018
0 163 0 0 10018
0 168 0 0 10018
0 173 0 0 10018
0 178 0 0 10018
0 184 0 0 10018
0 189 0 0 10018
0 195 0 0 10018
0 201 0 0 10018
0 206 0 0 10018
0 212 0 0 10018
0 218 0 0 10018
0 224 0 0 10018
0 229 0 0 10018
0 234 0 0 10018
0 239 0 0 10018
0 243 0 0 10018
0 247 0 0 10018
0 250 0 0 10018
0 253 0 0 10018
0 255 0 0 10018
0 255 0 0 10018
0 255 0 0 10018
0 254 0 0 10018
0 252 0 0 10018
0 248 0 0 10018
0 243 0 0 10018
0 237 0 0 10018
0 230 0 0 10018
0 221 0 0 10018
0 211 0 0 10018
0 199 0 0 10018
0 187 0 0 10018
0 173 0 0 10018
0 159 0 0 10018
0 143 0 0 10018
0 128 0 0 10018
0 111 0 0 10018
0 95 0 0 10018
0 79 0 0 10018
0 64 0 0 10018
0 49 0 0 10018
0 36 0 0 10018
0 24 0 0 10018
0 14 0 0 10018
0 7 0 0 10018
0 2 0 0 10018
0 0 0 0 10018
0 0 0 0 10018
0 4 0 0 10018
0 11 0 0 10018
0 22 0 0 10018
0 35 0 0 10018
0 51 0 0 10018
0 69 0 0 10018
0 90 0 0 10018
0 111 0 0 10018
0 134 0 0 10018
0 157 0 0 10018
0 179 0 0 10018
0 200 0 0 10018
0 218 0 0 10018
0 233 0 0 10018
0 245 0 0 10018
0 253 0 0 10018
0 255 0 0 10018
0 253 0 0 10018
0 246 0 0 10018
0 233 0 0 10018
0 216 0 0 10018
0 195 0 0 10018
0 171 0 0 10018
0 144 0 0 10018
0 116 0 0 10018
0 89 0 0 10018
0 63 0 0 10018
0 40 0 0 10018
0 21 0 0 10018
0 8 0 0 10018
0 1 0 0 10018
0 0 0 0 10018
0 7 0 0 10018
0 21 0 0 10018
0 41 0 0 10018
0 66 0 0 10018
0 96 0 0 10018
0 127 0 0 10018
0 159 0 0 10018
0 190 0 0 10018
0 216 0 0 10018
0 237 0 0 10018
0 250 0 0 10018
0 255 0 0 10018
0 252 0 0 10018
0 239 0 0 10018
0 217 0 0 10018
0 189 0 0 10018
0 156 0 0 10018
0 120 0 0 10018
0 85 0 0 10018
0 53 0 0 10018
0 26 0 0 10018
0 8 0 0 10018
0 0 0 0 10018
0 3 0 0 10018
0 16 0 0 10018
0 40 0 0 10018
0 72 0 0 10018
0 109 0 0 10018
0 148 0 0 10018
0 186 0 0 10018
0 218 0 0 10018
0 242 0 0 10018
0 254 0 0 10018
0 254 0 0 10018
0 240 0 0 10018
0 215 0 0 10018
0 180 0 0 10018
0 140 0 0 10018
0 97 0 0 10018
0 58 0 0 10018
0 26 0 0 10018
0 6 0 0 10018
0 0 0 0 10018
0 8 0 0 10018
0 31 0 0 10018
0 66 0 0 10018
0 108 0 0 10018
0 154 0 0 10018
0 196 0 0 10018
0 230 0 0 10018
0 250 0 0 10018
0 255 0 0 10018
0 243 0 0 10018
0 215 0 0 10018
0 174 0 0 10018
0 128 0 0 10018
0 80 0 0 10018
0 39 0 0 10018
0 11 0 0 10018
0 0 0 0 10018
0 7 0 0 10018
0 33 0 0 10018
0 73 0 0 10018
0 122 0 0 10018
0 172 0 0 10018
0 215 0 0 10018
0 245 0 0 10018
0 255 0 0 10018
0 245 0 0 10018
0 216 0 0 10018
0 171 0 0 10018
0 118 0 0 10018
0 67 0 0 10018
0 26 0 0 10018
0 3 0 0 10018
0 2 0 0 10018
0 23 0 0 10018
0 64 0 0 10018
0 116 0 0 10018
0 171 0 0 10018
0 218 0 0 10018
0 248 0 0 10018
0 255 0 0 10018
0 237 0 0 10018
0 197 0 0 10018
0 144 0 0 10018
0 86 0 0 10018
0 37 0 0 10018
0 6 0 0 10018
0 1 0 0 10018
0 22 0 0 10018
0 65 0 0 10018
0 123 0 0 10018
0 181 0 0 10018
0 228 0 0 10018
0 253 0 0 10018
0 250 0 0 10018
0 219 0 0 10018
0 167 0 0 10018
0 106 0 0 10018
0 49 0 0 10018
0 11 0 0 10018
0 0 0 0 10018
0 20 0 0 10018
0 66 0 0 10018
0 127 0 0 10018
0 189 0 0 10018
0 236 0 0 10018
0 255 0 0 10018
0 242 0 0 10018
0 199 0 0 10018
0 138 0 0 10018
0 73 0 0 10018
0 23 0 0 10018
0 0 0 0 10018
0 12 0 0 10018
0 55 0 0 10018
0 118 0 0 10018
0 185 0 0 10018
0 235 0 0 10018
0 255 0 0 10018
0 239 0 0 10018
0 191 0 0 10018
0 124 0 0 10018
0 57 0 0 10018
0 12 0 0 10018
0 0 0 0 10018
0 27 0 0 10018
0 85 0 0 10018
0 156 0 0 10018
0 218 0 0 10018
0 252 0 0 10018
0 248 0 0 10018
0 205 0 0 10018
0 137 0 0 10018
0 66 0 0 10018
0 14 0 0 10018
0 0 0 0 10018
0 28 0 0 10018
0 89 0 0 10018
0 163 0 0 10018
0 226 0 0 10018
0 255 0 0 10018
0 240 0 0 10018
0 186 0 0 10018
0 111 0 0 10018
0 42 0 0 10018
0 3 0 0 10018
0 8 0 0 10018
0 57 0 0 10018
0 132 0 0 10018
0 205 0 0 10018
0 250 0 0 10018
0 249 0 0 10018
0 203 0 0 10018
0 127 0 0 10018
0 52 0 0 10018
0 6 0 0 10018
0 6 0 0 10018
0 54 0 0 10018
0 132 0 0 10018
0 207 0 0 10018
0 251 0 0 10018
0 246 0 0 10018
0 192 0 0 10018
0 111 0 0 10018
0 37 0 0 10018
0 1 0 0 10018
0 17 0 0 10018
0 80 0 0 10018
0 163 0 0 10018
0 232 0 0 10018
0 255 0 0 10018
0 224 0 0 10018
0 150 0 0 10018
0 66 0 0 10018
0 9 0 0 10018
0 5 0 0 10018
0 56 0 0 10018
0 140 0 0 10018
0 218 0 0 10018
0 255 0 0 10018
0 233 0 0 10018
0 162 0 0 10018
0 74 0 0 10018
0 12 0 0 10018
0 4 0 0 10018
0 55 0 0 10018
0 142 0 0 10018
0 221 0 0 10018
0 255 0 0 10018
0 227 0 0 10018
0 148 0 0 10018
0 60 0 0 10018
0 5 0 0 10018
0 12 0 0 10018
0 78 0 0 10018
0 169 0 0 10018
0 240 0 0 10018
0 252 0 0 10018
0 199 0 0 10018
0 109 0 0 10018
0 28 0 0 10018
0 0 0 0 10018
0 40 0 0 10018
0 127 0 0 10018
0 215 0 0 10018
0 255 0 0 10018
0 225 0 0 10018
0 141 0 0 10018
0 49 0 0 10018
0 1 0 0 10018
0 24 0 0 10018
0 106 0 0 10018
0 200 0 0 10018
0 253 0 0 10018
0 234 0 0 10018
0 152 0 0 10018
0 56 0 0 10018
0 2 0 0 10018
0 22 0 0 10018
0 104 0 0 10018
0 201 0 0 10018
0 254 0 0 10018
0 230 0 0 10018
0 144 0 0 10018
0 47 0 0 10018
0 0 0 0 10018
0 32 0 0 10018
0 124 0 0 10018
0 218 0 0 10018
0 255 0 0 10018
0 212 0 0 10018
0 114 0 0 10018
0 25 0 0 10018
0 2 0 0 10018
0 60 0 0 10018
0 163 0 0 10018
0 243 0 0 10018
0 246 0 0 10018
0 171 0 0 10018
0 66 0 0 10018
0 3 0 0 10018
0 23 0 0 10018
0 115 0 0 10018
0 215 0 0 10018
0 255 0 0 10018
0 207 0 0 10018
0 104 0 0 10018
0 16 0 0 10018
0 7 0 0 10018
0 83 0 0 10018
0 190 0 0 10018
0 253 0 0 10018
0 226 0 0 10018
0 128 0 0 10018
0 29 0 0 10018
0 2 0 0 10018
0 67 0 0 10018
0 177 0 0 10018
0 250 0 0 10018
0 232 0 0 10018
0 136 0 0 10018
0 33 0 0 10018
0 1 0 0 10018
0 66 0 0 10018
0 178 0 0 10018
0 251 0 0 10018
0 229 0 0 10018
0 128 0 0 10018
0 26 0 0 10018
0 4 0 0 10018
0 79 0 0 10018
0 193 0 0 10018
0 255 0 0 10018
0 215 0 0 10018
0 105 0 0 10018
0 13 0 0 10018
0 14 0 0 10018
0 108 0 0 10018
0 218 0 0 10018
0 254 0 0 10018
0 185 0 0 10018
0 68 0 0 10018
0 1 0 0 10018
0 40 0 0 10018
0 153 0 0 10018
0 245 0 0 10018
0 237 0 0 10018
0 135 0 0 10018
0 26 0 0 10018
0 6 0 0 10018
0 91 0 0 10018
0 208 0 0 10018
0 255 0 0 10018
0 189 0 0 10018
0 69 0 0 10018
0 0 0 0 10018
0 46 0 0 10018
0 165 0 0 10018
0 250 0 0 10018
0 224 0 0 10018
0 110 0 0 10018
0 11 0 0 10018
0 20 0 0 10018
0 128 0 0 10018
0 128 0 0 10018
0 128 0 0 10018
0 128 0 0 10018
0 128 0 0 10018
0 128 0 0 10018
0 128 0 0 10018
0 128 0 0 10018
0 128 0 0 10018
0 128 0 0 10018
0 128 0 0 10018
0 128 0 0 10018
0 128 0 0 10018
0 128 0 0 10018
0 128 0 0 10018
0 128 0 0 10018
0 128 0 0 10018
0 128 0 0 10018
0 128 0 0 10018
0 128 0 0 10018
0 128 0 0 10018
0 128 0 0 10018
0 128 0 0 10018
0 128 0 0 10018
0 128 0 0 10018
0 128 0 0 10018
0 128 0 0 10018
0 128 0 0 10018
0 128 0 0 10018
0 128 0 0 10018
0 128 0 0 10018
0 128 0 0 10018
0 128 0 0 10018
0 128 0 0 10018
0 128 0 0 10018
0 128 0 0 10018
0 128 0 0 10018
0 128 0 0 10018
0 128 0 0 10018
0 128 0 0 10018
0 128 0 0 10018
0 128 0 0 10018
0 128 0 0 10018
0 128 0 0 10018
0 128 0 0 10018
0 128 0 0 10018
0 128 0 0 10018
0 128 0 0 10018
0 128 0 0 10018
0 128 0 0 10018
0 128 0 0 10018
0 128 0 0 10018
0 128 0 0 10018
0 128 0 0 10018
0 128 0 0 10018
0 128 0 0 10018
0 128 0 0 10018
0 128 0 0 10018
0 128 0 0 10018
0 128 0 0 10018
0 128 0 0 10018
0 128 0 0 10018
0 128 0 0 10018
0 128 0 0 10018
0 128 0 0 10018
0 128 0 0 10018
0 128 0 0 10018
0 128 0 0 10018
0 128 0 0 10018
0 128 0 0 10018
0 128 0 0 10018
0 128 0 0 10018
0 128 0 0 10018
0 128 0 0 10018
0 128 0 0 10018
0 128 0 0 10018
0 128 0 0 10018
0 128 0 0 10018
0 128 0 0 10018
0 128 0 0 10018
0 128 0 0 10018
0 128 0 0 10018
0 128 0 0 10018
0 128 0 0 10018
0 128 0 0 10018
0 128 0 0 10018
0 128 0 0 10018
0 128 0 0 10018
0 128 0 0 10018
0 128 0 0 10018
0 128 0 0 10018
0 128 0 0 10018
0 128 0 0 10018
0 128 0 0 10018
0 128 0 0 10018
0 128 0 0 10018
0 128 0 0 10018
0 128 0 0 10018
0 128 0 0 10018
0 128 0 0 10018
0 128 0 0 10018
0 128 0 0 10018
0 128 0 0 10018
0 128 0 0 10018
0 129 0 0 10018
0 129 0 0 10018
0 129 0 0 10018
0 130 0 0 10018
0 130 0 0 10018
0 130 0 0 10018
0 129 0 0 10018
0 129 0 0 10018
0 128 0 0 10018
0 127 0 0 10018
0 126 0 0 10018
0 125 0 0 10018
0 124 0 0 10018
0 123 0 0 10018
0 122 0 0 10018
0 121 0 0 10018
0 121 0 0 10018
0 122 0 0 10018
0 123 0 0 10018
0 124 0 0 10018
0 126 0 0 10018
0 128 0 0 10018
0 130 0 0 10018
0 132 0 0 10018
0 134 0 0 10018
0 135 0 0 10018
0 137 0 0 10018
0 137 0 0 10018
0 138 0 0 10018
0 137 0 0 10018
0 136 0 0 10018
0 134 0 0 10018
0 132 0 0 10018
0 129 0 0 10018
0 126 0 0 10018
0 123 0 0 10018
0 120 0 0 10018
0 117 0 0 10018
0 115 0 0 10018
0 114 0 0 10018
0 113 0 0 10018
0 114 0 0 10018
0 115 0 0 10018
0 117 0 0 10018
0 120 0 0 10018
0 124 0 0 10018
0 127 0 0 10018
0 132 0 0 10018
0 136 0 0 10018
0 139 0 0 10018
0 142 0 0 10018
0 144 0 0 10018
0 145 0 0 10018
0 145 0 0 10018
0 144 0 0 10018
0 142 0 0 10018
0 139 0 0 10018
0 135 0 0 10018
0 130 0 0 10018
0 125 0 0 10018
0 120 0 0 10018
0 115 0 0 10018
0 111 0 0 10018
0 108 0 0 10018
0 106 0 0 10018
0 105 0 0 10018
0 106 0 0 10018
0 108 0 0 10018
0 112 0 0 10018
0 116 0 0 10018
0 122 0 0 10018
0 127 0 0 10018
0 134 0 0 10018
0 139 0 0 10018
0 145 0 0 10018
0 149 0 0 10018
0 152 0 0 10018
0 153 0 0 10018
0 153 0 0 10018
0 152 0 0 10018
0 148 0 0 10018
0 143 0 0 10018
0 138 0 0 10018
0 131 0 0 10018
0 124 0 0 10018
0 117 0 0 10018
0 111 0 0 10018
0 105 0 0 10018
0 101 0 0 10018
0 98 0 0 10018
0 97 0 0 10018
0 99 0 0 10018
0 102 0 0 10018
0 106 0 0 10018
0 112 0 0 10018
0 120 0 0 10018
0 127 0 0 10018
0 136 0 0 10018
0 143 0 0 10018
0 150 0 0 10018
0 156 0 0 10018
0 159 0 0 10018
0 161 0 0 10018
0 161 0 0 10018
0 159 0 0 10018
0 154 0 0 10018
0 148 0 0 10018
0 141 0 0 10018
0 132 0 0 10018
0 123 0 0 10018
0 114 0 0 10018
0 106 0 0 10018
0 99 0 0 10018
0 94 0 0 10018
0 90 0 0 10018
0 89 0 0 10018
0 91 0 0 10018
0 95 0 0 10018
0 101 0 0 10018
0 109 0 0 10018
0 118 0 0 10018
0 127 0 0 10018
0 138 0 0 10018
0 147 0 0 10018
0 156 0 0 10018
0 162 0 0 10018
0 167 0 0 10018
0 169 0 0 10018
0 169 0 0 10018
0 166 0 0 10018
0 161 0 0 10018
0 153 0 0 10018
0 144 0 0 10018
0 133 0 0 10018
0 122 0 0 10018
0 111 0 0 10018
0 101 0 0 10018
0 93 0 0 10018
0 86 0 0 10018
0 83 0 0 10018
0 82 0 0 10018
0 83 0 0 10018
0 88 0 0 10018
0 95 0 0 10018
0 105 0 0 10018
0 116 0 0 10018
0 127 0 0 10018
0 140 0 0 10018
0 151 0 0 10018
0 161 0 0 10018
0 169 0 0 10018
0 175 0 0 10018
0 177 0 0 10018
0 177 0 0 10018
0 173 0 0 10018
0 167 0 0 10018
0 158 0 0 10018
0 146 0 0 10018
0 134 0 0 10018
0 121 0 0 10018
0 108 0 0 10018
0 96 0 0 10018
0 87 0 0 10018
0 79 0 0 10018
0 75 0 0 10018
0 74 0 0 10018
0 76 0 0 10018
0 81 0 0 10018
0 90 0 0 10018
0 101 0 0 10018
0 114 0 0 10018
0 127 0 0 10018
0 142 0 0 10018
0 155 0 0 10018
0 166 0 0 10018
0 176 0 0 10018
0 182 0 0 10018
0 185 0 0 10018
0 185 0 0 10018
0 180 0 0 10018
0 173 0 0 10018
0 162 0 0 10018
0 149 0 0 10018
0 135 0 0 10018
0 120 0 0 10018
0 105 0 0 10018
0 92 0 0 10018
0 80 0 0 10018
0 72 0 0 10018
0 67 0 0 10018
0 66 0 0 10018
0 68 0 0 10018
0 75 0 0 10018
0 84 0 0 10018
0 97 0 0 10018
0 112 0 0 10018
0 127 0 0 10018
0 143 0 0 10018
0 159 0 0 10018
0 172 0 0 10018
0 183 0 0 10018
0 190 0 0 10018
0 193 0 0 10018
0 193 0 0 10018
0 188 0 0 10018
0 179 0 0 10018
0 167 0 0 10018
0 152 0 0 10018
0 136 0 0 10018
0 119 0 0 10018
0 102 0 0 10018
0 87 0 0 10018
0 74 0 0 10018
0 65 0 0 10018
0 59 0 0 10018
0 58 0 0 10018
0 61 0 0 10018
0 68 0 0 10018
0 79 0 0 10018
0 93 0 0 10018
0 110 0 0 10018
0 127 0 0 10018
0 145 0 0 10018
0 162 0 0 10018
0 177 0 0 10018
0 189 0 0 10018
0 197 0 0 10018
0 201 0 0 10018
0 200 0 0 10018
0 195 0 0 10018
0 185 0 0 10018
0 172 0 0 10018
0 155 0 0 10018
0 137 0 0 10018
0 118 0 0 10018
0 99 0 0 10018
0 82 0 0 10018
0 68 0 0 10018
0 57 0 0 10018
0 51 0 0 10018
0 50 0 0 10018
0 53 0 0 10018
0 61 0 0 10018
0 73 0 0 10018
0 89 0 0 10018
0 108 0 0 10018
0 127 0 0 10018
0 147 0 0 10018
0 166 0 0 10018
0 183 0 0 10018
0 196 0 0 10018
0 205 0 0 10018
0 209 0 0 10018
0 208 0 0 10018
0 202 0 0 10018
0 191 0 0 10018
0 176 0 0 10018
0 158 0 0 10018
0 138 0 0 10018
0 117 0 0 10018
0 96 0 0 10018
0 78 0 0 10018
0 62 0 0 10018
0 50 0 0 10018
0 43 0 0 10018
0 42 0 0 10018
0 45 0 0 10018
0 54 0 0 10018
0 68 0 0 10018
0 85 0 0 10018
0 106 0 0 10018
0 127 0 0 10018
0 149 0 0 10018
0 170 0 0 10018
0 188 0 0 10018
0 203 0 0 10018
0 213 0 0 10018
0 217 0 0 10018
0 216 0 0 10018
0 209 0 0 10018
0 198 0 0 10018
0 181 0 0 10018
0 161 0 0 10018
0 139 0 0 10018
0 116 0 0 10018
0 93 0 0 10018
0 73 0 0 10018
0 56 0 0 10018
0 43 0 0 10018
0 35 0 0 10018
0 34 0 0 10018
0 38 0 0 10018
0 48 0 0 10018
0 62 0 0 10018
0 82 0 0 10018
0 104 0 0 10018
0 127 0 0 10018
0 151 0 0 10018
0 174 0 0 10018
0 194 0 0 10018
0 210 0 0 10018
0 220 0 0 10018
0 225 0 0 10018
0 224 0 0 10018
0 217 0 0 10018
0 204 0 0 10018
0 186 0 0 10018
0 164 0 0 10018
0 140 0 0 10018
0 115 0 0 10018
0 91 0 0 10018
0 68 0 0 10018
0 50 0 0 10018
0 36 0 0 10018
0 28 0 0 10018
0 26 0 0 10018
0 30 0 0 10018
0 41 0 0 10018
0 57 0 0 10018
0 78 0 0 10018
0 102 0 0 10018
0 128 0 0 10018
0 153 0 0 10018
0 178 0 0 10018
0 199 0 0 10018
0 216 0 0 10018
0 228 0 0 10018
0 233 0 0 10018
0 232 0 0 10018
0 224 0 0 10018
0 210 0 0 10018
0 191 0 0 10018
0 167 0 0 10018
0 141 0 0 10018
0 114 0 0 10018
0 88 0 0 10018
0 64 0 0 10018
0 43 0 0 10018
0 28 0 0 10018
0 20 0 0 10018
0 18 0 0 10018
0 23 0 0 10018
0 34 0 0 10018
0 51 0 0 10018
0 74 0 0 10018
0 100 0 0 10018
0 127 0 0 10018
0 155 0 0 10018
0 182 0 0 10018
0 205 0 0 10018
0 223 0 0 10018
0 236 0 0 10018
0 241 0 0 10018
0 240 0 0 10018
0 231 0 0 10018
0 216 0 0 10018
0 195 0 0 10018
0 170 0 0 10018
0 142 0 0 10018
0 113 0 0 10018
0 85 0 0 10018
0 59 0 0 10018
0 37 0 0 10018
0 21 0 0 10018
0 12 0 0 10018
0 10 0 0 10018
0 15 0 0 10018
0 27 0 0 10018
0 46 0 0 10018
0 70 0 0 10018
0 98 0 0 10018
0 127 0 0 10018
0 157 0 0 10018
0 186 0 0 10018
0 210 0 0 10018
0 230 0 0 10018
0 243 0 0 10018
0 249 0 0 10018
0 248 0 0 10018
0 238 0 0 10018
0 222 0 0 10018
0 200 0 0 10018
0 173 0 0 10018
0 143 0 0 10018
0 112 0 0 10018
0 82 0 0 10018
0 54 0 0 10018
0 31 0 0 10018
0 14 0 0 10018
0 4 0 0 10018
0 2 0 0 10018
0 7 0 0 10018
0 21 0 0 10018
0 41 0 0 10018
0 66 0 0 10018
0 96 0 0 10018
0 128 0 0 10018
0 128 0 0 10018
0 128 0 0 10018
0 128 0 0 10018
0 128 0 0 10018
0 128 0 0 10018
0 128 0 0 10018
0 128 0 0 10018
0 128 0 0 10018
0 128 0 0 10018
0 128 0 0 10018
0 128 0 0 10018
0 128 0 0 10018
0 128 0 0 10018
0 128 0 0 10018
0 128 0 0 10018
0 128 0 0 10018
0 128 0 0 10018
0 128 0 0 10018
0 128 0 0 10018
0 128 0 0 10018
0 128 0 0 10018
0 128 0 0 10018
0 128 0 0 10018
0 128 0 0 10018
0 128 0 0 10018
0 128 0 0 10018
0 128 0 0 10018
0 128 0 0 10018
0 128 0 0 10018
0 128 0 0 10018
0 128 0 0 10018
0 128 0 0 10018
0 128 0 0 10018
0 128 0 0 10018
0 128 0 0 10018
0 128 0 0 10018
0 128 0 0 10018
0 128 0 0 10018
0 128 0 0 10018
0 128 0 0 10018
0 128 0 0 10018
0 128 0 0 10018
0 128 0 0 10018
0 128 0 0 10018
0 128 0 0 10018
0 128 0 0 10018
0 128 0 0 10018
0 128 0 0 10018
0 128 0 0 10018
0 128 0 0 10018
0 128 0 0 10018
0 128 0 0 10018
0 128 0 0 10018
0 128 0 0 10018
0 128 0 0 10018
0 128 0 0 10018
0 128 0 0 10018
0 128 0 0 10018
0 128 0 0 10018
0 128 0 0 10018
0 128 0 0 10018
0 128 0 0 10018
0 128 0 0 10018
0 128 0 0 10018
0 128 0 0 10018
0 128 0 0 10018
0 128 0 0 10018
0 128 0 0 10018
0 128 0 0 10018
0 128 0 0 10018
0 128 0 0 10018
0 128 0 0 10018
0 128 0 0 10018
0 128 0 0 10018
0 128 0 0 10018
0 128 0 0 10018
0 128 0 0 10018
0 128 0 0 10018
0 128 0 0 10018
0 128 0 0 10018
0 128 0 0 10018
0 128 0 0 10018
0 128 0 0 10018
0 128 0 0 10018
0 128 0 0 10018
0 128 0 0 10018
0 128 0 0 10018
0 128 0 0 10018
0 128 0 0 10018
0 128 0 0 10018
0 128 0 0 10018
0 128 0 0 10018
0 128 0 0 10018
0 128 0 0 10018
0 128 0 0 10018
0 128 0 0 10018
0 128 0 0 10018
0 128 0 0 10018
0 128 0 0 10018
0 0 0 0 10018
0 0 0 0 10019
0 0 0 0 10019
0 0 0 0 10019
0 0 0 0 10019
0 0 0 0 10019
0 0 0 0 10019
0 0 0 0 10019
0 0 0 0 10019
0 0 0 0 10019
0 0 0 0 10019
0 0 0 0 10019
0 0 0 0 10019
0 0 0 0 10019
0 0 0 0 10019
0 0 0 0 10019
0 0 0 0 10019
0 0 0 0 10019
0 0 0 0 10019
0 0 0 0 10019
0 0 0 0 10019
0 0 0 0 10019
0 0 0 0 10019
0 0 0 0 10019
0 0 0 0 10019
0 0 0 0 10019
0 0 0 0 10019
0 0 0 0 10019
0 0 0 0 10019
0 0 0 0 10019
0 0 0 0 10019
0 0 0 0 10019
0 0 0 0 10019
0 0 0 0 10019
0 0 0 0 10019
0 0 0 0 10019
0 0 0 0 10019
0 0 0 0 10019
0 0 0 0 10019
0 0 0 0 10019
0 0 0 0 10019
0 0 0 0 10019
0 0 0 0 10019
0 0 0 0 10019
0 0 0 0 10019
0 0 0 0 10019
0 0 0 0 10019
0 0 0 0 10019
0 0 0 0 10019
0 0 0 0 10019
0 0 0 0 10019
0 0 0 0 10019
0 0 0 0 10019
0 0 0 0 10019
0 0 0 0 10019
0 0 0 0 10019
0 0 0 0 10019
0 0 0 0 10019
0 0 0 0 10019
0 0 0 0 10019
0 0 0 0 10019
0 0 0 0 10019
0 0 0 0 10019
0 0 0 0 10019
0 0 0 0 10019
0 0 0 0 10019
0 0 0 0 10019
0 0 0 0 10019
0 0 0 0 10019
0 0 0 0 10019
0 0 0 0 10019
0 0 0 0 10019
0 0 0 0 10019
0 0 0 0 10019
0 0 0 0 10019
0 0 0 0 10019
0 0 0 0 10019
0 0 0 0 10019
0 0 0 0 10019
0 0 0 0 10019
0 0 0 0 10019
0 0 0 0 10019
0 0 0 0 10019
0 0 0 0 10019
0 0 0 0 10019
0 0 0 0 10019
0 0 0 0 10019
0 0 0 0 10019
0 0 0 0 10019
0 0 0 0 10019
0 0 0 0 10019
0 0 0 0 10019
0 0 0 0 10019
0 0 0 0 10019
0 0 0 0 10019
0 0 0 0 10019
0 0 0 0 10019
0 0 0 0 10019
0 0 0 0 10019
0 0 0 0 10019
0 0 0 0 10019
0 0 0 0 10019
0 0 0 0 10019
0 0 0 0 10019
0 0 0 0 10019
0 0 0 0 10019
0 0 0 0 10019
0 0 0 0 10019
0 0 0 0 10019
0 0 0 0 10019
0 0 0 0 10019
0 0 0 0 10019
0 0 0 0 10019
0 0 0 0 10019
0 0 0 0 10019
0 0 0 0 10019
0 0 0 0 10019
0 0 0 0 10019
0 0 0 0 10019
0 0 0 0 10019
0 0 0 0 10019
0 0 0 0 10019
0 0 0 0 10019
0 0 0 0 10019
0 0 0 0 10019
0 0 0 0 10019
0 0 0 0 10019
0 0 0 0 10019
0 0 0 0 10019
0 0 0 0 10019
0 0 0 0 10019
0 0 0 0 10019
0 0 0 0 10019
0 0 0 0 10019
0 0 0 0 10019
0 0 0 0 10019
0 0 0 0 10019
0 0 0 0 10019
0 0 0 0 10019
0 0 0 0 10019
0 0 0 0 10019
0 0 0 0 10019
0 0 0 0 10019
0 0 0 0 10019
0 0 0 0 10019
0 0 0 0 10019
0 0 0 0 10019
0 0 0 0 10019
0 0 0 0 10019
0 0 0 0 10019
0 0 0 0 10019
0 0 0 0 10019
0 0 0 0 10019
0 0 0 0 10019
0 0 0 0 10019
0 0 0 0 10019
0 0 0 0 10019
0 0 0 0 10019
0 0 0 0 10019
0 0 0 0 10019
0 0 0 0 10019
0 0 0 0 10019
0 0 0 0 10019
0 0 0 0 10019
0 0 0 0 10019
0 0 0 0 10019
0 0 0 0 10019
0 0 0 0 10019
0 0 0 0 10019
0 0 0 0 10019
0 0 0 0 10019
0 0 0 0 10019
0 0 0 0 10019
0 0 0 0 10019
0 0 0 0 10019
0 0 0 0 10019
0 0 0 0 10019
0 0 0 0 10019
0 0 0 0 10019
0 0 0 0 10019
0 0 0 0 10019
0 0 0 0 10019
0 0 0 0 10019
0 0 0 0 10019
0 0 0 0 10019
0 0 0 0 10019
0 0 0 0 10019
0 0 0 0 10019
0 0 0 0 10019
0 0 0 0 10019
0 0 0 0 10019
0 0 0 0 10019
0 0 0 0 10019
0 0 0 0 10019
0 0 0 0 10019
0 0 0 0 10019
0 0 0 0 10019
0 0 0 0 10019
0 0 0 0 10019
0 0 0 0 10019
0 255 0 0 10019
0 255 0 0 10019
0 255 0 0 10019
0 255 0 0 10019
0 255 0 0 10019
0 255 0 0 10019
0 255 0 0 10019
0 255 0 0 10019
0 255 0 0 10019
0 255 0 0 10019
0 255 0 0 10019
0 255 0 0 10019
0 255 0 0 10019
0 255 0 0 10019
0 255 0 0 10019
0 255 0 0 10019
0 255 0 0 10019
0 255 0 0 10019
0 255 0 0 10019
0 255 0 0 10019
0 255 0 0 10019
0 255 0 0 10019
0 255 0 0 10019
0 255 0 0 10019
0 255 0 0 10019
0 255 0 0 10019
0 255 0 0 10019
0 255 0 0 10019
0 255 0 0 10019
0 255 0 0 10019
0 255 0 0 10019
0 255 0 0 10019
0 255 0 0 10019
0 255 0 0 10019
0 255 0 0 10019
0 255 0 0 10019
0 255 0 0 10019
0 255 0 0 10019
0 255 0 0 10019
0 255 0 0 10019
0 255 0 0 10019
0 255 0 0 10019
0 255 0 0 10019
0 255 0 0 10019
0 255 0 0 10019
0 255 0 0 10019
0 255 0 0 10019
0 255 0 0 10019
0 255 0 0 10019
0 255 0 0 10019
0 255 0 0 10019
0 255 0 0 10019
0 255 0 0 10019
0 255 0 0 10019
0 255 0 0 10019
0 255 0 0 10019
0 255 0 0 10019
0 255 0 0 10019
0 255 0 0 10019
0 255 0 0 10019
0 255 0 0 10019
0 255 0 0 10019
0 255 0 0 10019
0 255 0 0 10019
0 255 0 0 10019
0 255 0 0 10019
0 255 0 0 10019
0 255 0 0 10019
0 255 0 0 10019
0 255 0 0 10019
0 255 0 0 10019
0 255 0 0 10019
0 255 0 0 10019
0 255 0 0 10019
0 255 0 0 10019
0 255 0 0 10019
0 255 0 0 10019
0 255 0 0 10019
0 255 0 0 10019
0 255 0 0 10019
0 255 0 0 10019
0 255 0 0 10019
0 255 0 0 10019
0 255 0 0 10019
0 255 0 0 10019
0 255 0 0 10019
0 255 0 0 10019
0 255 0 0 10019
0 255 0 0 10019
0 255 0 0 10019
0 255 0 0 10019
0 255 0 0 10019
0 255 0 0 10019
0 255 0 0 10019
0 255 0 0 10019
0 255 0 0 10019
0 255 0 0 10019
0 255 0 0 10019
0 255 0 0 10019
0 255 0 0 10019
0 255 0 0 10019
0 255 0 0 10019
0 255 0 0 10019
0 255 0 0 10019
0 255 0 0 10019
0 255 0 0 10019
0 255 0 0 10019
0 255 0 0 10019
0 255 0 0 10019
0 255 0 0 10019
0 255 0 0 10019
0 255 0 0 10019
0 255 0 0 10019
0 255 0 0 10019
0 255 0 0 10019
0 255 0 0 10019
0 255 0 0 10019
0 255 0 0 10019
0 255 0 0 10019
0 255 0 0 10019
0 255 0 0 10019
0 255 0 0 10019
0 255 0 0 10019
0 255 0 0 10019
0 255 0 0 10019
0 255 0 0 10019
0 255 0 0 10019
0 255 0 0 10019
0 255 0 0 10019
0 255 0 0 10019
0 255 0 0 10019
0 255 0 0 10019
0 255 0 0 10019
0 255 0 0 10019
0 255 0 0 10019
0 255 0 0 10019
0 255 0 0 10019
0 255 0 0 10019
0 255 0 0 10019
0 255 0 0 10019
0 255 0 0 10019
0 255 0 0 10019
0 255 0 0 10019
0 255 0 0 10019
0 255 0 0 10019
0 255 0 0 10019
0 255 0 0 10019
0 255 0 0 10019
0 255 0 0 10019
0 255 0 0 10019
0 0 0 0 10019
0 0 0 0 10019
0 0 0 0 10019
0 0 0 0 10019
0 0 0 0 10019
0 0 0 0 10019
0 0 0 0 10019
0 0 0 0 10019
0 0 0 0 10019
0 0 0 0 10019
0 0 0 0 10019
0 0 0 0 10019
0 0 0 0 10019
0 0 0 0 10019
0 0 0 0 10019
0 0 0 0 10019
0 0 0 0 10019
0 0 0 0 10019
0 0 0 0 10019
0 0 0 0 10019
0 0 0 0 10019
0 0 0 0 10019
0 0 0 0 10019
0 0 0 0 10019
0 0 0 0 10019
0 0 0 0 10019
0 0 0 0 10019
0 0 0 0 10019
0 0 0 0 10019
0 0 0 0 10019
0 0 0 0 10019
0 0 0 0 10019
0 0 0 0 10019
0 0 0 0 10019
0 0 0 0 10019
0 0 0 0 10019
0 0 0 0 10019
0 0 0 0 10019
0 0 0 0 10019
0 0 0 0 10019
0 0 0 0 10019
0 0 0 0 10019
0 0 0 0 10019
0 0 0 0 10019
0 0 0 0 10019
0 0 0 0 10019
0 0 0 0 10019
0 0 0 0 10019
0 0 0 0 10019
0 0 0 0 10019
0 0 0 0 10019
0 0 0 0 10019
0 0 0 0 10019
0 0 0 0 10019
0 0 0 0 10019
0 0 0 0 10019
0 0 0 0 10019
0 0 0 0 10019
0 0 0 0 10019
0 0 0 0 10019
0 0 0 0 10019
0 0 0 0 10019
0 0 0 0 10019
0 0 0 0 10019
0 0 0 0 10019
0 0 0 0 10019
0 0 0 0 10019
0 0 0 0 10019
0 0 0 0 10019
0 0 0 0 10019
0 0 0 0 10019
0 0 0 0 10019
0 0 0 0 10019
0 0 0 0 10019
0 0 0 0 10019
0 0 0 0 10019
0 0 0 0 10019
0 0 0 0 10019
0 0 0 0 10019
0 0 0 0 10019
0 0 0 0 10019
0 0 0 0 10019
0 0 0 0 10019
0 0 0 0 10019
0 0 0 0 10019
0 0 0 0 10019
0 0 0 0 10019
0 0 0 0 10019
0 0 0 0 10019
0 0 0 0 10019
0 0 0 0 10019
0 0 0 0 10019
0 0 0 0 10019
0 0 0 0 10019
0 0 0 0 10019
0 0 0 0 10019
0 0 0 0 10019
0 0 0 0 10019
0 0 0 0 10019
0 0 0 0 10019
0 0 0 0 10019
0 0 0 0 10019
0 0 0 0 10019
0 0 0 0 10019
0 0 0 0 10019
0 0 0 0 10019
0 0 0 0 10019
0 0 0 0 10019
0 0 0 0 10019
0 0 0 0 10019
0 0 0 0 10019
0 0 0 0 10019
0 0 0 0 10019
0 0 0 0 10019
0 0 0 0 10019
0 0 0 0 10019
0 0 0 0 10019
0 0 0 0 10019
0 0 0 0 10019
0 0 0 0 10019
0 0 0 0 10019
0 0 0 0 10019
0 0 0 0 10019
0 0 0 0 10019
0 0 0 0 10019
0 0 0 0 10019
0 0 0 0 10019
0 0 0 0 10019
0 0 0 0 10019
0 0 0 0 10019
0 0 0 0 10019
0 0 0 0 10019
0 0 0 0 10019
0 0 0 0 10019
0 0 0 0 10019
0 0 0 0 10019
0 0 0 0 10019
0 0 0 0 10019
0 0 0 0 10019
0 0 0 0 10019
0 0 0 0 10019
0 0 0 0 10019
0 0 0 0 10019
0 0 0 0 10019
0 0 0 0 10019
0 0 0 0 10019
0 0 0 0 10019
0 0 0 0 10019
0 0 0 0 10019
0 0 0 0 10019
0 128 0 0 10019
0 128 0 0 10019
0 128 0 0 10019
0 128 0 0 10019
0 128 0 0 10019
0 128 0 0 10019
0 128 0 0 10019
0 128 0 0 10019
0 128 0 0 10019
0 128 0 0 10019
0 128 0 0 10019
0 128 0 0 10019
0 128 0 0 10019
0 128 0 0 10019
0 128 0 0 10019
0 128 0 0 10019
0 128 0 0 10019
0 128 0 0 10019
0 128 0 0 10019
0 128 0 0 10019
0 128 0 0 10019
0 128 0 0 10019
0 128 0 0 10019
0 128 0 0 10019
0 128 0 0 10019
0 128 0 0 10019
0 128 0 0 10019
0 128 0 0 10019
0 128 0 0 10019
0 128 0 0 10019
0 128 0 0 10019
0 128 0 0 10019
0 128 0 0 10019
0 128 0 0 10019
0 128 0 0 10019
0 128 0 0 10019
0 128 0 0 10019
0 128 0 0 10019
0 128 0 0 10019
0 128 0 0 10019
0 128 0 0 10019
0 128 0 0 10019
0 128 0 0 10019
0 128 0 0 10019
0 128 0 0 10019
0 128 0 0 10019
0 128 0 0 10019
0 128 0 0 10019
0 128 0 0 10019
0 128 0 0 10019
0 128 0 0 10019
0 128 0 0 10019
0 128 0 0 10019
0 128 0 0 10019
0 128 0 0 10019
0 128 0 0 10019
0 128 0 0 10019
0 128 0 0 10019
0 128 0 0 10019
0 128 0 0 10019
0 128 0 0 10019
0 128 0 0 10019
0 128 0 0 10019
0 128 0 0 10019
0 128 0 0 10019
0 128 0 0 10019
0 128 0 0 10019
0 128 0 0 10019
0 128 0 0 10019
0 128 0 0 10019
0 128 0 0 10019
0 128 0 0 10019
0 128 0 0 10019
0 128 0 0 10019
0 128 0 0 10019
0 128 0 0 10019
0 128 0 0 10019
0 128 0 0 10019
0 128 0 0 10019
0 128 0 0 10019
0 128 0 0 10019
0 128 0 0 10019
0 128 0 0 10019
0 128 0 0 10019
0 128 0 0 10019
0 128 0 0 10019
0 128 0 0 10019
0 128 0 0 10019
0 128 0 0 10019
0 128 0 0 10019
0 128 0 0 10019
0 128 0 0 10019
0 128 0 0 10019
0 128 0 0 10019
0 128 0 0 10019
0 128 0 0 10019
0 128 0 0 10019
0 128 0 0 10019
0 128 0 0 10019
0 128 0 0 10019
0 128 0 0 10019
0 128 0 0 10019
0 128 0 0 10019
0 129 0 0 10019
0 130 0 0 10019
0 132 0 0 10019
0 133 0 0 10019
0 135 0 0 10019
0 138 0 0 10019
0 141 0 0 10019
0 144 0 0 10019
0 147 0 0 10019
0 151 0 0 10019
0 154 0 0 10019
0 159 0 0 10019
0 163 0 0 10019
0 168 0 0 10019
0 173 0 0 10019
0 178 0 0 10019
0 184 0 0 10019
0 189 0 0 10019
0 195 0 0 10019
0 201 0 0 10019
0 206 0 0 10019
0 212 0 0 10019
0 218 0 0 10019
0 224 0 0 10019
0 229 0 0 10019
0 234 0 0 10019
0 239 0 0 10019
0 243 0 0 10019
0 247 0 0 10019
0 250 0 0 10019
0 253 0 0 10019
0 255 0 0 10019
0 255 0 0 10019
0 255 0 0 10019
0 254 0 0 10019
0 252 0 0 10019
0 248 0 0 10019
0 243 0 0 10019
0 237 0 0 10019
0 230 0 0 10019
0 221 0 0 10019
0 211 0 0 10019
0 199 0 0 10019
0 187 0 0 10019
0 173 0 0 10019
0 159 0 0 10019
0 143 0 0 10019
0 128 0 0 10019
0 111 0 0 10019
0 95 0 0 10019
0 79 0 0 10019
0 64 0 0 10019
0 49 0 0 10019
0 36 0 0 10019
0 24 0 0 10019
0 14 0 0 10019
0 7 0 0 10019
0 2 0 0 10019
0 0 0 0 10019
0 0 0 0 10019
0 4 0 0 10019
0 11 0 0 10019
0 22 0 0 10019
0 35 0 0 10019
0 51 0 0 10019
0 69 0 0 10019
0 90 0 0 10019
0 111 0 0 10019
0 134 0 0 10019
0 157 0 0 10019
0 179 0 0 10019
0 200 0 0 10019
0 218 0 0 10019
0 233 0 0 10019
0 245 0 0 10019
0 253 0 0 10019
0 255 0 0 10019
0 253 0 0 10019
0 246 0 0 10019
0 233 0 0 10019
0 216 0 0 10019
0 195 0 0 10019
0 171 0 0 10019
0 144 0 0 10019
0 116 0 0 10019
0 89 0 0 10019
0 63 0 0 10019
0 40 0 0 10019
0 21 0 0 10019
0 8 0 0 10019
0 1 0 0 10019
0 0 0 0 10019
0 7 0 0 10019
0 21 0 0 10019
0 41 0 0 10019
0 66 0 0 10019
0 96 0 0 10019
0 127 0 0 10019
0 159 0 0 10019
0 190 0 0 10019
0 216 0 0 10019
0 237 0 0 10019
0 250 0 0 10019
0 255 0 0 10019
0 252 0 0 10019
0 239 0 0 10019
0 217 0 0 10019
0 189 0 0 10019
0 156 0 0 10019
0 120 0 0 10019
0 85 0 0 10019
0 53 0 0 10019
0 26 0 0 10019
0 8 0 0 10019
0 0 0 0 10019
0 3 0 0 10019
0 16 0 0 10019
0 40 0 0 10019
0 72 0 0 10019
0 109 0 0 10019
0 148 0 0 10019
0 186 0 0 10019
0 218 0 0 10019
0 242 0 0 10019
0 254 0 0 10019
0 254 0 0 10019
0 240 0 0 10019
0 215 0 0 10019
0 180 0 0 10019
0 140 0 0 10019
0 97 0 0 10019
0 58 0 0 10019
0 26 0 0 10019
0 6 0 0 10019
0 0 0 0 10019
0 8 0 0 10019
0 31 0 0 10019
0 66 0 0 10019
0 108 0 0 10019
0 154 0 0 10019
0 196 0 0 10019
0 230 0 0 10019
0 250 0 0 10019
0 255 0 0 10019
0 243 0 0 10019
0 215 0 0 10019
0 174 0 0 10019
0 128 0 0 10019
0 80 0 0 10019
0 39 0 0 10019
0 11 0 0 10019
0 0 0 0 10019
0 7 0 0 10019
0 33 0 0 10019
0 73 0 0 10019
0 122 0 0 10019
0 172 0 0 10019
0 215 0 0 10019
0 245 0 0 10019
0 255 0 0 10019
0 245 0 0 10019
0 216 0 0 10019
0 171 0 0 10019
0 118 0 0 10019
0 67 0 0 10019
0 26 0 0 10019
0 3 0 0 10019
0 2 0 0 10019
0 23 0 0 10019
0 64 0 0 10019
0 116 0 0 10019
0 171 0 0 10019
0 218 0 0 10019
0 248 0 0 10019
0 255 0 0 10019
0 237 0 0 10019
0 197 0 0 10019
0 144 0 0 10019
0 86 0 0 10019
0 37 0 0 10019
0 6 0 0 10019
0 1 0 0 10019
0 22 0 0 10019
0 65 0 0 10019
0 123 0 0 10019
0 181 0 0 10019
0 228 0 0 10019
0 253 0 0 10019
0 250 0 0 10019
0 219 0 0 10019
0 167 0 0 10019
0 106 0 0 10019
0 49 0 0 10019
0 11 0 0 10019
0 0 0 0 10019
0 20 0 0 10019
0 66 0 0 10019
0 127 0 0 10019
0 189 0 0 10019
0 236 0 0 10019
0 255 0 0 10019
0 242 0 0 10019
0 199 0 0 10019
0 138 0 0 10019
0 73 0 0 10019
0 23 0 0 10019
0 0 0 0 10019
0 12 0 0 10019
0 55 0 0 10019
0 118 0 0 10019
0 185 0 0 10019
0 235 0 0 10019
0 255 0 0 10019
0 239 0 0 10019
0 191 0 0 10019
0 124 0 0 10019
0 57 0 0 10019
0 12 0 0 10019
0 0 0 0 10019
0 27 0 0 10019
0 85 0 0 10019
0 156 0 0 10019
0 218 0 0 10019
0 252 0 0 10019
0 248 0 0 10019
0 205 0 0 10019
0 137 0 0 10019
0 66 0 0 10019
0 14 0 0 10019
0 0 0 0 10019
0 28 0 0 10019
0 89 0 0 10019
0 163 0 0 10019
0 226 0 0 10019
0 255 0 0 10019
0 240 0 0 10019
0 186 0 0 10019
0 111 0 0 10019
0 42 0 0 10019
0 3 0 0 10019
0 8 0 0 10019
0 57 0 0 10019
0 132 0 0 10019
0 205 0 0 10019
0 250 0 0 10019
0 249 0 0 10019
0 203 0 0 10019
0 127 0 0 10019
0 52 0 0 10019
0 6 0 0 10019
0 6 0 0 10019
0 54 0 0 10019
0 132 0 0 10019
0 207 0 0 10019
0 251 0 0 10019
0 246 0 0 10019
0 192 0 0 10019
0 111 0 0 10019
0 37 0 0 10019
0 1 0 0 10019
0 17 0 0 10019
0 80 0 0 10019
0 163 0 0 10019
0 232 0 0 10019
0 255 0 0 10019
0 224 0 0 10019
0 150 0 0 10019
0 66 0 0 10019
0 9 0 0 10019
0 5 0 0 10019
0 56 0 0 10019
0 140 0 0 10019
0 218 0 0 10019
0 255 0 0 10019
0 233 0 0 10019
0 162 0 0 10019
0 74 0 0 10019
0 12 0 0 10019
0 4 0 0 10019
0 55 0 0 10019
0 142 0 0 10019
0 221 0 0 10019
0 255 0 0 10019
0 227 0 0 10019
0 148 0 0 10019
0 60 0 0 10019
0 5 0 0 10019
0 12 0 0 10019
0 78 0 0 10019
0 169 0 0 10019
0 240 0 0 10019
0 252 0 0 10019
0 199 0 0 10019
0 109 0 0 10019
0 28 0 0 10019
0 0 0 0 10019
0 40 0 0 10019
0 127 0 0 10019
0 215 0 0 10019
0 255 0 0 10019
0 225 0 0 10019
0 141 0 0 10019
0 49 0 0 10019
0 1 0 0 10019
0 24 0 0 10019
0 106 0 0 10019
0 200 0 0 10019
0 253 0 0 10019
0 234 0 0 10019
0 152 0 0 10019
0 56 0 0 10019
0 2 0 0 10019
0 22 0 0 10019
0 104 0 0 10019
0 201 0 0 10019
0 254 0 0 10019
0 230 0 0 10019
0 144 0 0 10019
0 47 0 0 10019
0 0 0 0 10019
0 32 0 0 10019
0 124 0 0 10019
0 218 0 0 10019
0 255 0 0 10019
0 212 0 0 10019
0 114 0 0 10019
0 25 0 0 10019
0 2 0 0 10019
0 60 0 0 10019
0 163 0 0 10019
0 243 0 0 10019
0 246 0 0 10019
0 171 0 0 10019
0 66 0 0 10019
0 3 0 0 10019
0 23 0 0 10019
0 115 0 0 10019
0 215 0 0 10019
0 255 0 0 10019
0 207 0 0 10019
0 104 0 0 10019
0 16 0 0 10019
0 7 0 0 10019
0 83 0 0 10019
0 190 0 0 10019
0 253 0 0 10019
0 226 0 0 10019
0 128 0 0 10019
0 29 0 0 10019
0 2 0 0 10019
0 67 0 0 10019
0 177 0 0 10019
0 250 0 0 10019
0 232 0 0 10019
0 136 0 0 10019
0 33 0 0 10019
0 1 0 0 10019
0 66 0 0 10019
0 178 0 0 10019
0 251 0 0 10019
0 229 0 0 10019
0 128 0 0 10019
0 26 0 0 10019
0 4 0 0 10019
0 79 0 0 10019
0 193 0 0 10019
0 255 0 0 10019
0 215 0 0 10019
0 105 0 0 10019
0 13 0 0 10019
0 14 0 0 10019
0 108 0 0 10019
0 218 0 0 10019
0 254 0 0 10019
0 185 0 0 10019
0 68 0 0 10019
0 1 0 0 10019
0 40 0 0 10019
0 153 0 0 10019
0 245 0 0 10019
0 237 0 0 10019
0 135 0 0 10019
0 26 0 0 10019
0 6 0 0 10019
0 91 0 0 10019
0 208 0 0 10019
0 255 0 0 10019
0 189 0 0 10019
0 69 0 0 10019
0 0 0 0 10019
0 46 0 0 10019
0 165 0 0 10019
0 250 0 0 10019
0 224 0 0 10019
0 110 0 0 10019
0 11 0 0 10019
0 20 0 0 10019
0 128 0 0 10019
0 128 0 0 10019
0 128 0 0 10019
0 128 0 0 10019
0 128 0 0 10019
0 128 0 0 10019
0 128 0 0 10019
0 128 0 0 10019
0 128 0 0 10019
0 128 0 0 10019
0 128 0 0 10019
0 128 0 0 10019
0 128 0 0 10019
0 128 0 0 10019
0 128 0 0 10019
0 128 0 0 10019
0 128 0 0 10019
0 128 0 0 10019
0 128 0 0 10019
0 128 0 0 10019
0 128 0 0 10019
0 128 0 0 10019
0 128 0 0 10019
0 128 0 0 10019
0 128 0 0 10019
0 128 0 0 10019
0 128 0 0 10019
0 128 0 0 10019
0 128 0 0 10019
0 128 0 0 10019
0 128 0 0 10019
0 128 0 0 10019
0 128 0 0 10019
0 128 0 0 10019
0 128 0 0 10019
0 128 0 0 10019
0 128 0 0 10019
0 128 0 0 10019
0 128 0 0 10019
0 128 0 0 10019
0 128 0 0 10019
0 128 0 0 10019
0 128 0 0 10019
0 128 0 0 10019
0 128 0 0 10019
0 128 0 0 10019
0 128 0 0 10019
0 128 0 0 10019
0 128 0 0 10019
0 128 0 0 10019
0 128 0 0 10019
0 128 0 0 10019
0 128 0 0 10019
0 128 0 0 10019
0 128 0 0 10019
0 128 0 0 10019
0 128 0 0 10019
0 128 0 0 10019
0 128 0 0 10019
0 128 0 0 10019
0 128 0 0 10019
0 128 0 0 10019
0 128 0 0 10019
0 128 0 0 10019
0 128 0 0 10019
0 128 0 0 10019
0 128 0 0 10019
0 128 0 0 10019
0 128 0 0 10019
0 128 0 0 10019
0 128 0 0 10019
0 128 0 0 10019
0 128 0 0 10019
0 128 0 0 10019
0 128 0 0 10019
0 128 0 0 10019
0 128 0 0 10019
0 128 0 0 10019
0 128 0 0 10019
0 128 0 0 10019
0 128 0 0 10019
0 128 0 0 10019
0 128 0 0 10019
0 128 0 0 10019
0 128 0 0 10019
0 128 0 0 10019
0 128 0 0 10019
0 128 0 0 10019
0 128 0 0 10019
0 128 0 0 10019
0 128 0 0 10019
0 128 0 0 10019
0 128 0 0 10019
0 128 0 0 10019
0 128 0 0 10019
0 128 0 0 10019
0 128 0 0 10019
0 128 0 0 10019
0 128 0 0 10019
0 128 0 0 10019
0 128 0 0 10019
0 128 0 0 10019
0 128 0 0 10019
0 128 0 0 10019
0 129 0 0 10019
0 129 0 0 10019
0 129 0 0 10019
0 130 0 0 10019
0 130 0 0 10019
0 130 0 0 10019
0 129 0 0 10019
0 129 0 0 10019
0 128 0 0 10019
0 127 0 0 10019
0 126 0 0 10019
0 125 0 0 10019
0 124 0 0 10019
0 123 0 0 10019
0 122 0 0 10019
0 121 0 0 10019
0 121 0 0 10019
0 122 0 0 10019
0 123 0 0 10019
0 124 0 0 10019
0 126 0 0 10019
0 128 0 0 10019
0 130 0 0 10019
0 132 0 0 10019
0 134 0 0 10019
0 135 0 0 10019
0 137 0 0 10019
0 137 0 0 10019
0 138 0 0 10019
0 137 0 0 10019
0 136 0 0 10019
0 134 0 0 10019
0 132 0 0 10019
0 129 0 0 10019
0 126 0 0 10019
0 123 0 0 10019
0 120 0 0 10019
0 117 0 0 10019
0 115 0 0 10019
0 114 0 0 10019
0 113 0 0 10019
0 114 0 0 10019
0 115 0 0 10019
0 117 0 0 10019
0 120 0 0 10019
0 124 0 0 10019
0 127 0 0 10019
0 132 0 0 10019
0 136 0 0 10019
0 139 0 0 10019
0 142 0 0 10019
0 144 0 0 10019
0 145 0 0 10019
0 145 0 0 10019
0 144 0 0 10019
0 142 0 0 10019
0 139 0 0 10019
0 135 0 0 10019
0 130 0 0 10019
0 125 0 0 10019
0 120 0 0 10019
0 115 0 0 10019
0 111 0 0 10019
0 108 0 0 10019
0 106 0 0 10019
0 105 0 0 10019
0 106 0 0 10019
0 108 0 0 10019
0 112 0 0 10019
0 116 0 0 10019
0 122 0 0 10019
0 127 0 0 10019
0 134 0 0 10019
0 139 0 0 10019
0 145 0 0 10019
0 149 0 0 10019
0 152 0 0 10019
0 153 0 0 10019
0 153 0 0 10019
0 152 0 0 10019
0 148 0 0 10019
0 143 0 0 10019
0 138 0 0 10019
0 131 0 0 10019
0 124 0 0 10019
0 117 0 0 10019
0 111 0 0 10019
0 105 0 0 10019
0 101 0 0 10019
0 98 0 0 10019
0 97 0 0 10019
0 99 0 0 10019
0 102 0 0 10019
0 106 0 0 10019
0 112 0 0 10019
0 120 0 0 10019
0 127 0 0 10019
0 136 0 0 10019
0 143 0 0 10019
0 150 0 0 10019
0 156 0 0 10019
0 159 0 0 10019
0 161 0 0 10019
0 161 0 0 10019
0 159 0 0 10019
0 154 0 0 10019
0 148 0 0 10019
0 141 0 0 10019
0 132 0 0 10019
0 123 0 0 10019
0 114 0 0 10019
0 106 0 0 10019
0 99 0 0 10019
0 94 0 0 10019
0 90 0 0 10019
0 89 0 0 10019
0 91 0 0 10019
0 95 0 0 10019
0 101 0 0 10019
0 109 0 0 10019
0 118 0 0 10019
0 127 0 0 10019
0 138 0 0 10019
0 147 0 0 10019
0 156 0 0 10019
0 162 0 0 10019
0 167 0 0 10019
0 169 0 0 10019
0 169 0 0 10019
0 166 0 0 10019
0 161 0 0 10019
0 153 0 0 10019
0 144 0 0 10019
0 133 0 0 10019
0 122 0 0 10019
0 111 0 0 10019
0 101 0 0 10019
0 93 0 0 10019
0 86 0 0 10019
0 83 0 0 10019
0 82 0 0 10019
0 83 0 0 10019
0 88 0 0 10019
0 95 0 0 10019
0 105 0 0 10019
0 116 0 0 10019
0 127 0 0 10019
0 140 0 0 10019
0 151 0 0 10019
0 161 0 0 10019
0 169 0 0 10019
0 175 0 0 10019
0 177 0 0 10019
0 177 0 0 10019
0 173 0 0 10019
0 167 0 0 10019
0 158 0 0 10019
0 146 0 0 10019
0 134 0 0 10019
0 121 0 0 10019
0 108 0 0 10019
0 96 0 0 10019
0 87 0 0 10019
0 79 0 0 10019
0 75 0 0 10019
0 74 0 0 10019
0 76 0 0 10019
0 81 0 0 10019
0 90 0 0 10019
0 101 0 0 10019
0 114 0 0 10019
0 127 0 0 10019
0 142 0 0 10019
0 155 0 0 10019
0 166 0 0 10019
0 176 0 0 10019
0 182 0 0 10019
0 185 0 0 10019
0 185 0 0 10019
0 180 0 0 10019
0 173 0 0 10019
0 162 0 0 10019
0 149 0 0 10019
0 135 0 0 10019
0 120 0 0 10019
0 105 0 0 10019
0 92 0 0 10019
0 80 0 0 10019
0 72 0 0 10019
0 67 0 0 10019
0 66 0 0 10019
0 68 0 0 10019
0 75 0 0 10019
0 84 0 0 10019
0 97 0 0 10019
0 112 0 0 10019
0 127 0 0 10019
0 143 0 0 10019
0 159 0 0 10019
0 172 0 0 10019
0 183 0 0 10019
0 190 0 0 10019
0 193 0 0 10019
0 193 0 0 10019
0 188 0 0 10019
0 179 0 0 10019
0 167 0 0 10019
0 152 0 0 10019
0 136 0 0 10019
0 119 0 0 10019
0 102 0 0 10019
0 87 0 0 10019
0 74 0 0 10019
0 65 0 0 10019
0 59 0 0 10019
0 58 0 0 10019
0 61 0 0 10019
0 68 0 0 10019
0 79 0 0 10019
0 93 0 0 10019
0 110 0 0 10019
0 127 0 0 10019
0 145 0 0 10019
0 162 0 0 10019
0 177 0 0 10019
0 189 0 0 10019
0 197 0 0 10019
0 201 0 0 10019
0 200 0 0 10019
0 195 0 0 10019
0 185 0 0 10019
0 172 0 0 10019
0 155 0 0 10019
0 137 0 0 10019
0 118 0 0 10019
0 99 0 0 10019
0 82 0 0 10019
0 68 0 0 10019
0 57 0 0 10019
0 51 0 0 10019
0 50 0 0 10019
0 53 0 0 10019
0 61 0 0 10019
0 73 0 0 10019
0 89 0 0 10019
0 108 0 0 10019
0 127 0 0 10019
0 147 0 0 10019
0 166 0 0 10019
0 183 0 0 10019
0 196 0 0 10019
0 205 0 0 10019
0 209 0 0 10019
0 208 0 0 10019
0 202 0 0 10019
0 191 0 0 10019
0 176 0 0 10019
0 158 0 0 10019
0 138 0 0 10019
0 117 0 0 10019
0 96 0 0 10019
0 78 0 0 10019
0 62 0 0 10019
0 50 0 0 10019
0 43 0 0 10019
0 42 0 0 10019
0 45 0 0 10019
0 54 0 0 10019
0 68 0 0 10019
0 85 0 0 10019
0 106 0 0 10019
0 127 0 0 10019
0 149 0 0 10019
0 170 0 0 10019
0 188 0 0 10019
0 203 0 0 10019
0 213 0 0 10019
0 217 0 0 10019
0 216 0 0 10019
0 209 0 0 10019
0 198 0 0 10019
0 181 0 0 10019
0 161 0 0 10019
0 139 0 0 10019
0 116 0 0 10019
0 93 0 0 10019
0 73 0 0 10019
0 56 0 0 10019
0 43 0 0 10019
0 35 0 0 10019
0 34 0 0 10019
0 38 0 0 10019
0 48 0 0 10019
0 62 0 0 10019
0 82 0 0 10019
0 104 0 0 10019
0 127 0 0 10019
0 151 0 0 10019
0 174 0 0 10019
0 194 0 0 10019
0 210 0 0 10019
0 220 0 0 10019
0 225 0 0 10019
0 224 0 0 10019
0 217 0 0 10019
0 204 0 0 10019
0 186 0 0 10019
0 164 0 0 10019
0 140 0 0 10019
0 115 0 0 10019
0 91 0 0 10019
0 68 0 0 10019
0 50 0 0 10019
0 36 0 0 10019
0 28 0 0 10019
0 26 0 0 10019
0 30 0 0 10019
0 41 0 0 10019
0 57 0 0 10019
0 78 0 0 10019
0 102 0 0 10019
0 128 0 0 10019
0 153 0 0 10019
0 178 0 0 10019
0 199 0 0 10019
0 216 0 0 10019
0 228 0 0 10019
0 233 0 0 10019
0 232 0 0 10019
0 224 0 0 10019
0 210 0 0 10019
0 191 0 0 10019
0 167 0 0 10019
0 141 0 0 10019
0 114 0 0 10019
0 88 0 0 10019
0 64 0 0 10019
0 43 0 0 10019
0 28 0 0 10019
0 20 0 0 10019
0 18 0 0 10019
0 23 0 0 10019
0 34 0 0 10019
0 51 0 0 10019
0 74 0 0 10019
0 100 0 0 10019
0 127 0 0 10019
0 155 0 0 10019
0 182 0 0 10019
0 205 0 0 10019
0 223 0 0 10019
0 236 0 0 10019
0 241 0 0 10019
0 240 0 0 10019
0 231 0 0 10019
0 216 0 0 10019
0 195 0 0 10019
0 170 0 0 10019
0 142 0 0 10019
0 113 0 0 10019
0 85 0 0 10019
0 59 0 0 10019
0 37 0 0 10019
0 21 0 0 10019
0 12 0 0 10019
0 10 0 0 10019
0 15 0 0 10019
0 27 0 0 10019
0 46 0 0 10019
0 70 0 0 10019
0 98 0 0 10019
0 127 0 0 10019
0 157 0 0 10019
0 186 0 0 10019
0 210 0 0 10019
0 230 0 0 10019
0 243 0 0 10019
0 249 0 0 10019
0 248 0 0 10019
0 238 0 0 10019
0 222 0 0 10019
0 200 0 0 10019
0 173 0 0 10019
0 143 0 0 10019
0 112 0 0 10019
0 82 0 0 10019
0 54 0 0 10019
0 31 0 0 10019
0 14 0 0 10019
0 4 0 0 10019
0 2 0 0 10019
0 7 0 0 10019
0 21 0 0 10019
0 41 0 0 10019
0 66 0 0 10019
0 96 0 0 10019
0 128 0 0 10019
0 128 0 0 10019
0 128 0 0 10019
0 128 0 0 10019
0 128 0 0 10019
0 128 0 0 10019
0 128 0 0 10019
0 128 0 0 10019
0 128 0 0 10019
0 128 0 0 10019
0 128 0 0 10019
0 128 0 0 10019
0 128 0 0 10019
0 128 0 0 10019
0 128 0 0 10019
0 128 0 0 10019
0 128 0 0 10019
0 128 0 0 10019
0 128 0 0 10019
0 128 0 0 10019
0 128 0 0 10019
0 128 0 0 10019
0 128 0 0 10019
0 128 0 0 10019
0 128 0 0 10019
0 128 0 0 10019
0 128 0 0 10019
0 128 0 0 10019
0 128 0 0 10019
0 128 0 0 10019
0 128 0 0 10019
0 128 0 0 10019
0 128 0 0 10019
0 128 0 0 10019
0 128 0 0 10019
0 128 0 0 10019
0 128 0 0 10019
0 128 0 0 10019
0 128 0 0 10019
0 128 0 0 10019
0 128 0 0 10019
0 128 0 0 10019
0 128 0 0 10019
0 128 0 0 10019
0 128 0 0 10019
0 128 0 0 10019
0 128 0 0 10019
0 128 0 0 10019
0 128 0 0 10019
0 128 0 0 10019
0 128 0 0 10019
0 128 0 0 10019
0 128 0 0 10019
0 128 0 0 10019
0 128 0 0 10019
0 128 0 0 10019
0 128 0 0 10019
0 128 0 0 10019
0 128 0 0 10019
0 128 0 0 10019
0 128 0 0 10019
0 128 0 0 10019
0 128 0 0 10019
0 128 0 0 10019
0 128 0 0 10019
0 128 0 0 10019
0 128 0 0 10019
0 128 0 0 10019
0 128 0 0 10019
0 128 0 0 10019
0 128 0 0 10019
0 128 0 0 10019
0 128 0 0 10019
0 128 0 0 10019
0 128 0 0 10019
0 128 0 0 10019
0 128 0 0 10019
0 128 0 0 10019
0 128 0 0 10019
0 128 0 0 10019
0 128 0 0 10019
0 128 0 0 10019
0 128 0 0 10019
0 128 0 0 10019
0 128 0 0 10019
0 128 0 0 10019
0 128 0 0 10019
0 128 0 0 10019
0 128 0 0 10019
0 128 0 0 10019
0 128 0 0 10019
0 128 0 0 10019
0 128 0 0 10019
0 128 0 0 10019
0 128 0 0 10019
0 128 0 0 10019
0 128 0 0 10019
0 128 0 0 10019
0 128 0 0 10019
0 128 0 0 10019
0 0 0 0 10019
0 0 0 0 0
0 0 0 0 0
0 0 0 0 0
0 0 0 0 0
0 0 0 0 0
0 0 0 0 0
0 0 0 0 0
0 0 0 0 0
0 0 0 0 0
0 0 0 0 0
0 0 0 0 0
0 0 0 0 0
0 0 0 0 0
0 0 0 0 0
0 0 0 0 0
0 0 0 0 0
0 0 0 0 0
0 0 0 0 0
0 0 0 0 0
0 0 0 0 0
0 0 0 0 0
0 0 0 0 0
0 0 0 0 0
0 0 0 0 0
0 0 0 0 0
0 0 0 0 0
0 0 0 0 0
0 0 0 0 0
0 0 0 0 0
0 0 0 0 0
0 0 0 0 0
0 0 0 0 0
0 0 0 0 0
0 0 0 0 0
0 0 0 0 0
0 0 0 0 0
0 0 0 0 0
0 0 0 0 0
0 0 0 0 0
0 0 0 0 0
0 0 0 0 0
0 0 0 0 0
0 0 0 0 0
0 0 0 0 0
0 0 0 0 0
0 0 0 0 0
0 0 0 0 0
0 0 0 0 0
0 0 0 0 0
0 0 0 0 0
0 0 0 0 0
0 0 0 0 0
0 0 0 0 0
0 0 0 0 0
0 0 0 0 0
0 0 0 0 0
0 0 0 0 0
0 0 0 0 0
0 0 0 0 0
0 0 0 0 0
0 0 0 0 0
0 0 0 0 0
0 0 0 0 0
0 0 0 0 0
0 0 0 0 0
0 0 0 0 0
0 0 0 0 0
0 0 0 0 0
0 0 0 0 0
0 0 0 0 0
0 0 0 0 0
0 0 0 0 0
0 0 0 0 0
0 0 0 0 0
0 0 0 0 0
0 0 0 0 0
0 0 0 0 0
0 0 0 0 0
0 0 0 0 0
0 0 0 0 0
0 0 0 0 0
0 0 0 0 0
0 0 0 0 0
0 0 0 0 0
0 0 0 0 0
0 0 0 0 0
0 0 0 0 0
0 0 0 0 0
0 0 0 0 0
0 0 0 0 0
0 0 0 0 0
0 0 0 0 0
0 0 0 0 0
0 0 0 0 0
0 0 0 0 0
0 0 0 0 0
0 0 0 0 0
0 0 0 0 0
0 0 0 0 0
